make,model,year,category,body_type,transmission,fuel_type,engine,mileage,seats,location,sale_price
Suzuki,Alto,2023,Economy,Hatchback,Manual,Petrol,1.0L,24624,4,Rawalpindi,1625000
Honda,Civic,2023,Sedan,Sedan,Automatic,Petrol,1.8L,39196,5,Peshawar,6015000
Honda,BR-V,2023,Family,SUV,Manual,Petrol,1.5L,35083,7,Faisalabad,4070000
Toyota,Yaris,2026,Sedan,Sedan,Manual,Petrol,1.5L,9780,5,Karachi,4855000
Honda,BR-V,2023,Family,SUV,Automatic,Petrol,1.5L,41318,7,Peshawar,4600000
Honda,Civic,2022,Sedan,Sedan,Manual,Petrol,1.8L,38416,5,Multan,5350000
Honda,BR-V,2018,Family,SUV,Automatic,Petrol,1.5L,91310,7,Multan,2470000
Toyota,Prius,2012,Hybrid,Hatchback,Manual,Hybrid,1.8L Hybrid,174082,5,Peshawar,1095000
Honda,Vezel,2019,Hybrid,SUV,Automatic,Hybrid,1.5L Hybrid,91779,5,Karachi,3765000
Honda,City,2023,Sedan,Sedan,Manual,Petrol,1.5L,30798,5,Rawalpindi,3670000
Honda,Civic,2012,Sedan,Sedan,Automatic,Petrol,1.5L Turbo,174870,5,Rawalpindi,1575000
Honda,City,2019,Sedan,Sedan,Manual,Petrol,1.5L,89540,5,Lahore,2280000
Toyota,Hilux,2026,Pickup,Pickup,Automatic,Diesel,2.4L,0,5,Quetta,10155000
KIA,Sportage,2026,SUV,SUV,Manual,Petrol,2.0L,1268,5,Islamabad,8940000
Toyota,Yaris,2022,Sedan,Sedan,Automatic,Petrol,1.3L,42767,5,Peshawar,2905000
Honda,City,2017,Sedan,Sedan,Automatic,Petrol,1.5L,118062,5,Karachi,1940000
Suzuki,Wagon R,2018,Hatchback,Hatchback,Automatic,Petrol,1.0L,64175,5,Multan,1055000
Toyota,Land Cruiser,2017,Luxury,SUV,Manual,Petrol,4.6L,113288,7,Rawalpindi,10275000
Honda,City,2014,Sedan,Sedan,Automatic,Petrol,1.5L,124187,5,Multan,1310000
Suzuki,Bolan,2020,Economy,Van,Automatic,Petrol,800cc,69386,8,Karachi,1045000
Suzuki,Mehran,2021,Economy,Hatchback,Manual,Petrol,800cc,72978,4,Multan,765000
Toyota,Yaris,2024,Sedan,Sedan,Automatic,Petrol,1.3L,34758,5,Peshawar,3930000
Suzuki,Mehran,2019,Economy,Hatchback,Manual,Petrol,800cc,69870,4,Lahore,680000
Toyota,Yaris,2022,Sedan,Sedan,Automatic,Petrol,1.5L,31050,5,Faisalabad,3335000
Suzuki,Alto,2013,Economy,Hatchback,Automatic,Petrol,660cc,156164,4,Rawalpindi,440000
Honda,Vezel,2017,Hybrid,SUV,Automatic,Hybrid,1.5L Hybrid,98610,5,Faisalabad,3070000
Toyota,Fortuner,2012,SUV,SUV,Manual,Diesel,2.8L,128941,7,Karachi,2675000
Honda,Civic,2022,Sedan,Sedan,Automatic,Petrol,1.8L,35524,5,Peshawar,5170000
Suzuki,Cultus,2019,Hatchback,Hatchback,Automatic,Petrol,1.0L,85580,5,Islamabad,1500000
Honda,Vezel,2022,Hybrid,SUV,Automatic,Hybrid,1.5L Hybrid,42517,5,Islamabad,5905000
Toyota,Fortuner,2012,SUV,SUV,Manual,Petrol,2.7L,202440,7,Karachi,2545000
KIA,Sportage,2019,SUV,SUV,Automatic,Petrol,2.0L,83016,5,Faisalabad,3950000
KIA,Sportage,2019,SUV,SUV,Manual,Petrol,2.0L,60197,5,Rawalpindi,4025000
Suzuki,Bolan,2006,Economy,Van,Automatic,Petrol,800cc,240195,8,Peshawar,300000
Suzuki,Bolan,2011,Economy,Van,Manual,Petrol,800cc,178577,8,Islamabad,345000
Daihatsu,Mira,2012,Economy,Hatchback,Automatic,Petrol,660cc,165121,4,Karachi,490000
Hyundai,Tucson,2024,SUV,SUV,Manual,Petrol,2.0L,30324,5,Rawalpindi,6525000
Suzuki,Wagon R,2024,Hatchback,Hatchback,Automatic,Petrol,1.0L,21592,5,Karachi,2450000
Suzuki,Cultus,2018,Hatchback,Hatchback,Manual,Petrol,1.0L,88578,5,Islamabad,1155000
Daihatsu,Mira,2020,Economy,Hatchback,Manual,Petrol,660cc,62964,4,Faisalabad,1160000
Suzuki,Mehran,2026,Economy,Hatchback,Manual,Petrol,800cc,0,4,Karachi,1590000
Hyundai,Tucson,2025,SUV,SUV,Automatic,Petrol,2.0L,5673,5,Lahore,8160000
Suzuki,APV,2018,Van,Van,Manual,Petrol,1.5L,118296,8,Quetta,1535000
KIA,Sportage,2019,SUV,SUV,Manual,Petrol,2.0L,85630,5,Multan,2875000
Daihatsu,Mira,2022,Economy,Hatchback,Manual,Petrol,660cc,38024,4,Quetta,1490000
Suzuki,Cultus,2013,Hatchback,Hatchback,Automatic,Petrol,1.0L,157435,5,Peshawar,600000
Suzuki,Wagon R,2017,Hatchback,Hatchback,Automatic,Petrol,1.0L,102653,5,Rawalpindi,995000
Suzuki,Cultus,2024,Hatchback,Hatchback,Manual,Petrol,1.0L,28281,5,Lahore,2510000
Daihatsu,Mira,2018,Economy,Hatchback,Manual,Petrol,660cc,99019,4,Peshawar,985000
KIA,Sportage,2024,SUV,SUV,Automatic,Petrol,2.0L,12811,5,Faisalabad,7730000
Suzuki,Cultus,2010,Hatchback,Hatchback,Manual,Petrol,1.0L,217893,5,Multan,420000
Suzuki,Alto,2016,Economy,Hatchback,Manual,Petrol,1.0L,114789,4,Multan,650000
Toyota,Land Cruiser,2016,Luxury,SUV,Manual,Petrol,4.6L,117859,7,Peshawar,9555000
Toyota,Prius,2011,Hybrid,Hatchback,Automatic,Hybrid,1.8L Hybrid,201198,5,Karachi,895000
Toyota,Fortuner,2017,SUV,SUV,Automatic,Petrol,2.8L,113885,7,Karachi,5085000
Honda,City,2024,Sedan,Sedan,Automatic,Petrol,1.2L,32743,5,Rawalpindi,4655000
Toyota,Fortuner,2020,SUV,SUV,Automatic,Diesel,2.8L,71479,7,Multan,8090000
Toyota,Fortuner,2024,SUV,SUV,Manual,Petrol,2.8L,35308,7,Multan,10010000
Suzuki,Alto,2022,Economy,Hatchback,Manual,Petrol,660cc,62167,4,Karachi,1385000
Honda,Vezel,2026,Hybrid,SUV,Automatic,Hybrid,1.5L Hybrid,0,5,Quetta,8955000
Suzuki,Cultus,2019,Hatchback,Hatchback,Manual,Petrol,1.0L,87772,5,Rawalpindi,1295000
Toyota,Prius,2018,Hybrid,Hatchback,Manual,Hybrid,1.8L Hybrid,93634,5,Rawalpindi,2060000
Honda,Civic,2013,Sedan,Sedan,Automatic,Petrol,1.5L Turbo,151376,5,Multan,1725000
Honda,Civic,2025,Sedan,Sedan,Automatic,Petrol,1.8L,9524,5,Peshawar,7665000
Daihatsu,Mira,2012,Economy,Hatchback,Manual,Petrol,660cc,177226,4,Faisalabad,370000
Toyota,Yaris,2026,Sedan,Sedan,Manual,Petrol,1.5L,10631,5,Faisalabad,4930000
Toyota,Prius,2024,Hybrid,Hatchback,Automatic,Hybrid,1.8L Hybrid,29341,5,Quetta,4530000
Toyota,Prius,2020,Hybrid,Hatchback,Manual,Hybrid,1.8L Hybrid,70967,5,Faisalabad,2930000
Suzuki,Mehran,2026,Economy,Hatchback,Automatic,Petrol,800cc,4193,4,Rawalpindi,1690000
Toyota,Fortuner,2013,SUV,SUV,Manual,Diesel,2.7L,170573,7,Multan,2790000
Suzuki,Bolan,2018,Economy,Van,Manual,Petrol,800cc,96723,8,Lahore,830000
KIA,Sportage,2025,SUV,SUV,Automatic,Petrol,2.0L,10655,5,Lahore,8195000
Hyundai,Tucson,2021,SUV,SUV,Manual,Petrol,2.0L,38418,5,Lahore,4705000
Suzuki,Swift,2010,Hatchback,Hatchback,Manual,Petrol,1.3L,205460,5,Quetta,610000
Hyundai,Tucson,2023,SUV,SUV,Automatic,Petrol,2.0L,42828,5,Lahore,6690000
Toyota,Yaris,2021,Sedan,Sedan,Automatic,Petrol,1.5L,63743,5,Multan,2925000
Honda,Civic,2021,Sedan,Sedan,Manual,Petrol,1.8L,62511,5,Lahore,4135000
Toyota,Yaris,2021,Sedan,Sedan,Automatic,Petrol,1.3L,46742,5,Lahore,3030000
Suzuki,Bolan,2019,Economy,Van,Manual,Petrol,800cc,95124,8,Rawalpindi,830000
Suzuki,Cultus,2019,Hatchback,Hatchback,Manual,Petrol,1.0L,98770,5,Multan,1215000
Honda,City,2016,Sedan,Sedan,Automatic,Petrol,1.5L,122322,5,Rawalpindi,1715000
Toyota,Land Cruiser,2018,Luxury,SUV,Manual,Petrol,4.6L,93099,7,Faisalabad,11650000
Hyundai,Tucson,2024,SUV,SUV,Automatic,Petrol,2.0L,38618,5,Quetta,7365000
Suzuki,Mehran,2007,Economy,Hatchback,Manual,Petrol,800cc,214123,4,Faisalabad,245000
Toyota,Land Cruiser,2016,Luxury,SUV,Automatic,Petrol,3.5L,102921,7,Peshawar,11525000
Daihatsu,Mira,2018,Economy,Hatchback,Manual,Petrol,660cc,102515,4,Faisalabad,885000
KIA,Sportage,2021,SUV,SUV,Automatic,Petrol,2.0L,58938,5,Peshawar,4780000
Honda,Vezel,2014,Hybrid,SUV,Automatic,Hybrid,1.5L Hybrid,145928,5,Faisalabad,1675000
Suzuki,APV,2025,Van,Van,Manual,Petrol,1.5L,20668,8,Lahore,4155000
Suzuki,Swift,2020,Hatchback,Hatchback,Automatic,Petrol,1.3L,86471,5,Faisalabad,1850000
Toyota,Corolla,2016,Sedan,Sedan,Manual,Petrol,1.3L,116335,5,Karachi,1850000
Honda,Civic,2022,Sedan,Sedan,Automatic,Petrol,1.5L Turbo,51052,5,Rawalpindi,5720000
Suzuki,Wagon R,2026,Hatchback,Hatchback,Manual,Petrol,1.0L,0,5,Faisalabad,3115000
Honda,Vezel,2019,Hybrid,SUV,Automatic,Hybrid,1.5L Hybrid,99229,5,Peshawar,3330000
Honda,BR-V,2020,Family,SUV,Manual,Petrol,1.5L,63544,7,Karachi,3430000
Suzuki,Wagon R,2020,Hatchback,Hatchback,Manual,Petrol,1.0L,51429,5,Multan,1340000
Toyota,Prius,2024,Hybrid,Hatchback,Manual,Hybrid,1.8L Hybrid,21966,5,Multan,5010000
Honda,Civic,2017,Sedan,Sedan,Automatic,Petrol,1.8L,117650,5,Faisalabad,2810000
Honda,City,2024,Sedan,Sedan,Manual,Petrol,1.2L,13481,5,Faisalabad,4065000
Toyota,Hilux,2018,Pickup,Pickup,Automatic,Diesel,2.8L,97826,5,Faisalabad,3620000
Toyota,Corolla,2011,Sedan,Sedan,Automatic,Petrol,1.3L,171184,5,Islamabad,1115000
Toyota,Yaris,2022,Sedan,Sedan,Automatic,Petrol,1.3L,42374,5,Faisalabad,3295000
Honda,Civic,2026,Sedan,Sedan,Automatic,Petrol,1.8L,2907,5,Faisalabad,7520000
Suzuki,Bolan,2026,Economy,Van,Manual,Petrol,800cc,15978,8,Rawalpindi,1880000
KIA,Sportage,2024,SUV,SUV,Manual,Petrol,2.0L,19054,5,Faisalabad,6935000
Honda,Vezel,2023,Hybrid,SUV,Manual,Hybrid,1.5L Hybrid,18318,5,Multan,5910000
Suzuki,APV,2026,Van,Van,Manual,Petrol,1.5L,0,8,Rawalpindi,4740000
Suzuki,Alto,2023,Economy,Hatchback,Manual,Petrol,1.0L,37464,4,Lahore,1725000
Suzuki,Swift,2010,Hatchback,Hatchback,Automatic,Petrol,1.3L,169058,5,Quetta,565000
Suzuki,Mehran,2019,Economy,Hatchback,Manual,Petrol,800cc,76242,4,Peshawar,625000
Hyundai,Tucson,2021,SUV,SUV,Manual,Petrol,2.0L,62392,5,Karachi,4920000
KIA,Sportage,2023,SUV,SUV,Automatic,Petrol,2.0L,45048,5,Lahore,5605000
Toyota,Yaris,2025,Sedan,Sedan,Manual,Petrol,1.5L,0,5,Islamabad,4655000
Suzuki,Cultus,2014,Hatchback,Hatchback,Manual,Petrol,1.0L,158628,5,Peshawar,580000
Suzuki,Wagon R,2019,Hatchback,Hatchback,Manual,Petrol,1.0L,83106,5,Peshawar,1155000
Suzuki,Cultus,2019,Hatchback,Hatchback,Manual,Petrol,1.0L,67143,5,Peshawar,1190000
Honda,Civic,2015,Sedan,Sedan,Automatic,Petrol,1.5L Turbo,118486,5,Lahore,2265000
Toyota,Corolla,2013,Sedan,Sedan,Manual,Petrol,1.6L,136150,5,Quetta,1265000
Suzuki,APV,2017,Van,Van,Automatic,Petrol,1.5L,93253,8,Faisalabad,1475000
KIA,Sportage,2026,SUV,SUV,Automatic,Petrol,2.0L,2178,5,Quetta,8190000
Honda,Civic,2024,Sedan,Sedan,Automatic,Petrol,1.5L Turbo,34509,5,Karachi,7230000
Suzuki,Wagon R,2021,Hatchback,Hatchback,Automatic,Petrol,1.0L,74701,5,Peshawar,1450000
Suzuki,Bolan,2022,Economy,Van,Manual,Petrol,800cc,51451,8,Islamabad,1420000
Honda,BR-V,2021,Family,SUV,Manual,Petrol,1.5L,60389,7,Multan,3590000
Hyundai,Tucson,2026,SUV,SUV,Automatic,Petrol,2.0L,0,5,Islamabad,9705000
Suzuki,Mehran,2010,Economy,Hatchback,Automatic,Petrol,800cc,177872,4,Faisalabad,260000
Honda,BR-V,2017,Family,SUV,Manual,Petrol,1.5L,113768,7,Rawalpindi,2155000
Suzuki,Swift,2012,Hatchback,Hatchback,Automatic,Petrol,1.3L,146166,5,Lahore,740000
Suzuki,Bolan,2015,Economy,Van,Automatic,Petrol,800cc,118031,8,Rawalpindi,590000
Toyota,Yaris,2021,Sedan,Sedan,Automatic,Petrol,1.3L,64767,5,Quetta,2570000
Toyota,Prius,2014,Hybrid,Hatchback,Automatic,Hybrid,1.8L Hybrid,127430,5,Quetta,1400000
Toyota,Land Cruiser,2012,Luxury,SUV,Manual,Petrol,3.5L,177542,7,Karachi,6115000
Suzuki,Wagon R,2015,Hatchback,Hatchback,Manual,Petrol,1.0L,143432,5,Rawalpindi,655000
Suzuki,Swift,2018,Hatchback,Hatchback,Manual,Petrol,1.3L,121701,5,Lahore,1455000
Daihatsu,Mira,2024,Economy,Hatchback,Automatic,Petrol,660cc,37344,4,Karachi,2150000
Hyundai,Tucson,2020,SUV,SUV,Manual,Petrol,2.0L,84812,5,Islamabad,4500000
Suzuki,Bolan,2009,Economy,Van,Automatic,Petrol,800cc,222967,8,Multan,300000
Suzuki,APV,2015,Van,Van,Automatic,Petrol,1.5L,124337,8,Lahore,1265000
Honda,Vezel,2018,Hybrid,SUV,Manual,Hybrid,1.5L Hybrid,97767,5,Karachi,2965000
Toyota,Hilux,2011,Pickup,Pickup,Automatic,Diesel,2.4L,178210,5,Lahore,1765000
Daihatsu,Mira,2019,Economy,Hatchback,Automatic,Petrol,660cc,86965,4,Faisalabad,1055000
Suzuki,Wagon R,2022,Hatchback,Hatchback,Automatic,Petrol,1.0L,44587,5,Multan,1810000
Suzuki,Alto,2026,Economy,Hatchback,Automatic,Petrol,1.0L,8206,4,Lahore,2520000
Toyota,Hilux,2020,Pickup,Pickup,Manual,Diesel,2.8L,85712,5,Faisalabad,4505000
Toyota,Corolla,2013,Sedan,Sedan,Manual,Petrol,1.8L,158619,5,Karachi,1235000
Toyota,Yaris,2022,Sedan,Sedan,Automatic,Petrol,1.5L,46652,5,Quetta,3145000
Suzuki,Alto,2019,Economy,Hatchback,Manual,Petrol,660cc,89800,4,Islamabad,915000
Suzuki,Wagon R,2025,Hatchback,Hatchback,Manual,Petrol,1.0L,11105,5,Multan,2695000
Honda,City,2022,Sedan,Sedan,Manual,Petrol,1.5L,38194,5,Peshawar,3100000
KIA,Sportage,2025,SUV,SUV,Automatic,Petrol,2.0L,12068,5,Lahore,9220000
Suzuki,Swift,2026,Hatchback,Hatchback,Manual,Petrol,1.3L,1048,5,Rawalpindi,4170000
Suzuki,APV,2019,Van,Van,Manual,Petrol,1.5L,91279,8,Rawalpindi,1850000
Toyota,Yaris,2020,Sedan,Sedan,Automatic,Petrol,1.3L,74818,5,Islamabad,2540000
Toyota,Corolla,2008,Sedan,Sedan,Manual,Petrol,1.6L,176590,5,Multan,965000
Suzuki,Swift,2015,Hatchback,Hatchback,Automatic,Petrol,1.3L,106598,5,Islamabad,1065000
Toyota,Prius,2014,Hybrid,Hatchback,Automatic,Hybrid,1.8L Hybrid,157541,5,Lahore,1350000
Toyota,Prius,2025,Hybrid,Hatchback,Automatic,Hybrid,1.8L Hybrid,10841,5,Lahore,6240000
Honda,BR-V,2026,Family,SUV,Manual,Petrol,1.5L,0,7,Faisalabad,6545000
Daihatsu,Mira,2026,Economy,Hatchback,Manual,Petrol,660cc,0,4,Islamabad,2425000
Toyota,Yaris,2023,Sedan,Sedan,Automatic,Petrol,1.5L,42991,5,Karachi,3420000
Toyota,Fortuner,2023,SUV,SUV,Automatic,Petrol,2.8L,35281,7,Peshawar,11580000
Toyota,Yaris,2024,Sedan,Sedan,Automatic,Petrol,1.5L,20728,5,Karachi,3945000
KIA,Sportage,2023,SUV,SUV,Automatic,Petrol,2.0L,33522,5,Karachi,6865000
Suzuki,Cultus,2024,Hatchback,Hatchback,Manual,Petrol,1.0L,36495,5,Multan,1975000
Suzuki,APV,2013,Van,Van,Manual,Petrol,1.5L,153753,8,Karachi,910000
Suzuki,Bolan,2015,Economy,Van,Automatic,Petrol,800cc,128773,8,Rawalpindi,570000
Toyota,Fortuner,2014,SUV,SUV,Manual,Petrol,2.8L,154289,7,Rawalpindi,2940000
Suzuki,Wagon R,2017,Hatchback,Hatchback,Automatic,Petrol,1.0L,117947,5,Rawalpindi,965000
Suzuki,Cultus,2011,Hatchback,Hatchback,Automatic,Petrol,1.0L,174683,5,Rawalpindi,415000
Suzuki,Cultus,2023,Hatchback,Hatchback,Manual,Petrol,1.0L,41853,5,Islamabad,1965000
Toyota,Prius,2019,Hybrid,Hatchback,Automatic,Hybrid,1.8L Hybrid,96861,5,Lahore,2630000
Toyota,Land Cruiser,2023,Luxury,SUV,Manual,Petrol,4.6L,30611,7,Karachi,24620000
Toyota,Hilux,2026,Pickup,Pickup,Automatic,Diesel,2.4L,276,5,Islamabad,10285000
Honda,BR-V,2023,Family,SUV,Automatic,Petrol,1.5L,23168,7,Karachi,5370000
Hyundai,Tucson,2022,SUV,SUV,Manual,Petrol,2.0L,54369,5,Multan,4975000
Toyota,Hilux,2013,Pickup,Pickup,Manual,Diesel,2.4L,157089,5,Multan,1940000
Honda,Civic,2023,Sedan,Sedan,Automatic,Petrol,1.5L Turbo,40791,5,Quetta,6195000
Honda,Civic,2017,Sedan,Sedan,Automatic,Petrol,1.8L,118896,5,Multan,2730000
Honda,Civic,2025,Sedan,Sedan,Manual,Petrol,1.5L Turbo,7590,5,Rawalpindi,7895000
Suzuki,Bolan,2007,Economy,Van,Automatic,Petrol,800cc,223367,8,Islamabad,355000
Honda,City,2025,Sedan,Sedan,Automatic,Petrol,1.2L,1157,5,Karachi,5170000
Honda,BR-V,2018,Family,SUV,Automatic,Petrol,1.5L,96915,7,Karachi,2540000
Hyundai,Tucson,2026,SUV,SUV,Automatic,Petrol,2.0L,0,5,Quetta,8405000
Toyota,Fortuner,2023,SUV,SUV,Automatic,Petrol,2.7L,42966,7,Multan,10215000
Toyota,Fortuner,2012,SUV,SUV,Manual,Petrol,2.8L,162732,7,Quetta,2420000
Toyota,Land Cruiser,2016,Luxury,SUV,Automatic,Petrol,3.5L,115430,7,Multan,9895000
Toyota,Prius,2016,Hybrid,Hatchback,Manual,Hybrid,1.8L Hybrid,109165,5,Quetta,1575000
Daihatsu,Mira,2022,Economy,Hatchback,Manual,Petrol,660cc,51512,4,Lahore,1465000
Toyota,Prius,2020,Hybrid,Hatchback,Automatic,Hybrid,1.8L Hybrid,74773,5,Islamabad,3560000
Honda,City,2023,Sedan,Sedan,Automatic,Petrol,1.2L,27153,5,Peshawar,4130000
Suzuki,Cultus,2024,Hatchback,Hatchback,Automatic,Petrol,1.0L,18821,5,Multan,2275000
Honda,BR-V,2019,Family,SUV,Automatic,Petrol,1.5L,120323,7,Karachi,2485000
Suzuki,Bolan,2026,Economy,Van,Automatic,Petrol,800cc,495,8,Quetta,2250000
Suzuki,Cultus,2013,Hatchback,Hatchback,Automatic,Petrol,1.0L,131125,5,Multan,585000
Toyota,Fortuner,2020,SUV,SUV,Manual,Diesel,2.7L,75905,7,Peshawar,7175000
Honda,City,2021,Sedan,Sedan,Manual,Petrol,1.5L,73388,5,Islamabad,2990000
Suzuki,APV,2015,Van,Van,Automatic,Petrol,1.5L,132715,8,Multan,1175000
Hyundai,Tucson,2022,SUV,SUV,Automatic,Petrol,2.0L,37151,5,Karachi,6415000
Honda,Civic,2016,Sedan,Sedan,Manual,Petrol,1.5L Turbo,117397,5,Quetta,2110000
Suzuki,Alto,2019,Economy,Hatchback,Automatic,Petrol,660cc,80050,4,Lahore,1060000
Toyota,Yaris,2025,Sedan,Sedan,Automatic,Petrol,1.5L,1700,5,Lahore,4895000
Suzuki,Cultus,2017,Hatchback,Hatchback,Automatic,Petrol,1.0L,116080,5,Peshawar,960000
Suzuki,APV,2022,Van,Van,Automatic,Petrol,1.5L,39755,8,Faisalabad,2785000
Honda,BR-V,2023,Family,SUV,Manual,Petrol,1.5L,42890,7,Karachi,4375000
Suzuki,Wagon R,2016,Hatchback,Hatchback,Manual,Petrol,1.0L,136621,5,Lahore,795000
Toyota,Corolla,2011,Sedan,Sedan,Automatic,Petrol,1.6L,193534,5,Karachi,1070000
KIA,Sportage,2023,SUV,SUV,Manual,Petrol,2.0L,22795,5,Karachi,5950000
Honda,Civic,2020,Sedan,Sedan,Manual,Petrol,1.5L Turbo,65385,5,Peshawar,3615000
Toyota,Corolla,2017,Sedan,Sedan,Automatic,Petrol,1.6L,94052,5,Islamabad,2260000
Suzuki,Wagon R,2019,Hatchback,Hatchback,Automatic,Petrol,1.0L,76972,5,Karachi,1190000
Toyota,Fortuner,2024,SUV,SUV,Automatic,Petrol,2.7L,25974,7,Lahore,12955000
Honda,Vezel,2025,Hybrid,SUV,Automatic,Hybrid,1.5L Hybrid,17615,5,Peshawar,8465000
Toyota,Prius,2018,Hybrid,Hatchback,Automatic,Hybrid,1.8L Hybrid,96760,5,Faisalabad,2155000
Toyota,Yaris,2021,Sedan,Sedan,Automatic,Petrol,1.3L,54027,5,Rawalpindi,2755000
Suzuki,APV,2014,Van,Van,Automatic,Petrol,1.5L,156449,8,Faisalabad,975000
Toyota,Corolla,2023,Sedan,Sedan,Manual,Petrol,1.8L,15314,5,Multan,4025000
Suzuki,Alto,2018,Economy,Hatchback,Manual,Petrol,660cc,114774,4,Quetta,855000
Honda,BR-V,2021,Family,SUV,Automatic,Petrol,1.5L,60852,7,Lahore,3960000
Hyundai,Tucson,2025,SUV,SUV,Automatic,Petrol,2.0L,10915,5,Peshawar,8735000
Daihatsu,Mira,2023,Economy,Hatchback,Automatic,Petrol,660cc,43512,4,Faisalabad,1905000
Honda,BR-V,2025,Family,SUV,Manual,Petrol,1.5L,19562,7,Faisalabad,5450000
Toyota,Corolla,2015,Sedan,Sedan,Manual,Petrol,1.8L,114008,5,Multan,1635000
Toyota,Corolla,2015,Sedan,Sedan,Manual,Petrol,1.6L,127825,5,Islamabad,1570000
Toyota,Hilux,2019,Pickup,Pickup,Automatic,Diesel,2.4L,91389,5,Faisalabad,3915000
Honda,Civic,2023,Sedan,Sedan,Automatic,Petrol,1.8L,44181,5,Faisalabad,6130000
Honda,Vezel,2026,Hybrid,SUV,Manual,Hybrid,1.5L Hybrid,2984,5,Lahore,8440000
Daihatsu,Mira,2010,Economy,Hatchback,Automatic,Petrol,660cc,198984,4,Quetta,410000
Honda,City,2012,Sedan,Sedan,Automatic,Petrol,1.5L,171273,5,Karachi,915000
Toyota,Prius,2024,Hybrid,Hatchback,Automatic,Hybrid,1.8L Hybrid,27830,5,Quetta,4940000
Toyota,Yaris,2025,Sedan,Sedan,Automatic,Petrol,1.3L,663,5,Rawalpindi,4760000
KIA,Sportage,2020,SUV,SUV,Manual,Petrol,2.0L,58154,5,Quetta,3865000
KIA,Sportage,2020,SUV,SUV,Manual,Petrol,2.0L,72895,5,Faisalabad,3160000
Suzuki,Cultus,2017,Hatchback,Hatchback,Automatic,Petrol,1.0L,102117,5,Quetta,1015000
Honda,BR-V,2024,Family,SUV,Automatic,Petrol,1.5L,13247,7,Peshawar,5875000
Toyota,Hilux,2012,Pickup,Pickup,Automatic,Diesel,2.8L,137009,5,Multan,1760000
Daihatsu,Mira,2018,Economy,Hatchback,Automatic,Petrol,660cc,89880,4,Rawalpindi,960000
Suzuki,Cultus,2018,Hatchback,Hatchback,Automatic,Petrol,1.0L,115819,5,Quetta,1080000
Toyota,Hilux,2021,Pickup,Pickup,Manual,Diesel,2.8L,57438,5,Peshawar,5005000
Suzuki,Swift,2019,Hatchback,Hatchback,Manual,Petrol,1.3L,81573,5,Rawalpindi,1820000
Daihatsu,Mira,2018,Economy,Hatchback,Automatic,Petrol,660cc,92412,4,Quetta,985000
Suzuki,Mehran,2023,Economy,Hatchback,Automatic,Petrol,800cc,30435,4,Multan,1135000
Toyota,Fortuner,2023,SUV,SUV,Manual,Diesel,2.7L,36841,7,Lahore,11150000
Suzuki,Wagon R,2026,Hatchback,Hatchback,Automatic,Petrol,1.0L,0,5,Multan,3160000
KIA,Sportage,2023,SUV,SUV,Manual,Petrol,2.0L,38806,5,Peshawar,5720000
Toyota,Corolla,2018,Sedan,Sedan,Manual,Petrol,1.8L,87775,5,Quetta,2455000
KIA,Sportage,2022,SUV,SUV,Automatic,Petrol,2.0L,46800,5,Karachi,5925000
Toyota,Corolla,2021,Sedan,Sedan,Manual,Petrol,1.6L,59628,5,Peshawar,2900000
Toyota,Land Cruiser,2016,Luxury,SUV,Automatic,Petrol,4.6L,117354,7,Rawalpindi,11690000
Toyota,Fortuner,2020,SUV,SUV,Automatic,Petrol,2.7L,72331,7,Karachi,7510000
Suzuki,Bolan,2016,Economy,Van,Manual,Petrol,800cc,131555,8,Peshawar,490000
Suzuki,Swift,2020,Hatchback,Hatchback,Automatic,Petrol,1.3L,82164,5,Quetta,1870000
Toyota,Land Cruiser,2026,Luxury,SUV,Manual,Petrol,4.6L,3124,7,Rawalpindi,37350000
Suzuki,Wagon R,2022,Hatchback,Hatchback,Manual,Petrol,1.0L,58764,5,Karachi,1820000
Toyota,Yaris,2025,Sedan,Sedan,Automatic,Petrol,1.5L,11442,5,Peshawar,4460000
Suzuki,Cultus,2025,Hatchback,Hatchback,Manual,Petrol,1.0L,19095,5,Rawalpindi,2500000
Daihatsu,Mira,2011,Economy,Hatchback,Manual,Petrol,660cc,179079,4,Karachi,435000
Suzuki,Swift,2010,Hatchback,Hatchback,Manual,Petrol,1.3L,175158,5,Rawalpindi,640000
Honda,Civic,2021,Sedan,Sedan,Automatic,Petrol,1.8L,77540,5,Peshawar,4210000
Suzuki,APV,2014,Van,Van,Manual,Petrol,1.5L,124126,8,Peshawar,1025000
Honda,City,2020,Sedan,Sedan,Automatic,Petrol,1.5L,48340,5,Lahore,2635000
Honda,Civic,2017,Sedan,Sedan,Automatic,Petrol,1.5L Turbo,75958,5,Islamabad,2900000
Toyota,Land Cruiser,2020,Luxury,SUV,Manual,Petrol,3.5L,90952,7,Peshawar,16005000
Suzuki,Wagon R,2016,Hatchback,Hatchback,Manual,Petrol,1.0L,125188,5,Quetta,845000
Honda,BR-V,2021,Family,SUV,Automatic,Petrol,1.5L,55196,7,Rawalpindi,3505000
Suzuki,Bolan,2023,Economy,Van,Automatic,Petrol,800cc,33614,8,Multan,1430000
Suzuki,Cultus,2023,Hatchback,Hatchback,Automatic,Petrol,1.0L,43790,5,Rawalpindi,2165000
Honda,Vezel,2017,Hybrid,SUV,Automatic,Hybrid,1.5L Hybrid,79207,5,Rawalpindi,3250000
Suzuki,Wagon R,2017,Hatchback,Hatchback,Automatic,Petrol,1.0L,104110,5,Lahore,975000
Toyota,Yaris,2023,Sedan,Sedan,Manual,Petrol,1.5L,19105,5,Islamabad,3460000
Toyota,Prius,2018,Hybrid,Hatchback,Manual,Hybrid,1.8L Hybrid,90343,5,Faisalabad,2500000
Honda,BR-V,2017,Family,SUV,Automatic,Petrol,1.5L,120776,7,Faisalabad,2150000
Toyota,Prius,2022,Hybrid,Hatchback,Manual,Hybrid,1.8L Hybrid,52377,5,Faisalabad,4175000
Suzuki,Alto,2024,Economy,Hatchback,Manual,Petrol,1.0L,29936,4,Quetta,1750000
Honda,Civic,2016,Sedan,Sedan,Manual,Petrol,1.8L,86863,5,Faisalabad,2500000
Suzuki,Swift,2012,Hatchback,Hatchback,Automatic,Petrol,1.3L,152860,5,Multan,660000
Suzuki,Alto,2012,Economy,Hatchback,Automatic,Petrol,1.0L,183825,4,Multan,410000
Suzuki,Wagon R,2024,Hatchback,Hatchback,Manual,Petrol,1.0L,13037,5,Karachi,2310000
Suzuki,APV,2026,Van,Van,Automatic,Petrol,1.5L,201,8,Lahore,4950000
Toyota,Yaris,2024,Sedan,Sedan,Automatic,Petrol,1.5L,20448,5,Multan,4265000
Honda,Vezel,2018,Hybrid,SUV,Automatic,Hybrid,1.5L Hybrid,109051,5,Quetta,3285000
Honda,BR-V,2017,Family,SUV,Automatic,Petrol,1.5L,83893,7,Islamabad,2015000
Honda,Civic,2020,Sedan,Sedan,Automatic,Petrol,1.5L Turbo,64598,5,Multan,4315000
KIA,Sportage,2020,SUV,SUV,Automatic,Petrol,2.0L,86769,5,Rawalpindi,3670000
Suzuki,Alto,2023,Economy,Hatchback,Automatic,Petrol,1.0L,27103,4,Lahore,1955000
Suzuki,Swift,2014,Hatchback,Hatchback,Manual,Petrol,1.3L,139397,5,Karachi,885000
Hyundai,Tucson,2020,SUV,SUV,Automatic,Petrol,2.0L,70154,5,Islamabad,5370000
Toyota,Yaris,2025,Sedan,Sedan,Automatic,Petrol,1.5L,13238,5,Rawalpindi,4870000
Suzuki,Wagon R,2016,Hatchback,Hatchback,Manual,Petrol,1.0L,97559,5,Faisalabad,765000
KIA,Sportage,2025,SUV,SUV,Automatic,Petrol,2.0L,11921,5,Peshawar,7640000
Suzuki,Cultus,2023,Hatchback,Hatchback,Manual,Petrol,1.0L,40448,5,Lahore,2150000
Honda,Civic,2026,Sedan,Sedan,Manual,Petrol,1.8L,5187,5,Karachi,7765000
Honda,Civic,2016,Sedan,Sedan,Automatic,Petrol,1.8L,111767,5,Faisalabad,2475000
Toyota,Hilux,2023,Pickup,Pickup,Manual,Diesel,2.4L,22398,5,Islamabad,7325000
Honda,City,2017,Sedan,Sedan,Manual,Petrol,1.5L,131422,5,Peshawar,1750000
Hyundai,Tucson,2024,SUV,SUV,Manual,Petrol,2.0L,23703,5,Rawalpindi,7290000
Suzuki,Alto,2016,Economy,Hatchback,Automatic,Petrol,1.0L,97110,4,Peshawar,700000
Suzuki,Swift,2023,Hatchback,Hatchback,Automatic,Petrol,1.3L,31832,5,Karachi,3085000
Toyota,Land Cruiser,2018,Luxury,SUV,Manual,Petrol,3.5L,105625,7,Islamabad,13675000
Toyota,Hilux,2023,Pickup,Pickup,Automatic,Diesel,2.8L,35650,5,Peshawar,6280000
Toyota,Corolla,2017,Sedan,Sedan,Manual,Petrol,1.8L,94419,5,Multan,1925000
KIA,Sportage,2025,SUV,SUV,Automatic,Petrol,2.0L,3281,5,Karachi,8280000
Suzuki,Cultus,2020,Hatchback,Hatchback,Manual,Petrol,1.0L,85498,5,Quetta,1430000
Toyota,Fortuner,2016,SUV,SUV,Manual,Petrol,2.7L,90991,7,Quetta,3880000
Suzuki,Bolan,2026,Economy,Van,Manual,Petrol,800cc,4850,8,Multan,1935000
Hyundai,Tucson,2020,SUV,SUV,Automatic,Petrol,2.0L,81419,5,Lahore,4745000
Suzuki,Mehran,2007,Economy,Hatchback,Manual,Petrol,800cc,230388,4,Multan,235000
Toyota,Hilux,2015,Pickup,Pickup,Automatic,Diesel,2.8L,130794,5,Quetta,2135000
Honda,Civic,2013,Sedan,Sedan,Manual,Petrol,1.5L Turbo,160240,5,Peshawar,1515000
Suzuki,Bolan,2020,Economy,Van,Manual,Petrol,800cc,60412,8,Islamabad,1085000
Suzuki,Swift,2015,Hatchback,Hatchback,Automatic,Petrol,1.3L,116536,5,Rawalpindi,1055000
Honda,City,2014,Sedan,Sedan,Manual,Petrol,1.2L,176571,5,Islamabad,1265000
Toyota,Land Cruiser,2016,Luxury,SUV,Manual,Petrol,4.6L,95727,7,Faisalabad,9970000
Honda,City,2017,Sedan,Sedan,Automatic,Petrol,1.2L,142318,5,Islamabad,1925000
Toyota,Yaris,2026,Sedan,Sedan,Automatic,Petrol,1.3L,0,5,Lahore,5530000
Toyota,Land Cruiser,2021,Luxury,SUV,Manual,Petrol,4.6L,41224,7,Lahore,19645000
Suzuki,Alto,2017,Economy,Hatchback,Automatic,Petrol,660cc,88920,4,Quetta,810000
Daihatsu,Mira,2012,Economy,Hatchback,Automatic,Petrol,660cc,171344,4,Lahore,410000
Honda,Civic,2012,Sedan,Sedan,Automatic,Petrol,1.5L Turbo,152623,5,Faisalabad,1515000
Suzuki,Wagon R,2018,Hatchback,Hatchback,Manual,Petrol,1.0L,81740,5,Islamabad,1180000
Toyota,Yaris,2026,Sedan,Sedan,Manual,Petrol,1.5L,0,5,Rawalpindi,5080000
Honda,Vezel,2018,Hybrid,SUV,Automatic,Hybrid,1.5L Hybrid,95769,5,Islamabad,3455000
Suzuki,Cultus,2018,Hatchback,Hatchback,Manual,Petrol,1.0L,115004,5,Multan,1080000
KIA,Sportage,2024,SUV,SUV,Automatic,Petrol,2.0L,39052,5,Peshawar,6010000
Hyundai,Tucson,2026,SUV,SUV,Manual,Petrol,2.0L,3316,5,Quetta,9280000
Suzuki,Bolan,2008,Economy,Van,Manual,Petrol,800cc,220841,8,Faisalabad,290000
Toyota,Yaris,2022,Sedan,Sedan,Automatic,Petrol,1.5L,28533,5,Karachi,3025000
Suzuki,Cultus,2022,Hatchback,Hatchback,Manual,Petrol,1.0L,46835,5,Karachi,1990000
Suzuki,Mehran,2024,Economy,Hatchback,Automatic,Petrol,800cc,19889,4,Islamabad,1365000
Suzuki,Mehran,2023,Economy,Hatchback,Automatic,Petrol,800cc,30273,4,Faisalabad,1295000
Toyota,Land Cruiser,2018,Luxury,SUV,Manual,Petrol,4.6L,98919,7,Karachi,12330000
Suzuki,Mehran,2019,Economy,Hatchback,Automatic,Petrol,800cc,73171,4,Karachi,680000
Daihatsu,Mira,2026,Economy,Hatchback,Automatic,Petrol,660cc,11402,4,Faisalabad,2235000
Suzuki,APV,2021,Van,Van,Automatic,Petrol,1.5L,57385,8,Lahore,2320000
Toyota,Fortuner,2021,SUV,SUV,Manual,Diesel,2.7L,72267,7,Faisalabad,7305000
Honda,Vezel,2022,Hybrid,SUV,Automatic,Hybrid,1.5L Hybrid,41748,5,Faisalabad,5045000
Suzuki,Wagon R,2019,Hatchback,Hatchback,Automatic,Petrol,1.0L,86747,5,Karachi,1285000
Honda,Vezel,2020,Hybrid,SUV,Manual,Hybrid,1.5L Hybrid,61810,5,Lahore,4165000
Honda,Civic,2026,Sedan,Sedan,Manual,Petrol,1.5L Turbo,4414,5,Quetta,6785000
Suzuki,Alto,2021,Economy,Hatchback,Automatic,Petrol,1.0L,65151,4,Faisalabad,1230000
Honda,Civic,2013,Sedan,Sedan,Manual,Petrol,1.8L,177574,5,Multan,1470000
Hyundai,Tucson,2026,SUV,SUV,Manual,Petrol,2.0L,0,5,Lahore,9550000
Toyota,Corolla,2019,Sedan,Sedan,Manual,Petrol,1.8L,100578,5,Lahore,2550000
Suzuki,Swift,2023,Hatchback,Hatchback,Manual,Petrol,1.3L,31022,5,Karachi,2655000
Toyota,Land Cruiser,2026,Luxury,SUV,Automatic,Petrol,4.6L,0,7,Karachi,36215000
Toyota,Yaris,2023,Sedan,Sedan,Automatic,Petrol,1.5L,22774,5,Peshawar,3640000
Suzuki,APV,2024,Van,Van,Automatic,Petrol,1.5L,18452,8,Peshawar,3785000
Daihatsu,Mira,2021,Economy,Hatchback,Automatic,Petrol,660cc,52353,4,Rawalpindi,1480000
Toyota,Fortuner,2016,SUV,SUV,Automatic,Petrol,2.7L,114008,7,Multan,4420000
Toyota,Yaris,2024,Sedan,Sedan,Automatic,Petrol,1.5L,20058,5,Islamabad,4540000
Honda,City,2015,Sedan,Sedan,Automatic,Petrol,1.2L,130495,5,Peshawar,1335000
Honda,Vezel,2015,Hybrid,SUV,Automatic,Hybrid,1.5L Hybrid,112890,5,Lahore,2190000
Suzuki,Alto,2023,Economy,Hatchback,Automatic,Petrol,1.0L,41046,4,Quetta,1695000
Honda,BR-V,2024,Family,SUV,Manual,Petrol,1.5L,27026,7,Islamabad,5020000
Hyundai,Tucson,2026,SUV,SUV,Automatic,Petrol,2.0L,8981,5,Faisalabad,9470000
Suzuki,Alto,2018,Economy,Hatchback,Automatic,Petrol,660cc,95042,4,Peshawar,855000
Suzuki,Mehran,2007,Economy,Hatchback,Automatic,Petrol,800cc,232315,4,Multan,240000
Hyundai,Tucson,2023,SUV,SUV,Manual,Petrol,2.0L,29746,5,Rawalpindi,6730000
KIA,Sportage,2023,SUV,SUV,Manual,Petrol,2.0L,17728,5,Karachi,6670000
Toyota,Yaris,2022,Sedan,Sedan,Manual,Petrol,1.5L,48781,5,Karachi,3160000
Suzuki,Wagon R,2021,Hatchback,Hatchback,Manual,Petrol,1.0L,59524,5,Karachi,1670000
Toyota,Fortuner,2017,SUV,SUV,Manual,Petrol,2.7L,81426,7,Rawalpindi,5130000
Toyota,Prius,2014,Hybrid,Hatchback,Manual,Hybrid,1.8L Hybrid,129921,5,Karachi,1295000
Toyota,Hilux,2012,Pickup,Pickup,Manual,Diesel,2.8L,173794,5,Karachi,1580000
Suzuki,Swift,2020,Hatchback,Hatchback,Manual,Petrol,1.3L,72755,5,Rawalpindi,1800000
Honda,Civic,2013,Sedan,Sedan,Automatic,Petrol,1.8L,174550,5,Peshawar,1715000
Suzuki,Wagon R,2021,Hatchback,Hatchback,Automatic,Petrol,1.0L,33626,5,Islamabad,1760000
Honda,Vezel,2014,Hybrid,SUV,Automatic,Hybrid,1.5L Hybrid,143809,5,Islamabad,1750000
Suzuki,Wagon R,2018,Hatchback,Hatchback,Automatic,Petrol,1.0L,91415,5,Islamabad,1190000
Toyota,Hilux,2026,Pickup,Pickup,Automatic,Diesel,2.4L,0,5,Quetta,10135000
Suzuki,Alto,2023,Economy,Hatchback,Manual,Petrol,1.0L,40441,4,Peshawar,1655000
Honda,BR-V,2020,Family,SUV,Manual,Petrol,1.5L,87944,7,Rawalpindi,2680000
Suzuki,Alto,2016,Economy,Hatchback,Automatic,Petrol,1.0L,123526,4,Multan,615000
Honda,BR-V,2020,Family,SUV,Automatic,Petrol,1.5L,79484,7,Lahore,3405000
Toyota,Prius,2014,Hybrid,Hatchback,Automatic,Hybrid,1.8L Hybrid,145988,5,Peshawar,1450000
Toyota,Yaris,2026,Sedan,Sedan,Automatic,Petrol,1.3L,541,5,Multan,5170000
Toyota,Fortuner,2012,SUV,SUV,Manual,Diesel,2.7L,185415,7,Islamabad,2510000
Honda,City,2026,Sedan,Sedan,Manual,Petrol,1.2L,0,5,Peshawar,5415000
Toyota,Hilux,2012,Pickup,Pickup,Manual,Diesel,2.4L,163348,5,Peshawar,1830000
Toyota,Corolla,2018,Sedan,Sedan,Automatic,Petrol,1.6L,92180,5,Multan,2285000
Toyota,Fortuner,2019,SUV,SUV,Manual,Petrol,2.7L,74500,7,Rawalpindi,6295000
Suzuki,Cultus,2014,Hatchback,Hatchback,Manual,Petrol,1.0L,150243,5,Islamabad,680000
Honda,Civic,2013,Sedan,Sedan,Automatic,Petrol,1.8L,186439,5,Quetta,1660000
Hyundai,Tucson,2020,SUV,SUV,Automatic,Petrol,2.0L,60425,5,Faisalabad,4500000
Hyundai,Tucson,2024,SUV,SUV,Automatic,Petrol,2.0L,23030,5,Rawalpindi,7720000
Toyota,Prius,2021,Hybrid,Hatchback,Automatic,Hybrid,1.8L Hybrid,74168,5,Faisalabad,3330000
Suzuki,Mehran,2014,Economy,Hatchback,Manual,Petrol,800cc,112809,4,Lahore,355000
KIA,Sportage,2021,SUV,SUV,Automatic,Petrol,2.0L,57997,5,Peshawar,4495000
Toyota,Fortuner,2020,SUV,SUV,Automatic,Diesel,2.7L,70489,7,Rawalpindi,7430000
Suzuki,Swift,2015,Hatchback,Hatchback,Automatic,Petrol,1.3L,138336,5,Quetta,1060000
Honda,BR-V,2019,Family,SUV,Manual,Petrol,1.5L,93482,7,Faisalabad,2500000
Daihatsu,Mira,2021,Economy,Hatchback,Manual,Petrol,660cc,66406,4,Peshawar,1325000
Toyota,Prius,2021,Hybrid,Hatchback,Automatic,Hybrid,1.8L Hybrid,43246,5,Peshawar,3745000
Hyundai,Tucson,2024,SUV,SUV,Manual,Petrol,2.0L,22575,5,Faisalabad,7280000
Honda,Vezel,2023,Hybrid,SUV,Manual,Hybrid,1.5L Hybrid,41128,5,Karachi,5560000
KIA,Sportage,2021,SUV,SUV,Manual,Petrol,2.0L,51857,5,Islamabad,4560000
Suzuki,Swift,2011,Hatchback,Hatchback,Automatic,Petrol,1.3L,201213,5,Karachi,635000
Suzuki,Swift,2015,Hatchback,Hatchback,Automatic,Petrol,1.3L,99937,5,Multan,1070000
Suzuki,Mehran,2026,Economy,Hatchback,Manual,Petrol,800cc,5401,4,Multan,1310000
KIA,Sportage,2022,SUV,SUV,Automatic,Petrol,2.0L,58156,5,Peshawar,5180000
Toyota,Fortuner,2021,SUV,SUV,Automatic,Diesel,2.8L,62358,7,Lahore,9055000
Suzuki,Bolan,2008,Economy,Van,Manual,Petrol,800cc,207032,8,Peshawar,295000
Toyota,Prius,2010,Hybrid,Hatchback,Automatic,Hybrid,1.8L Hybrid,170534,5,Rawalpindi,1070000
Suzuki,Cultus,2013,Hatchback,Hatchback,Manual,Petrol,1.0L,180194,5,Rawalpindi,625000
Toyota,Prius,2015,Hybrid,Hatchback,Automatic,Hybrid,1.8L Hybrid,143569,5,Karachi,1915000
Toyota,Hilux,2019,Pickup,Pickup,Automatic,Diesel,2.8L,105607,5,Lahore,4010000
Suzuki,Mehran,2020,Economy,Hatchback,Automatic,Petrol,800cc,61190,4,Quetta,755000
KIA,Sportage,2026,SUV,SUV,Manual,Petrol,2.0L,0,5,Lahore,8950000
Suzuki,Bolan,2022,Economy,Van,Automatic,Petrol,800cc,57837,8,Lahore,1495000
Toyota,Fortuner,2026,SUV,SUV,Manual,Petrol,2.7L,2930,7,Rawalpindi,14525000
Honda,Vezel,2019,Hybrid,SUV,Automatic,Hybrid,1.5L Hybrid,98466,5,Islamabad,3875000
Toyota,Fortuner,2023,SUV,SUV,Automatic,Diesel,2.7L,37771,7,Islamabad,10720000
Toyota,Prius,2021,Hybrid,Hatchback,Manual,Hybrid,1.8L Hybrid,61686,5,Lahore,3425000
Suzuki,Swift,2015,Hatchback,Hatchback,Manual,Petrol,1.3L,154165,5,Peshawar,980000
Honda,Vezel,2021,Hybrid,SUV,Manual,Hybrid,1.5L Hybrid,65079,5,Peshawar,4030000
Toyota,Corolla,2026,Sedan,Sedan,Automatic,Petrol,1.3L,5212,5,Faisalabad,6890000
Suzuki,Cultus,2021,Hatchback,Hatchback,Manual,Petrol,1.0L,33619,5,Peshawar,1740000
Honda,Civic,2016,Sedan,Sedan,Manual,Petrol,1.8L,135565,5,Islamabad,2460000
Suzuki,Wagon R,2020,Hatchback,Hatchback,Automatic,Petrol,1.0L,78972,5,Islamabad,1400000
Suzuki,Cultus,2024,Hatchback,Hatchback,Automatic,Petrol,1.0L,22366,5,Quetta,2690000
Suzuki,Wagon R,2025,Hatchback,Hatchback,Manual,Petrol,1.0L,11292,5,Lahore,2610000
Suzuki,Alto,2012,Economy,Hatchback,Manual,Petrol,1.0L,162615,4,Quetta,360000
Toyota,Hilux,2011,Pickup,Pickup,Manual,Diesel,2.8L,163300,5,Rawalpindi,1635000
Toyota,Yaris,2020,Sedan,Sedan,Automatic,Petrol,1.3L,58026,5,Islamabad,2525000
Toyota,Prius,2024,Hybrid,Hatchback,Manual,Hybrid,1.8L Hybrid,30503,5,Faisalabad,4855000
Suzuki,Bolan,2022,Economy,Van,Manual,Petrol,800cc,29624,8,Quetta,1375000
Toyota,Fortuner,2024,SUV,SUV,Manual,Diesel,2.8L,33902,7,Peshawar,9670000
Suzuki,Mehran,2021,Economy,Hatchback,Manual,Petrol,800cc,49355,4,Rawalpindi,900000
Toyota,Hilux,2024,Pickup,Pickup,Manual,Diesel,2.8L,25163,5,Islamabad,7835000
Toyota,Fortuner,2017,SUV,SUV,Manual,Petrol,2.7L,122349,7,Islamabad,4080000
Suzuki,Swift,2015,Hatchback,Hatchback,Manual,Petrol,1.3L,120332,5,Peshawar,950000
Toyota,Corolla,2011,Sedan,Sedan,Automatic,Petrol,1.6L,186146,5,Quetta,915000
Hyundai,Tucson,2024,SUV,SUV,Manual,Petrol,2.0L,28802,5,Karachi,7480000
Honda,BR-V,2026,Family,SUV,Manual,Petrol,1.5L,4329,7,Multan,5925000
Suzuki,Bolan,2006,Economy,Van,Manual,Petrol,800cc,265041,8,Faisalabad,300000
Suzuki,Bolan,2007,Economy,Van,Automatic,Petrol,800cc,214082,8,Islamabad,360000
Honda,Vezel,2026,Hybrid,SUV,Automatic,Hybrid,1.5L Hybrid,5295,5,Karachi,9190000
Suzuki,Bolan,2025,Economy,Van,Automatic,Petrol,800cc,5615,8,Quetta,2045000
Hyundai,Tucson,2023,SUV,SUV,Manual,Petrol,2.0L,37189,5,Faisalabad,7185000
Hyundai,Tucson,2024,SUV,SUV,Manual,Petrol,2.0L,22784,5,Karachi,7660000
Toyota,Corolla,2008,Sedan,Sedan,Automatic,Petrol,1.6L,222186,5,Peshawar,1050000
Suzuki,Swift,2017,Hatchback,Hatchback,Automatic,Petrol,1.3L,106438,5,Karachi,1535000
Suzuki,Cultus,2020,Hatchback,Hatchback,Manual,Petrol,1.0L,87511,5,Islamabad,1455000
Suzuki,Bolan,2010,Economy,Van,Automatic,Petrol,800cc,228580,8,Rawalpindi,370000
Suzuki,Swift,2018,Hatchback,Hatchback,Manual,Petrol,1.3L,102436,5,Islamabad,1420000
Toyota,Corolla,2009,Sedan,Sedan,Automatic,Petrol,1.8L,215768,5,Multan,985000
Toyota,Hilux,2012,Pickup,Pickup,Manual,Diesel,2.8L,149106,5,Peshawar,1875000
KIA,Sportage,2024,SUV,SUV,Automatic,Petrol,2.0L,31544,5,Karachi,6650000
Suzuki,Swift,2017,Hatchback,Hatchback,Automatic,Petrol,1.3L,108564,5,Peshawar,1430000
Honda,BR-V,2024,Family,SUV,Automatic,Petrol,1.5L,30893,7,Quetta,5135000
Toyota,Yaris,2022,Sedan,Sedan,Automatic,Petrol,1.5L,43829,5,Multan,3115000
Toyota,Prius,2020,Hybrid,Hatchback,Automatic,Hybrid,1.8L Hybrid,56022,5,Peshawar,3025000
Honda,City,2018,Sedan,Sedan,Manual,Petrol,1.2L,77526,5,Lahore,2140000
Suzuki,Bolan,2017,Economy,Van,Manual,Petrol,800cc,119247,8,Peshawar,705000
Toyota,Hilux,2025,Pickup,Pickup,Automatic,Diesel,2.8L,0,5,Faisalabad,9785000
Honda,City,2014,Sedan,Sedan,Automatic,Petrol,1.5L,146706,5,Lahore,1330000
Suzuki,Wagon R,2019,Hatchback,Hatchback,Automatic,Petrol,1.0L,90480,5,Faisalabad,1370000
Suzuki,Swift,2024,Hatchback,Hatchback,Manual,Petrol,1.3L,33335,5,Peshawar,2970000
Suzuki,APV,2021,Van,Van,Manual,Petrol,1.5L,71019,8,Lahore,2350000
Honda,City,2013,Sedan,Sedan,Manual,Petrol,1.5L,182433,5,Lahore,940000
Toyota,Prius,2019,Hybrid,Hatchback,Automatic,Hybrid,1.8L Hybrid,98116,5,Lahore,2935000
Toyota,Hilux,2014,Pickup,Pickup,Manual,Diesel,2.4L,147080,5,Rawalpindi,1860000
Toyota,Corolla,2016,Sedan,Sedan,Automatic,Petrol,1.3L,99262,5,Faisalabad,1960000
Suzuki,Swift,2018,Hatchback,Hatchback,Automatic,Petrol,1.3L,110412,5,Peshawar,1495000
Honda,Vezel,2021,Hybrid,SUV,Automatic,Hybrid,1.5L Hybrid,54618,5,Peshawar,5100000
Toyota,Corolla,2012,Sedan,Sedan,Automatic,Petrol,1.8L,162003,5,Multan,1170000
Suzuki,Alto,2025,Economy,Hatchback,Manual,Petrol,660cc,22690,4,Quetta,1890000
Hyundai,Tucson,2022,SUV,SUV,Manual,Petrol,2.0L,50828,5,Peshawar,5225000
Honda,City,2019,Sedan,Sedan,Automatic,Petrol,1.5L,97114,5,Faisalabad,2450000
KIA,Sportage,2025,SUV,SUV,Automatic,Petrol,2.0L,19445,5,Quetta,6860000
Suzuki,APV,2017,Van,Van,Manual,Petrol,1.5L,93728,8,Rawalpindi,1505000
Suzuki,Mehran,2010,Economy,Hatchback,Automatic,Petrol,800cc,172232,4,Islamabad,265000
Suzuki,APV,2010,Van,Van,Automatic,Petrol,1.5L,186276,8,Faisalabad,775000
KIA,Sportage,2019,SUV,SUV,Automatic,Petrol,2.0L,87177,5,Islamabad,3875000
Suzuki,Bolan,2020,Economy,Van,Manual,Petrol,800cc,85948,8,Quetta,920000
Suzuki,Alto,2024,Economy,Hatchback,Manual,Petrol,660cc,10371,4,Karachi,2020000
Suzuki,Swift,2026,Hatchback,Hatchback,Manual,Petrol,1.3L,0,5,Karachi,4205000
Toyota,Yaris,2025,Sedan,Sedan,Manual,Petrol,1.5L,13907,5,Peshawar,4345000
Honda,BR-V,2026,Family,SUV,Automatic,Petrol,1.5L,9489,7,Faisalabad,6580000
Suzuki,APV,2009,Van,Van,Manual,Petrol,1.5L,133449,8,Multan,665000
Suzuki,Swift,2025,Hatchback,Hatchback,Automatic,Petrol,1.3L,9158,5,Karachi,3980000
Honda,BR-V,2018,Family,SUV,Automatic,Petrol,1.5L,99784,7,Islamabad,2665000
Suzuki,Swift,2015,Hatchback,Hatchback,Automatic,Petrol,1.3L,119375,5,Peshawar,990000
Honda,City,2017,Sedan,Sedan,Manual,Petrol,1.2L,81794,5,Multan,1980000
Suzuki,Alto,2013,Economy,Hatchback,Manual,Petrol,1.0L,135702,4,Peshawar,510000
Toyota,Corolla,2008,Sedan,Sedan,Automatic,Petrol,1.6L,179337,5,Rawalpindi,1175000
Toyota,Hilux,2019,Pickup,Pickup,Automatic,Diesel,2.8L,88246,5,Quetta,4000000
Suzuki,Wagon R,2019,Hatchback,Hatchback,Manual,Petrol,1.0L,93827,5,Lahore,1085000
Suzuki,Cultus,2025,Hatchback,Hatchback,Automatic,Petrol,1.0L,7752,5,Multan,2630000
Honda,City,2025,Sedan,Sedan,Automatic,Petrol,1.5L,0,5,Karachi,6160000
Suzuki,Swift,2024,Hatchback,Hatchback,Automatic,Petrol,1.3L,31516,5,Rawalpindi,3240000
Daihatsu,Mira,2021,Economy,Hatchback,Automatic,Petrol,660cc,60458,4,Faisalabad,1450000
Toyota,Corolla,2018,Sedan,Sedan,Automatic,Petrol,1.6L,110540,5,Peshawar,2355000
Suzuki,Swift,2011,Hatchback,Hatchback,Automatic,Petrol,1.3L,174116,5,Peshawar,630000
Toyota,Yaris,2022,Sedan,Sedan,Manual,Petrol,1.5L,53705,5,Peshawar,2895000
Daihatsu,Mira,2017,Economy,Hatchback,Automatic,Petrol,660cc,97235,4,Karachi,925000
Suzuki,APV,2024,Van,Van,Manual,Petrol,1.5L,22303,8,Rawalpindi,3915000
KIA,Sportage,2022,SUV,SUV,Automatic,Petrol,2.0L,39506,5,Rawalpindi,5420000
Suzuki,Swift,2012,Hatchback,Hatchback,Automatic,Petrol,1.3L,163869,5,Rawalpindi,675000
Suzuki,APV,2018,Van,Van,Automatic,Petrol,1.5L,79902,8,Rawalpindi,1805000
Toyota,Fortuner,2017,SUV,SUV,Automatic,Diesel,2.7L,148265,7,Karachi,4390000
Toyota,Fortuner,2026,SUV,SUV,Manual,Petrol,2.8L,3946,7,Rawalpindi,14610000
Suzuki,Swift,2017,Hatchback,Hatchback,Automatic,Petrol,1.3L,124753,5,Quetta,1305000
Suzuki,Bolan,2026,Economy,Van,Automatic,Petrol,800cc,0,8,Rawalpindi,2255000
Hyundai,Tucson,2023,SUV,SUV,Manual,Petrol,2.0L,39150,5,Faisalabad,7005000
Suzuki,Bolan,2023,Economy,Van,Automatic,Petrol,800cc,42601,8,Islamabad,1635000
Honda,Civic,2013,Sedan,Sedan,Automatic,Petrol,1.8L,162073,5,Karachi,2090000
Toyota,Hilux,2015,Pickup,Pickup,Manual,Diesel,2.8L,157750,5,Faisalabad,2425000
Suzuki,Swift,2023,Hatchback,Hatchback,Automatic,Petrol,1.3L,16008,5,Rawalpindi,3210000
Suzuki,Wagon R,2026,Hatchback,Hatchback,Automatic,Petrol,1.0L,3171,5,Karachi,3175000
Honda,Vezel,2015,Hybrid,SUV,Manual,Hybrid,1.5L Hybrid,150808,5,Islamabad,2200000
Suzuki,Alto,2023,Economy,Hatchback,Manual,Petrol,660cc,27963,4,Karachi,1785000
Toyota,Fortuner,2012,SUV,SUV,Manual,Petrol,2.7L,144409,7,Karachi,2865000
Honda,BR-V,2018,Family,SUV,Automatic,Petrol,1.5L,101218,7,Islamabad,2365000
Daihatsu,Mira,2013,Economy,Hatchback,Automatic,Petrol,660cc,165943,4,Karachi,495000
Honda,City,2016,Sedan,Sedan,Manual,Petrol,1.5L,148309,5,Multan,1300000
Honda,Civic,2024,Sedan,Sedan,Automatic,Petrol,1.5L Turbo,21334,5,Multan,7505000
Toyota,Land Cruiser,2026,Luxury,SUV,Automatic,Petrol,4.6L,0,7,Karachi,40275000
Toyota,Land Cruiser,2025,Luxury,SUV,Manual,Petrol,4.6L,5563,7,Lahore,34375000
Toyota,Prius,2022,Hybrid,Hatchback,Manual,Hybrid,1.8L Hybrid,21552,5,Lahore,3970000
Suzuki,Alto,2013,Economy,Hatchback,Manual,Petrol,660cc,198153,4,Peshawar,420000
Suzuki,Bolan,2011,Economy,Van,Manual,Petrol,800cc,219380,8,Rawalpindi,340000
Honda,BR-V,2024,Family,SUV,Automatic,Petrol,1.5L,23908,7,Quetta,4405000
Toyota,Hilux,2018,Pickup,Pickup,Automatic,Diesel,2.4L,98840,5,Faisalabad,4055000
Suzuki,Mehran,2018,Economy,Hatchback,Automatic,Petrol,800cc,87391,4,Rawalpindi,550000
Honda,BR-V,2018,Family,SUV,Manual,Petrol,1.5L,120117,7,Quetta,2385000
Toyota,Hilux,2020,Pickup,Pickup,Manual,Diesel,2.8L,75616,5,Rawalpindi,4235000
Suzuki,APV,2020,Van,Van,Manual,Petrol,1.5L,83554,8,Peshawar,1920000
Suzuki,Swift,2010,Hatchback,Hatchback,Manual,Petrol,1.3L,182954,5,Peshawar,650000
Toyota,Fortuner,2016,SUV,SUV,Automatic,Diesel,2.7L,138236,7,Karachi,4085000
Suzuki,Swift,2025,Hatchback,Hatchback,Automatic,Petrol,1.3L,22052,5,Rawalpindi,3625000
Toyota,Fortuner,2026,SUV,SUV,Manual,Diesel,2.7L,0,7,Lahore,13895000
KIA,Sportage,2019,SUV,SUV,Automatic,Petrol,2.0L,110644,5,Faisalabad,3230000
Suzuki,APV,2022,Van,Van,Manual,Petrol,1.5L,39552,8,Faisalabad,2980000
Suzuki,APV,2023,Van,Van,Manual,Petrol,1.5L,17251,8,Quetta,3015000
Suzuki,Cultus,2017,Hatchback,Hatchback,Automatic,Petrol,1.0L,105805,5,Islamabad,1105000
Suzuki,Alto,2015,Economy,Hatchback,Manual,Petrol,660cc,134927,4,Multan,520000
Honda,BR-V,2024,Family,SUV,Automatic,Petrol,1.5L,26573,7,Multan,5170000
Toyota,Corolla,2021,Sedan,Sedan,Automatic,Petrol,1.6L,51988,5,Multan,3580000
Honda,Vezel,2017,Hybrid,SUV,Automatic,Hybrid,1.5L Hybrid,122170,5,Multan,2975000
Suzuki,Wagon R,2014,Hatchback,Hatchback,Automatic,Petrol,1.0L,127130,5,Karachi,665000
Honda,Civic,2026,Sedan,Sedan,Manual,Petrol,1.5L Turbo,0,5,Rawalpindi,9100000
Toyota,Fortuner,2023,SUV,SUV,Automatic,Diesel,2.8L,38070,7,Lahore,11560000
Honda,BR-V,2021,Family,SUV,Automatic,Petrol,1.5L,68104,7,Quetta,3135000
Suzuki,Alto,2022,Economy,Hatchback,Automatic,Petrol,660cc,34143,4,Peshawar,1465000
Honda,Vezel,2015,Hybrid,SUV,Automatic,Hybrid,1.5L Hybrid,131606,5,Rawalpindi,2225000
Suzuki,APV,2016,Van,Van,Manual,Petrol,1.5L,107652,8,Islamabad,1375000
Suzuki,Alto,2021,Economy,Hatchback,Automatic,Petrol,660cc,68728,4,Multan,1135000
Suzuki,Bolan,2026,Economy,Van,Manual,Petrol,800cc,0,8,Karachi,2195000
Honda,Civic,2013,Sedan,Sedan,Automatic,Petrol,1.8L,162937,5,Multan,1640000
Suzuki,Mehran,2022,Economy,Hatchback,Automatic,Petrol,800cc,59134,4,Rawalpindi,1060000
Suzuki,Cultus,2024,Hatchback,Hatchback,Automatic,Petrol,1.0L,20773,5,Faisalabad,2410000
Suzuki,Bolan,2015,Economy,Van,Manual,Petrol,800cc,140562,8,Multan,530000
Toyota,Hilux,2012,Pickup,Pickup,Manual,Diesel,2.8L,170861,5,Quetta,1635000
Toyota,Fortuner,2025,SUV,SUV,Automatic,Petrol,2.8L,2210,7,Karachi,16205000
Suzuki,Alto,2014,Economy,Hatchback,Manual,Petrol,1.0L,164847,4,Quetta,430000
Toyota,Hilux,2023,Pickup,Pickup,Automatic,Diesel,2.4L,38848,5,Peshawar,7550000
Suzuki,Bolan,2009,Economy,Van,Manual,Petrol,800cc,184168,8,Karachi,330000
Suzuki,APV,2017,Van,Van,Automatic,Petrol,1.5L,92787,8,Karachi,1610000
Suzuki,Cultus,2010,Hatchback,Hatchback,Manual,Petrol,1.0L,210728,5,Karachi,450000
Honda,City,2025,Sedan,Sedan,Manual,Petrol,1.5L,1116,5,Faisalabad,5340000
Suzuki,Bolan,2012,Economy,Van,Manual,Petrol,800cc,170222,8,Faisalabad,410000
KIA,Sportage,2022,SUV,SUV,Automatic,Petrol,2.0L,42383,5,Islamabad,5215000
Honda,Vezel,2018,Hybrid,SUV,Manual,Hybrid,1.5L Hybrid,71735,5,Karachi,3180000
Suzuki,Mehran,2005,Economy,Hatchback,Automatic,Petrol,800cc,200630,4,Rawalpindi,265000
Suzuki,APV,2026,Van,Van,Automatic,Petrol,1.5L,0,8,Quetta,4970000
Daihatsu,Mira,2019,Economy,Hatchback,Manual,Petrol,660cc,93767,4,Multan,1080000
Daihatsu,Mira,2011,Economy,Hatchback,Manual,Petrol,660cc,195377,4,Rawalpindi,350000
Suzuki,Mehran,2023,Economy,Hatchback,Manual,Petrol,800cc,30967,4,Multan,1180000
Toyota,Prius,2015,Hybrid,Hatchback,Manual,Hybrid,1.8L Hybrid,176877,5,Multan,1620000
Toyota,Hilux,2016,Pickup,Pickup,Automatic,Diesel,2.8L,119090,5,Peshawar,2685000
Toyota,Prius,2017,Hybrid,Hatchback,Manual,Hybrid,1.8L Hybrid,95401,5,Islamabad,1860000
Suzuki,Swift,2010,Hatchback,Hatchback,Manual,Petrol,1.3L,208996,5,Islamabad,660000
Suzuki,Alto,2023,Economy,Hatchback,Automatic,Petrol,1.0L,39727,4,Rawalpindi,1570000
Suzuki,Alto,2023,Economy,Hatchback,Automatic,Petrol,660cc,30765,4,Quetta,1580000
Toyota,Yaris,2021,Sedan,Sedan,Automatic,Petrol,1.5L,48423,5,Lahore,3220000
Honda,Vezel,2020,Hybrid,SUV,Automatic,Hybrid,1.5L Hybrid,79327,5,Islamabad,3840000
Suzuki,APV,2017,Van,Van,Manual,Petrol,1.5L,125357,8,Peshawar,1280000
Suzuki,Bolan,2013,Economy,Van,Automatic,Petrol,800cc,152736,8,Karachi,440000
Suzuki,Cultus,2020,Hatchback,Hatchback,Manual,Petrol,1.0L,53270,5,Islamabad,1475000
Toyota,Corolla,2008,Sedan,Sedan,Automatic,Petrol,1.3L,219156,5,Islamabad,1025000
Toyota,Corolla,2011,Sedan,Sedan,Automatic,Petrol,1.8L,191833,5,Karachi,1195000
Suzuki,APV,2021,Van,Van,Manual,Petrol,1.5L,60590,8,Islamabad,2375000
Suzuki,Mehran,2024,Economy,Hatchback,Automatic,Petrol,800cc,24839,4,Peshawar,1245000
KIA,Sportage,2023,SUV,SUV,Manual,Petrol,2.0L,52793,5,Lahore,6080000
Suzuki,Cultus,2024,Hatchback,Hatchback,Manual,Petrol,1.0L,18040,5,Multan,2380000
Toyota,Hilux,2025,Pickup,Pickup,Automatic,Diesel,2.8L,20906,5,Karachi,9365000
Suzuki,Bolan,2019,Economy,Van,Manual,Petrol,800cc,102111,8,Lahore,810000
Suzuki,Alto,2022,Economy,Hatchback,Automatic,Petrol,660cc,55731,4,Multan,1530000
Suzuki,Mehran,2024,Economy,Hatchback,Manual,Petrol,800cc,23779,4,Rawalpindi,1100000
Toyota,Fortuner,2023,SUV,SUV,Automatic,Diesel,2.8L,38793,7,Karachi,10440000
Toyota,Yaris,2024,Sedan,Sedan,Automatic,Petrol,1.3L,35319,5,Peshawar,3515000
Suzuki,Bolan,2019,Economy,Van,Automatic,Petrol,800cc,82326,8,Islamabad,1010000
Suzuki,Wagon R,2022,Hatchback,Hatchback,Manual,Petrol,1.0L,40404,5,Quetta,1440000
Toyota,Yaris,2021,Sedan,Sedan,Manual,Petrol,1.5L,53678,5,Lahore,2690000
Toyota,Hilux,2020,Pickup,Pickup,Automatic,Diesel,2.4L,66116,5,Islamabad,5125000
Suzuki,Cultus,2015,Hatchback,Hatchback,Manual,Petrol,1.0L,115499,5,Multan,720000
Honda,BR-V,2025,Family,SUV,Automatic,Petrol,1.5L,16089,7,Faisalabad,5755000
Suzuki,Bolan,2025,Economy,Van,Manual,Petrol,800cc,27514,8,Lahore,1770000
Suzuki,Mehran,2012,Economy,Hatchback,Automatic,Petrol,800cc,163503,4,Lahore,270000
Toyota,Corolla,2013,Sedan,Sedan,Manual,Petrol,1.6L,132107,5,Islamabad,1355000
Toyota,Prius,2016,Hybrid,Hatchback,Manual,Hybrid,1.8L Hybrid,88171,5,Multan,1845000
Toyota,Yaris,2022,Sedan,Sedan,Automatic,Petrol,1.5L,28924,5,Islamabad,3550000
Honda,Civic,2014,Sedan,Sedan,Manual,Petrol,1.8L,152559,5,Islamabad,1625000
Honda,Civic,2019,Sedan,Sedan,Automatic,Petrol,1.8L,72912,5,Faisalabad,3660000
Honda,Vezel,2019,Hybrid,SUV,Automatic,Hybrid,1.5L Hybrid,96962,5,Peshawar,3605000
Daihatsu,Mira,2022,Economy,Hatchback,Manual,Petrol,660cc,53298,4,Multan,1490000
Toyota,Prius,2018,Hybrid,Hatchback,Manual,Hybrid,1.8L Hybrid,87967,5,Quetta,2070000
KIA,Sportage,2025,SUV,SUV,Manual,Petrol,2.0L,11824,5,Peshawar,7105000
Suzuki,Wagon R,2021,Hatchback,Hatchback,Automatic,Petrol,1.0L,60860,5,Peshawar,1535000
Honda,City,2011,Sedan,Sedan,Manual,Petrol,1.5L,197711,5,Karachi,865000
Suzuki,Mehran,2015,Economy,Hatchback,Automatic,Petrol,800cc,155594,4,Multan,365000
Honda,Civic,2024,Sedan,Sedan,Automatic,Petrol,1.5L Turbo,27131,5,Islamabad,6485000
KIA,Sportage,2020,SUV,SUV,Automatic,Petrol,2.0L,92934,5,Islamabad,4235000
Suzuki,Swift,2024,Hatchback,Hatchback,Manual,Petrol,1.3L,16938,5,Multan,3355000
Toyota,Hilux,2010,Pickup,Pickup,Automatic,Diesel,2.8L,138917,5,Faisalabad,1645000
Hyundai,Tucson,2024,SUV,SUV,Manual,Petrol,2.0L,34466,5,Faisalabad,7550000
Honda,BR-V,2025,Family,SUV,Automatic,Petrol,1.5L,13114,7,Faisalabad,5895000
Honda,Vezel,2017,Hybrid,SUV,Automatic,Hybrid,1.5L Hybrid,106124,5,Islamabad,3180000
Toyota,Yaris,2021,Sedan,Sedan,Automatic,Petrol,1.5L,63021,5,Multan,2635000
Toyota,Hilux,2022,Pickup,Pickup,Manual,Diesel,2.4L,62154,5,Quetta,5155000
Toyota,Corolla,2013,Sedan,Sedan,Automatic,Petrol,1.6L,154808,5,Peshawar,1290000
Toyota,Prius,2026,Hybrid,Hatchback,Manual,Hybrid,1.8L Hybrid,0,5,Multan,6520000
KIA,Sportage,2021,SUV,SUV,Automatic,Petrol,2.0L,59107,5,Karachi,5050000
Toyota,Fortuner,2014,SUV,SUV,Automatic,Petrol,2.7L,140336,7,Islamabad,3345000
Suzuki,Swift,2010,Hatchback,Hatchback,Manual,Petrol,1.3L,197973,5,Quetta,570000
Honda,Vezel,2018,Hybrid,SUV,Manual,Hybrid,1.5L Hybrid,98885,5,Faisalabad,2825000
Toyota,Land Cruiser,2018,Luxury,SUV,Manual,Petrol,4.6L,98723,7,Peshawar,11860000
KIA,Sportage,2020,SUV,SUV,Manual,Petrol,2.0L,69699,5,Lahore,3795000
Suzuki,APV,2009,Van,Van,Manual,Petrol,1.5L,225613,8,Lahore,710000
Suzuki,Swift,2022,Hatchback,Hatchback,Manual,Petrol,1.3L,48783,5,Lahore,2475000
Suzuki,Bolan,2012,Economy,Van,Automatic,Petrol,800cc,208947,8,Islamabad,360000
Suzuki,Swift,2025,Hatchback,Hatchback,Automatic,Petrol,1.3L,19368,5,Islamabad,3860000
KIA,Sportage,2022,SUV,SUV,Manual,Petrol,2.0L,39329,5,Faisalabad,5035000
Suzuki,Alto,2015,Economy,Hatchback,Automatic,Petrol,1.0L,166527,4,Islamabad,630000
Toyota,Yaris,2020,Sedan,Sedan,Automatic,Petrol,1.5L,67431,5,Peshawar,2385000
Toyota,Land Cruiser,2023,Luxury,SUV,Automatic,Petrol,4.6L,35003,7,Quetta,28320000
Toyota,Hilux,2010,Pickup,Pickup,Automatic,Diesel,2.4L,233252,5,Multan,1660000
Toyota,Prius,2016,Hybrid,Hatchback,Manual,Hybrid,1.8L Hybrid,127500,5,Quetta,1510000
Toyota,Land Cruiser,2013,Luxury,SUV,Manual,Petrol,4.6L,162455,7,Faisalabad,6540000
Toyota,Prius,2010,Hybrid,Hatchback,Automatic,Hybrid,1.8L Hybrid,154428,5,Multan,1045000
KIA,Sportage,2023,SUV,SUV,Automatic,Petrol,2.0L,37431,5,Lahore,6005000
KIA,Sportage,2024,SUV,SUV,Manual,Petrol,2.0L,30436,5,Karachi,6390000
Honda,BR-V,2025,Family,SUV,Manual,Petrol,1.5L,22615,7,Peshawar,5075000
Suzuki,Wagon R,2022,Hatchback,Hatchback,Automatic,Petrol,1.0L,57109,5,Multan,1735000
KIA,Sportage,2025,SUV,SUV,Automatic,Petrol,2.0L,13774,5,Quetta,7340000
Suzuki,Swift,2025,Hatchback,Hatchback,Manual,Petrol,1.3L,22349,5,Multan,3355000
Toyota,Hilux,2018,Pickup,Pickup,Manual,Diesel,2.8L,109615,5,Peshawar,3365000
Toyota,Yaris,2025,Sedan,Sedan,Automatic,Petrol,1.5L,12125,5,Lahore,4915000
Honda,Civic,2020,Sedan,Sedan,Automatic,Petrol,1.5L Turbo,57838,5,Multan,3830000
Toyota,Fortuner,2017,SUV,SUV,Automatic,Petrol,2.7L,119647,7,Islamabad,4435000
Toyota,Prius,2015,Hybrid,Hatchback,Automatic,Hybrid,1.8L Hybrid,136583,5,Islamabad,1775000
Suzuki,Swift,2013,Hatchback,Hatchback,Manual,Petrol,1.3L,155080,5,Islamabad,755000
Toyota,Yaris,2024,Sedan,Sedan,Manual,Petrol,1.5L,42680,5,Peshawar,3705000
Honda,Vezel,2023,Hybrid,SUV,Manual,Hybrid,1.5L Hybrid,35454,5,Multan,5705000
Suzuki,Alto,2017,Economy,Hatchback,Manual,Petrol,1.0L,100186,4,Karachi,775000
Daihatsu,Mira,2010,Economy,Hatchback,Automatic,Petrol,660cc,185000,4,Karachi,425000
Suzuki,Cultus,2021,Hatchback,Hatchback,Manual,Petrol,1.0L,63834,5,Rawalpindi,1655000
Honda,BR-V,2019,Family,SUV,Automatic,Petrol,1.5L,95635,7,Karachi,2925000
Toyota,Prius,2021,Hybrid,Hatchback,Manual,Hybrid,1.8L Hybrid,74303,5,Faisalabad,3240000
Hyundai,Tucson,2026,SUV,SUV,Automatic,Petrol,2.0L,2256,5,Faisalabad,10005000
Suzuki,Alto,2016,Economy,Hatchback,Manual,Petrol,660cc,114946,4,Multan,635000
Toyota,Hilux,2010,Pickup,Pickup,Automatic,Diesel,2.8L,167922,5,Multan,1535000
Toyota,Land Cruiser,2021,Luxury,SUV,Manual,Petrol,4.6L,43915,7,Rawalpindi,20765000
Suzuki,Alto,2018,Economy,Hatchback,Automatic,Petrol,1.0L,86994,4,Multan,945000
KIA,Sportage,2024,SUV,SUV,Manual,Petrol,2.0L,13390,5,Lahore,7295000
Toyota,Land Cruiser,2019,Luxury,SUV,Automatic,Petrol,3.5L,91904,7,Faisalabad,14600000
Toyota,Yaris,2023,Sedan,Sedan,Automatic,Petrol,1.5L,46177,5,Rawalpindi,3410000
Honda,Vezel,2014,Hybrid,SUV,Automatic,Hybrid,1.5L Hybrid,162553,5,Rawalpindi,1785000
Toyota,Hilux,2015,Pickup,Pickup,Automatic,Diesel,2.4L,103885,5,Faisalabad,2180000
Honda,Vezel,2016,Hybrid,SUV,Automatic,Hybrid,1.5L Hybrid,99130,5,Peshawar,2515000
Suzuki,Cultus,2012,Hatchback,Hatchback,Automatic,Petrol,1.0L,170375,5,Quetta,485000
Toyota,Prius,2022,Hybrid,Hatchback,Automatic,Hybrid,1.8L Hybrid,38443,5,Islamabad,4195000
Daihatsu,Mira,2024,Economy,Hatchback,Automatic,Petrol,660cc,17052,4,Quetta,2000000
Honda,Civic,2019,Sedan,Sedan,Manual,Petrol,1.8L,76539,5,Quetta,3295000
Toyota,Fortuner,2014,SUV,SUV,Manual,Petrol,2.7L,148770,7,Peshawar,2860000
Honda,Civic,2018,Sedan,Sedan,Automatic,Petrol,1.8L,100066,5,Multan,3280000
Honda,Vezel,2017,Hybrid,SUV,Automatic,Hybrid,1.5L Hybrid,101511,5,Rawalpindi,3080000
Toyota,Corolla,2020,Sedan,Sedan,Automatic,Petrol,1.8L,80440,5,Rawalpindi,2895000
Suzuki,Alto,2015,Economy,Hatchback,Automatic,Petrol,660cc,140435,4,Faisalabad,610000
Honda,City,2019,Sedan,Sedan,Automatic,Petrol,1.5L,101912,5,Faisalabad,2195000
Toyota,Yaris,2022,Sedan,Sedan,Automatic,Petrol,1.3L,46711,5,Multan,3330000
Honda,Vezel,2016,Hybrid,SUV,Manual,Hybrid,1.5L Hybrid,106395,5,Peshawar,2335000
Suzuki,Wagon R,2025,Hatchback,Hatchback,Automatic,Petrol,1.0L,2874,5,Quetta,2840000
Honda,BR-V,2024,Family,SUV,Automatic,Petrol,1.5L,24061,7,Lahore,5945000
Toyota,Hilux,2010,Pickup,Pickup,Automatic,Diesel,2.4L,163445,5,Faisalabad,1440000
Suzuki,Cultus,2015,Hatchback,Hatchback,Automatic,Petrol,1.0L,116351,5,Lahore,885000
Toyota,Land Cruiser,2026,Luxury,SUV,Automatic,Petrol,4.6L,2589,7,Karachi,40515000
Hyundai,Tucson,2020,SUV,SUV,Automatic,Petrol,2.0L,66180,5,Multan,4430000
Toyota,Prius,2010,Hybrid,Hatchback,Automatic,Hybrid,1.8L Hybrid,127395,5,Faisalabad,1105000
Suzuki,Cultus,2017,Hatchback,Hatchback,Manual,Petrol,1.0L,101975,5,Rawalpindi,1005000
Daihatsu,Mira,2024,Economy,Hatchback,Automatic,Petrol,660cc,10361,4,Islamabad,2555000
Honda,Civic,2017,Sedan,Sedan,Manual,Petrol,1.5L Turbo,98615,5,Karachi,3000000
Suzuki,APV,2018,Van,Van,Automatic,Petrol,1.5L,90539,8,Lahore,1760000
Toyota,Prius,2014,Hybrid,Hatchback,Automatic,Hybrid,1.8L Hybrid,147286,5,Islamabad,1430000
Suzuki,Bolan,2017,Economy,Van,Automatic,Petrol,800cc,107291,8,Peshawar,690000
Toyota,Prius,2026,Hybrid,Hatchback,Automatic,Hybrid,1.8L Hybrid,2810,5,Karachi,7435000
Toyota,Yaris,2024,Sedan,Sedan,Automatic,Petrol,1.5L,25953,5,Multan,4370000
Honda,BR-V,2023,Family,SUV,Automatic,Petrol,1.5L,42513,7,Peshawar,4755000
Suzuki,Cultus,2019,Hatchback,Hatchback,Manual,Petrol,1.0L,62871,5,Rawalpindi,1265000
Honda,City,2025,Sedan,Sedan,Automatic,Petrol,1.5L,11596,5,Rawalpindi,4510000
Toyota,Yaris,2026,Sedan,Sedan,Automatic,Petrol,1.3L,10476,5,Multan,5320000
Suzuki,Wagon R,2017,Hatchback,Hatchback,Manual,Petrol,1.0L,89185,5,Lahore,920000
Toyota,Corolla,2022,Sedan,Sedan,Manual,Petrol,1.3L,51193,5,Karachi,4385000
Suzuki,Cultus,2023,Hatchback,Hatchback,Automatic,Petrol,1.0L,35376,5,Quetta,2270000
Daihatsu,Mira,2012,Economy,Hatchback,Automatic,Petrol,660cc,149549,4,Peshawar,430000
Toyota,Yaris,2026,Sedan,Sedan,Automatic,Petrol,1.3L,0,5,Islamabad,5500000
Suzuki,Bolan,2024,Economy,Van,Automatic,Petrol,800cc,26744,8,Quetta,1625000
Toyota,Prius,2011,Hybrid,Hatchback,Manual,Hybrid,1.8L Hybrid,153826,5,Faisalabad,1005000
Honda,Vezel,2016,Hybrid,SUV,Manual,Hybrid,1.5L Hybrid,138986,5,Faisalabad,2365000
Toyota,Hilux,2021,Pickup,Pickup,Automatic,Diesel,2.4L,64763,5,Faisalabad,5530000
Suzuki,Alto,2022,Economy,Hatchback,Automatic,Petrol,1.0L,64792,4,Quetta,1380000
Toyota,Land Cruiser,2019,Luxury,SUV,Automatic,Petrol,3.5L,57415,7,Peshawar,14785000
Toyota,Fortuner,2019,SUV,SUV,Manual,Diesel,2.8L,76267,7,Faisalabad,6315000
KIA,Sportage,2019,SUV,SUV,Automatic,Petrol,2.0L,77685,5,Faisalabad,4100000
Honda,BR-V,2023,Family,SUV,Automatic,Petrol,1.5L,35205,7,Karachi,4855000
Toyota,Fortuner,2013,SUV,SUV,Manual,Diesel,2.8L,148247,7,Multan,2880000
Suzuki,Alto,2017,Economy,Hatchback,Automatic,Petrol,1.0L,109055,4,Rawalpindi,850000
Suzuki,Alto,2018,Economy,Hatchback,Automatic,Petrol,1.0L,112097,4,Karachi,950000
Suzuki,Alto,2012,Economy,Hatchback,Automatic,Petrol,660cc,149279,4,Quetta,425000
Toyota,Land Cruiser,2016,Luxury,SUV,Automatic,Petrol,4.6L,100867,7,Peshawar,10765000
Daihatsu,Mira,2016,Economy,Hatchback,Automatic,Petrol,660cc,95166,4,Multan,635000
Toyota,Prius,2014,Hybrid,Hatchback,Manual,Hybrid,1.8L Hybrid,143681,5,Islamabad,1435000
Hyundai,Tucson,2024,SUV,SUV,Manual,Petrol,2.0L,17394,5,Karachi,7020000
Honda,Civic,2019,Sedan,Sedan,Manual,Petrol,1.8L,78524,5,Multan,3260000
Suzuki,Cultus,2014,Hatchback,Hatchback,Manual,Petrol,1.0L,160447,5,Lahore,685000
Daihatsu,Mira,2018,Economy,Hatchback,Automatic,Petrol,660cc,101465,4,Lahore,890000
KIA,Sportage,2019,SUV,SUV,Automatic,Petrol,2.0L,109153,5,Peshawar,3370000
Suzuki,Swift,2013,Hatchback,Hatchback,Automatic,Petrol,1.3L,160199,5,Faisalabad,810000
Toyota,Yaris,2020,Sedan,Sedan,Automatic,Petrol,1.3L,60233,5,Faisalabad,2610000
Toyota,Hilux,2013,Pickup,Pickup,Manual,Diesel,2.8L,162359,5,Rawalpindi,1735000
Suzuki,Wagon R,2024,Hatchback,Hatchback,Manual,Petrol,1.0L,20919,5,Karachi,2435000
Toyota,Yaris,2021,Sedan,Sedan,Automatic,Petrol,1.5L,71984,5,Quetta,2500000
Toyota,Hilux,2012,Pickup,Pickup,Manual,Diesel,2.4L,165847,5,Rawalpindi,1565000
Daihatsu,Mira,2024,Economy,Hatchback,Automatic,Petrol,660cc,29053,4,Rawalpindi,1845000
Toyota,Fortuner,2016,SUV,SUV,Manual,Diesel,2.7L,101935,7,Karachi,4360000
Toyota,Prius,2019,Hybrid,Hatchback,Manual,Hybrid,1.8L Hybrid,78134,5,Multan,2515000
Suzuki,Alto,2025,Economy,Hatchback,Manual,Petrol,660cc,3355,4,Multan,2030000
KIA,Sportage,2024,SUV,SUV,Automatic,Petrol,2.0L,32040,5,Faisalabad,6770000
Toyota,Fortuner,2026,SUV,SUV,Manual,Petrol,2.7L,3279,7,Multan,14750000
KIA,Sportage,2026,SUV,SUV,Automatic,Petrol,2.0L,633,5,Peshawar,7970000
Suzuki,Cultus,2020,Hatchback,Hatchback,Automatic,Petrol,1.0L,72654,5,Lahore,1525000
KIA,Sportage,2023,SUV,SUV,Manual,Petrol,2.0L,44309,5,Quetta,5105000
Honda,BR-V,2022,Family,SUV,Manual,Petrol,1.5L,21836,7,Rawalpindi,4295000
Toyota,Yaris,2022,Sedan,Sedan,Automatic,Petrol,1.5L,71836,5,Islamabad,3015000
Honda,Civic,2015,Sedan,Sedan,Manual,Petrol,1.5L Turbo,126605,5,Karachi,2180000
Suzuki,APV,2024,Van,Van,Automatic,Petrol,1.5L,34678,8,Peshawar,3710000
Honda,Vezel,2024,Hybrid,SUV,Manual,Hybrid,1.5L Hybrid,33209,5,Peshawar,7300000
Toyota,Corolla,2020,Sedan,Sedan,Automatic,Petrol,1.3L,91176,5,Quetta,2720000
Toyota,Hilux,2013,Pickup,Pickup,Automatic,Diesel,2.8L,148522,5,Multan,1935000
Hyundai,Tucson,2024,SUV,SUV,Automatic,Petrol,2.0L,24048,5,Lahore,8365000
KIA,Sportage,2020,SUV,SUV,Automatic,Petrol,2.0L,55974,5,Multan,4080000
Toyota,Hilux,2026,Pickup,Pickup,Manual,Diesel,2.8L,0,5,Multan,10330000
Toyota,Fortuner,2022,SUV,SUV,Manual,Diesel,2.8L,30656,7,Lahore,10325000
Honda,City,2018,Sedan,Sedan,Automatic,Petrol,1.5L,93901,5,Multan,2165000
Daihatsu,Mira,2022,Economy,Hatchback,Automatic,Petrol,660cc,40152,4,Rawalpindi,1540000
Toyota,Prius,2010,Hybrid,Hatchback,Automatic,Hybrid,1.8L Hybrid,177411,5,Islamabad,1035000
Suzuki,Swift,2012,Hatchback,Hatchback,Manual,Petrol,1.3L,166004,5,Multan,640000
Suzuki,Wagon R,2024,Hatchback,Hatchback,Automatic,Petrol,1.0L,7911,5,Islamabad,2805000
Toyota,Fortuner,2016,SUV,SUV,Manual,Petrol,2.8L,108755,7,Karachi,4435000
Toyota,Hilux,2014,Pickup,Pickup,Automatic,Diesel,2.8L,167662,5,Faisalabad,2245000
Toyota,Yaris,2025,Sedan,Sedan,Manual,Petrol,1.5L,8170,5,Peshawar,4630000
Honda,Civic,2025,Sedan,Sedan,Manual,Petrol,1.8L,14077,5,Rawalpindi,8330000
Toyota,Corolla,2020,Sedan,Sedan,Manual,Petrol,1.3L,72688,5,Karachi,3150000
Suzuki,Wagon R,2017,Hatchback,Hatchback,Automatic,Petrol,1.0L,111939,5,Lahore,965000
Suzuki,Swift,2013,Hatchback,Hatchback,Manual,Petrol,1.3L,127766,5,Islamabad,745000
Toyota,Corolla,2013,Sedan,Sedan,Automatic,Petrol,1.3L,152914,5,Peshawar,1510000
Hyundai,Tucson,2020,SUV,SUV,Manual,Petrol,2.0L,85812,5,Faisalabad,4050000
Toyota,Prius,2010,Hybrid,Hatchback,Automatic,Hybrid,1.8L Hybrid,169694,5,Karachi,1225000
KIA,Sportage,2024,SUV,SUV,Automatic,Petrol,2.0L,25186,5,Rawalpindi,6510000
Toyota,Hilux,2026,Pickup,Pickup,Manual,Diesel,2.8L,0,5,Multan,9545000
Honda,City,2019,Sedan,Sedan,Manual,Petrol,1.2L,89960,5,Lahore,2285000
Suzuki,Swift,2026,Hatchback,Hatchback,Automatic,Petrol,1.3L,0,5,Peshawar,3665000
Suzuki,Wagon R,2025,Hatchback,Hatchback,Manual,Petrol,1.0L,10633,5,Karachi,2760000
Hyundai,Tucson,2023,SUV,SUV,Manual,Petrol,2.0L,50977,5,Islamabad,5530000
Toyota,Fortuner,2018,SUV,SUV,Manual,Diesel,2.7L,95665,7,Multan,5065000
Suzuki,APV,2022,Van,Van,Automatic,Petrol,1.5L,43450,8,Peshawar,2975000
Suzuki,Bolan,2009,Economy,Van,Automatic,Petrol,800cc,218898,8,Quetta,300000
Suzuki,Mehran,2015,Economy,Hatchback,Manual,Petrol,800cc,129373,4,Lahore,385000
Honda,BR-V,2024,Family,SUV,Automatic,Petrol,1.5L,17118,7,Rawalpindi,5990000
Toyota,Corolla,2022,Sedan,Sedan,Manual,Petrol,1.3L,49024,5,Islamabad,3580000
Toyota,Hilux,2011,Pickup,Pickup,Automatic,Diesel,2.4L,161760,5,Islamabad,1500000
Honda,Civic,2013,Sedan,Sedan,Manual,Petrol,1.8L,191735,5,Rawalpindi,1610000
Suzuki,Mehran,2020,Economy,Hatchback,Manual,Petrol,800cc,79913,4,Peshawar,655000
Suzuki,Swift,2020,Hatchback,Hatchback,Automatic,Petrol,1.3L,58278,5,Multan,2175000
Toyota,Yaris,2026,Sedan,Sedan,Automatic,Petrol,1.5L,0,5,Karachi,5725000
Honda,City,2018,Sedan,Sedan,Automatic,Petrol,1.2L,69803,5,Islamabad,2010000
Toyota,Prius,2014,Hybrid,Hatchback,Automatic,Hybrid,1.8L Hybrid,155550,5,Rawalpindi,1400000
Honda,City,2012,Sedan,Sedan,Manual,Petrol,1.5L,181247,5,Faisalabad,1020000
Honda,Civic,2026,Sedan,Sedan,Automatic,Petrol,1.5L Turbo,3053,5,Quetta,8490000
Honda,Vezel,2016,Hybrid,SUV,Manual,Hybrid,1.5L Hybrid,139100,5,Lahore,2425000
Honda,Vezel,2016,Hybrid,SUV,Automatic,Hybrid,1.5L Hybrid,118467,5,Rawalpindi,2910000
Honda,Vezel,2024,Hybrid,SUV,Automatic,Hybrid,1.5L Hybrid,27599,5,Rawalpindi,6800000
Honda,Civic,2026,Sedan,Sedan,Manual,Petrol,1.8L,3448,5,Multan,8300000
Suzuki,Wagon R,2025,Hatchback,Hatchback,Automatic,Petrol,1.0L,13845,5,Peshawar,2530000
Toyota,Prius,2012,Hybrid,Hatchback,Automatic,Hybrid,1.8L Hybrid,144800,5,Quetta,1165000
Toyota,Prius,2020,Hybrid,Hatchback,Manual,Hybrid,1.8L Hybrid,70162,5,Multan,2740000
Daihatsu,Mira,2025,Economy,Hatchback,Automatic,Petrol,660cc,7587,4,Peshawar,2550000
Toyota,Yaris,2022,Sedan,Sedan,Automatic,Petrol,1.3L,49534,5,Multan,3115000
Toyota,Prius,2019,Hybrid,Hatchback,Automatic,Hybrid,1.8L Hybrid,100496,5,Multan,2635000
Toyota,Fortuner,2025,SUV,SUV,Manual,Diesel,2.8L,4728,7,Lahore,14730000
Suzuki,Wagon R,2017,Hatchback,Hatchback,Automatic,Petrol,1.0L,90081,5,Karachi,1025000
Toyota,Yaris,2026,Sedan,Sedan,Automatic,Petrol,1.3L,14353,5,Lahore,4610000
Honda,City,2012,Sedan,Sedan,Automatic,Petrol,1.2L,165462,5,Rawalpindi,1060000
Suzuki,Mehran,2009,Economy,Hatchback,Automatic,Petrol,800cc,149019,4,Karachi,280000
Toyota,Prius,2012,Hybrid,Hatchback,Automatic,Hybrid,1.8L Hybrid,195192,5,Multan,1065000
Toyota,Yaris,2026,Sedan,Sedan,Automatic,Petrol,1.5L,14248,5,Islamabad,5510000
Honda,City,2017,Sedan,Sedan,Automatic,Petrol,1.5L,96183,5,Multan,1685000
Honda,Vezel,2026,Hybrid,SUV,Automatic,Hybrid,1.5L Hybrid,944,5,Lahore,7980000
Toyota,Yaris,2020,Sedan,Sedan,Manual,Petrol,1.5L,67482,5,Lahore,2335000
Suzuki,APV,2022,Van,Van,Manual,Petrol,1.5L,53369,8,Islamabad,2940000
Suzuki,APV,2022,Van,Van,Automatic,Petrol,1.5L,29553,8,Multan,3055000
Toyota,Yaris,2022,Sedan,Sedan,Automatic,Petrol,1.3L,53366,5,Multan,3240000
Toyota,Prius,2026,Hybrid,Hatchback,Automatic,Hybrid,1.8L Hybrid,6788,5,Peshawar,7035000
Suzuki,APV,2017,Van,Van,Automatic,Petrol,1.5L,125170,8,Rawalpindi,1455000
Toyota,Yaris,2023,Sedan,Sedan,Automatic,Petrol,1.3L,39694,5,Karachi,3700000
Toyota,Yaris,2023,Sedan,Sedan,Automatic,Petrol,1.3L,41616,5,Faisalabad,3160000
Honda,Civic,2024,Sedan,Sedan,Manual,Petrol,1.5L Turbo,17403,5,Islamabad,6665000
Suzuki,Cultus,2015,Hatchback,Hatchback,Automatic,Petrol,1.0L,181793,5,Quetta,705000
Hyundai,Tucson,2022,SUV,SUV,Manual,Petrol,2.0L,67792,5,Karachi,5565000
Toyota,Corolla,2013,Sedan,Sedan,Automatic,Petrol,1.6L,121770,5,Lahore,1305000
Hyundai,Tucson,2020,SUV,SUV,Automatic,Petrol,2.0L,36056,5,Karachi,5085000
Toyota,Fortuner,2015,SUV,SUV,Manual,Petrol,2.8L,128923,7,Rawalpindi,3545000
KIA,Sportage,2023,SUV,SUV,Manual,Petrol,2.0L,33917,5,Peshawar,5500000
Toyota,Fortuner,2013,SUV,SUV,Manual,Diesel,2.8L,148426,7,Karachi,2960000
Suzuki,Mehran,2014,Economy,Hatchback,Automatic,Petrol,800cc,114009,4,Peshawar,370000
Suzuki,Alto,2023,Economy,Hatchback,Automatic,Petrol,1.0L,50420,4,Multan,1685000
Daihatsu,Mira,2026,Economy,Hatchback,Automatic,Petrol,660cc,0,4,Peshawar,2655000
Honda,Vezel,2014,Hybrid,SUV,Automatic,Hybrid,1.5L Hybrid,157268,5,Quetta,1730000
Daihatsu,Mira,2017,Economy,Hatchback,Manual,Petrol,660cc,104376,4,Rawalpindi,780000
Toyota,Yaris,2020,Sedan,Sedan,Manual,Petrol,1.3L,56936,5,Rawalpindi,2255000
Toyota,Prius,2017,Hybrid,Hatchback,Manual,Hybrid,1.8L Hybrid,96999,5,Karachi,2170000
Toyota,Fortuner,2021,SUV,SUV,Automatic,Petrol,2.7L,66402,7,Lahore,8125000
Toyota,Corolla,2021,Sedan,Sedan,Manual,Petrol,1.6L,67692,5,Islamabad,3370000
Honda,Vezel,2016,Hybrid,SUV,Automatic,Hybrid,1.5L Hybrid,120461,5,Peshawar,2240000
Honda,BR-V,2017,Family,SUV,Manual,Petrol,1.5L,116861,7,Multan,2080000
Toyota,Yaris,2020,Sedan,Sedan,Automatic,Petrol,1.5L,68689,5,Lahore,2610000
Honda,City,2017,Sedan,Sedan,Automatic,Petrol,1.2L,109772,5,Rawalpindi,1850000
Honda,Civic,2023,Sedan,Sedan,Manual,Petrol,1.5L Turbo,34222,5,Karachi,5690000
Suzuki,Cultus,2026,Hatchback,Hatchback,Automatic,Petrol,1.0L,0,5,Multan,3200000
Toyota,Land Cruiser,2013,Luxury,SUV,Automatic,Petrol,4.6L,160845,7,Quetta,6645000
Honda,BR-V,2020,Family,SUV,Automatic,Petrol,1.5L,78295,7,Karachi,2950000
Toyota,Fortuner,2022,SUV,SUV,Automatic,Diesel,2.7L,37707,7,Islamabad,10245000
Toyota,Hilux,2025,Pickup,Pickup,Automatic,Diesel,2.4L,16752,5,Quetta,8040000
Toyota,Hilux,2012,Pickup,Pickup,Automatic,Diesel,2.8L,150998,5,Lahore,1915000
Honda,City,2018,Sedan,Sedan,Automatic,Petrol,1.2L,75351,5,Multan,2155000
Honda,City,2020,Sedan,Sedan,Manual,Petrol,1.5L,66853,5,Multan,2480000
Toyota,Prius,2012,Hybrid,Hatchback,Manual,Hybrid,1.8L Hybrid,184099,5,Multan,1010000
Toyota,Prius,2013,Hybrid,Hatchback,Automatic,Hybrid,1.8L Hybrid,163253,5,Karachi,1215000
Toyota,Prius,2011,Hybrid,Hatchback,Manual,Hybrid,1.8L Hybrid,186571,5,Peshawar,935000
Daihatsu,Mira,2016,Economy,Hatchback,Automatic,Petrol,660cc,127576,4,Multan,675000
Suzuki,Bolan,2023,Economy,Van,Automatic,Petrol,800cc,28731,8,Karachi,1665000
KIA,Sportage,2024,SUV,SUV,Manual,Petrol,2.0L,25279,5,Islamabad,5725000
Suzuki,Bolan,2024,Economy,Van,Manual,Petrol,800cc,14717,8,Multan,1710000
Suzuki,Swift,2020,Hatchback,Hatchback,Manual,Petrol,1.3L,73619,5,Quetta,1825000
Toyota,Fortuner,2024,SUV,SUV,Automatic,Diesel,2.8L,4474,7,Multan,12400000
Toyota,Land Cruiser,2015,Luxury,SUV,Manual,Petrol,4.6L,90613,7,Karachi,9855000
Suzuki,Swift,2012,Hatchback,Hatchback,Automatic,Petrol,1.3L,126628,5,Lahore,780000
Toyota,Prius,2010,Hybrid,Hatchback,Automatic,Hybrid,1.8L Hybrid,201234,5,Islamabad,1085000
Honda,Vezel,2014,Hybrid,SUV,Automatic,Hybrid,1.5L Hybrid,110406,5,Multan,2095000
KIA,Sportage,2023,SUV,SUV,Manual,Petrol,2.0L,31833,5,Karachi,5445000
Honda,City,2015,Sedan,Sedan,Automatic,Petrol,1.5L,118330,5,Karachi,1385000
Suzuki,Swift,2025,Hatchback,Hatchback,Automatic,Petrol,1.3L,11661,5,Rawalpindi,3490000
Suzuki,Mehran,2019,Economy,Hatchback,Automatic,Petrol,800cc,86830,4,Faisalabad,685000
Toyota,Hilux,2020,Pickup,Pickup,Manual,Diesel,2.4L,69421,5,Karachi,4670000
Honda,City,2017,Sedan,Sedan,Manual,Petrol,1.5L,128126,5,Peshawar,1820000
Toyota,Land Cruiser,2019,Luxury,SUV,Manual,Petrol,3.5L,68408,7,Karachi,15155000
Honda,BR-V,2021,Family,SUV,Manual,Petrol,1.5L,39999,7,Quetta,3580000
Toyota,Yaris,2023,Sedan,Sedan,Manual,Petrol,1.5L,47863,5,Islamabad,3170000
Toyota,Land Cruiser,2019,Luxury,SUV,Automatic,Petrol,3.5L,92110,7,Peshawar,13550000
KIA,Sportage,2020,SUV,SUV,Manual,Petrol,2.0L,56027,5,Karachi,4145000
Suzuki,Cultus,2014,Hatchback,Hatchback,Automatic,Petrol,1.0L,136848,5,Karachi,705000
Suzuki,APV,2019,Van,Van,Manual,Petrol,1.5L,99356,8,Karachi,1935000
KIA,Sportage,2022,SUV,SUV,Manual,Petrol,2.0L,48131,5,Peshawar,4820000
Suzuki,Cultus,2021,Hatchback,Hatchback,Manual,Petrol,1.0L,57618,5,Faisalabad,1720000
Hyundai,Tucson,2022,SUV,SUV,Automatic,Petrol,2.0L,62147,5,Karachi,6230000
Hyundai,Tucson,2022,SUV,SUV,Automatic,Petrol,2.0L,62104,5,Islamabad,5590000
Hyundai,Tucson,2023,SUV,SUV,Manual,Petrol,2.0L,45933,5,Faisalabad,5575000
Suzuki,Swift,2025,Hatchback,Hatchback,Automatic,Petrol,1.3L,16017,5,Multan,3710000
KIA,Sportage,2026,SUV,SUV,Automatic,Petrol,2.0L,0,5,Faisalabad,8740000
Honda,BR-V,2025,Family,SUV,Manual,Petrol,1.5L,17792,7,Rawalpindi,4670000
Suzuki,Mehran,2017,Economy,Hatchback,Manual,Petrol,800cc,124596,4,Quetta,445000
Toyota,Land Cruiser,2024,Luxury,SUV,Automatic,Petrol,3.5L,18191,7,Quetta,29905000
Toyota,Land Cruiser,2024,Luxury,SUV,Automatic,Petrol,3.5L,13998,7,Multan,29795000
Honda,Vezel,2018,Hybrid,SUV,Automatic,Hybrid,1.5L Hybrid,109764,5,Quetta,2965000
Hyundai,Tucson,2020,SUV,SUV,Automatic,Petrol,2.0L,67282,5,Multan,4445000
Toyota,Land Cruiser,2023,Luxury,SUV,Automatic,Petrol,4.6L,31965,7,Multan,23165000
Toyota,Yaris,2021,Sedan,Sedan,Automatic,Petrol,1.3L,62808,5,Multan,2610000
Suzuki,Swift,2013,Hatchback,Hatchback,Automatic,Petrol,1.3L,136521,5,Lahore,935000
Toyota,Hilux,2015,Pickup,Pickup,Automatic,Diesel,2.8L,111374,5,Quetta,2090000
Toyota,Hilux,2025,Pickup,Pickup,Manual,Diesel,2.8L,18465,5,Islamabad,8700000
Suzuki,Cultus,2011,Hatchback,Hatchback,Automatic,Petrol,1.0L,152601,5,Rawalpindi,455000
Suzuki,APV,2026,Van,Van,Manual,Petrol,1.5L,0,8,Quetta,4515000
Suzuki,APV,2021,Van,Van,Automatic,Petrol,1.5L,58384,8,Islamabad,2735000
Honda,Civic,2022,Sedan,Sedan,Automatic,Petrol,1.8L,48725,5,Multan,5460000
Suzuki,Wagon R,2014,Hatchback,Hatchback,Automatic,Petrol,1.0L,137566,5,Faisalabad,655000
Suzuki,Swift,2021,Hatchback,Hatchback,Automatic,Petrol,1.3L,56001,5,Lahore,2440000
KIA,Sportage,2021,SUV,SUV,Manual,Petrol,2.0L,64682,5,Faisalabad,4105000
Suzuki,Cultus,2024,Hatchback,Hatchback,Manual,Petrol,1.0L,28028,5,Multan,2410000
Toyota,Yaris,2026,Sedan,Sedan,Automatic,Petrol,1.3L,0,5,Peshawar,5170000
Suzuki,Wagon R,2026,Hatchback,Hatchback,Manual,Petrol,1.0L,0,5,Lahore,2855000
KIA,Sportage,2020,SUV,SUV,Manual,Petrol,2.0L,65596,5,Peshawar,4035000
Hyundai,Tucson,2024,SUV,SUV,Automatic,Petrol,2.0L,45721,5,Lahore,6875000
KIA,Sportage,2019,SUV,SUV,Automatic,Petrol,2.0L,93860,5,Rawalpindi,3710000
Toyota,Prius,2016,Hybrid,Hatchback,Automatic,Hybrid,1.8L Hybrid,112220,5,Karachi,2065000
Suzuki,APV,2015,Van,Van,Manual,Petrol,1.5L,158295,8,Faisalabad,1080000
Toyota,Land Cruiser,2021,Luxury,SUV,Automatic,Petrol,4.6L,66274,7,Quetta,17075000
Suzuki,Bolan,2023,Economy,Van,Automatic,Petrol,800cc,45556,8,Multan,1505000
Suzuki,Alto,2019,Economy,Hatchback,Automatic,Petrol,1.0L,74261,4,Lahore,1070000
Daihatsu,Mira,2020,Economy,Hatchback,Automatic,Petrol,660cc,79412,4,Peshawar,1130000
Toyota,Yaris,2022,Sedan,Sedan,Manual,Petrol,1.3L,53723,5,Peshawar,2500000
Toyota,Corolla,2010,Sedan,Sedan,Automatic,Petrol,1.8L,181619,5,Rawalpindi,1195000
Daihatsu,Mira,2016,Economy,Hatchback,Manual,Petrol,660cc,145606,4,Rawalpindi,640000
Toyota,Hilux,2022,Pickup,Pickup,Automatic,Diesel,2.8L,34870,5,Quetta,5400000
Honda,BR-V,2018,Family,SUV,Manual,Petrol,1.5L,72501,7,Faisalabad,2325000
Toyota,Hilux,2020,Pickup,Pickup,Manual,Diesel,2.4L,67715,5,Rawalpindi,4315000
Honda,City,2020,Sedan,Sedan,Automatic,Petrol,1.2L,70615,5,Peshawar,2695000
Suzuki,Alto,2019,Economy,Hatchback,Automatic,Petrol,660cc,106842,4,Islamabad,1120000
Toyota,Land Cruiser,2017,Luxury,SUV,Automatic,Petrol,3.5L,101128,7,Quetta,11820000
Suzuki,APV,2018,Van,Van,Manual,Petrol,1.5L,114143,8,Lahore,1700000
Honda,BR-V,2023,Family,SUV,Manual,Petrol,1.5L,37030,7,Islamabad,4345000
Suzuki,Mehran,2010,Economy,Hatchback,Automatic,Petrol,800cc,150492,4,Quetta,225000
Suzuki,Bolan,2010,Economy,Van,Automatic,Petrol,800cc,207035,8,Rawalpindi,330000
Toyota,Corolla,2013,Sedan,Sedan,Automatic,Petrol,1.8L,150308,5,Peshawar,1270000
Suzuki,APV,2024,Van,Van,Automatic,Petrol,1.5L,28898,8,Islamabad,3730000
Honda,BR-V,2019,Family,SUV,Manual,Petrol,1.5L,84046,7,Rawalpindi,2570000
Honda,BR-V,2019,Family,SUV,Manual,Petrol,1.5L,94672,7,Quetta,2255000
Toyota,Yaris,2024,Sedan,Sedan,Automatic,Petrol,1.3L,20306,5,Lahore,4475000
Suzuki,Swift,2017,Hatchback,Hatchback,Manual,Petrol,1.3L,123366,5,Lahore,1530000
Honda,Vezel,2021,Hybrid,SUV,Manual,Hybrid,1.5L Hybrid,52654,5,Faisalabad,4920000
Suzuki,Wagon R,2016,Hatchback,Hatchback,Manual,Petrol,1.0L,105062,5,Karachi,755000
Suzuki,Swift,2014,Hatchback,Hatchback,Manual,Petrol,1.3L,160644,5,Karachi,905000
Suzuki,Bolan,2025,Economy,Van,Manual,Petrol,800cc,0,8,Rawalpindi,2120000
Toyota,Corolla,2019,Sedan,Sedan,Automatic,Petrol,1.6L,82219,5,Islamabad,2695000
Suzuki,APV,2012,Van,Van,Automatic,Petrol,1.5L,154590,8,Karachi,955000
Toyota,Fortuner,2017,SUV,SUV,Automatic,Petrol,2.7L,115063,7,Faisalabad,4630000
Honda,Vezel,2021,Hybrid,SUV,Manual,Hybrid,1.5L Hybrid,77123,5,Karachi,4360000
Toyota,Prius,2012,Hybrid,Hatchback,Automatic,Hybrid,1.8L Hybrid,192776,5,Quetta,1130000
Toyota,Corolla,2025,Sedan,Sedan,Manual,Petrol,1.8L,18691,5,Quetta,5650000
Daihatsu,Mira,2010,Economy,Hatchback,Automatic,Petrol,660cc,192741,4,Islamabad,445000
Suzuki,Bolan,2007,Economy,Van,Manual,Petrol,800cc,240601,8,Rawalpindi,330000
Suzuki,Swift,2016,Hatchback,Hatchback,Manual,Petrol,1.3L,124495,5,Peshawar,1210000
Suzuki,Swift,2024,Hatchback,Hatchback,Automatic,Petrol,1.3L,21652,5,Multan,3615000
Toyota,Fortuner,2019,SUV,SUV,Manual,Diesel,2.8L,92968,7,Karachi,6490000
Toyota,Yaris,2021,Sedan,Sedan,Manual,Petrol,1.3L,58414,5,Lahore,2770000
Suzuki,Bolan,2006,Economy,Van,Manual,Petrol,800cc,246983,8,Karachi,295000
Honda,BR-V,2020,Family,SUV,Automatic,Petrol,1.5L,72794,7,Multan,3045000
Suzuki,Alto,2013,Economy,Hatchback,Automatic,Petrol,1.0L,168717,4,Karachi,515000
Toyota,Corolla,2014,Sedan,Sedan,Manual,Petrol,1.8L,135202,5,Islamabad,1395000
Toyota,Land Cruiser,2018,Luxury,SUV,Automatic,Petrol,4.6L,115458,7,Multan,11635000
Toyota,Prius,2024,Hybrid,Hatchback,Automatic,Hybrid,1.8L Hybrid,28707,5,Quetta,5025000
Daihatsu,Mira,2024,Economy,Hatchback,Automatic,Petrol,660cc,26587,4,Karachi,2075000
Toyota,Prius,2016,Hybrid,Hatchback,Manual,Hybrid,1.8L Hybrid,104644,5,Karachi,1950000
Toyota,Hilux,2022,Pickup,Pickup,Automatic,Diesel,2.4L,38970,5,Karachi,6475000
Daihatsu,Mira,2020,Economy,Hatchback,Automatic,Petrol,660cc,50801,4,Faisalabad,1280000
KIA,Sportage,2026,SUV,SUV,Automatic,Petrol,2.0L,9405,5,Karachi,7910000
Suzuki,Wagon R,2020,Hatchback,Hatchback,Automatic,Petrol,1.0L,67996,5,Peshawar,1460000
Toyota,Prius,2015,Hybrid,Hatchback,Manual,Hybrid,1.8L Hybrid,123825,5,Rawalpindi,1705000
Toyota,Corolla,2008,Sedan,Sedan,Manual,Petrol,1.6L,251922,5,Lahore,855000
Toyota,Hilux,2023,Pickup,Pickup,Automatic,Diesel,2.8L,38095,5,Quetta,6000000
Suzuki,Bolan,2010,Economy,Van,Manual,Petrol,800cc,204159,8,Multan,320000
Suzuki,Bolan,2008,Economy,Van,Manual,Petrol,800cc,177820,8,Islamabad,310000
Toyota,Corolla,2022,Sedan,Sedan,Manual,Petrol,1.3L,43854,5,Peshawar,3865000
Suzuki,Wagon R,2024,Hatchback,Hatchback,Automatic,Petrol,1.0L,25832,5,Lahore,2375000
Suzuki,Cultus,2026,Hatchback,Hatchback,Manual,Petrol,1.0L,10367,5,Karachi,3055000
KIA,Sportage,2023,SUV,SUV,Manual,Petrol,2.0L,35673,5,Islamabad,5885000
Suzuki,Alto,2016,Economy,Hatchback,Manual,Petrol,1.0L,136556,4,Rawalpindi,665000
Toyota,Hilux,2010,Pickup,Pickup,Manual,Diesel,2.8L,172483,5,Faisalabad,1480000
Toyota,Fortuner,2019,SUV,SUV,Automatic,Diesel,2.8L,82767,7,Islamabad,6480000
KIA,Sportage,2019,SUV,SUV,Manual,Petrol,2.0L,79826,5,Lahore,3675000
Toyota,Prius,2022,Hybrid,Hatchback,Automatic,Hybrid,1.8L Hybrid,59434,5,Quetta,3910000
Honda,City,2011,Sedan,Sedan,Manual,Petrol,1.5L,152040,5,Quetta,800000
Suzuki,Alto,2014,Economy,Hatchback,Automatic,Petrol,1.0L,160927,4,Quetta,500000
Toyota,Land Cruiser,2021,Luxury,SUV,Automatic,Petrol,3.5L,38499,7,Multan,19530000
Suzuki,Wagon R,2019,Hatchback,Hatchback,Automatic,Petrol,1.0L,69965,5,Multan,1165000
Suzuki,Wagon R,2019,Hatchback,Hatchback,Manual,Petrol,1.0L,71801,5,Multan,1185000
Honda,BR-V,2026,Family,SUV,Automatic,Petrol,1.5L,11404,7,Rawalpindi,6815000
Suzuki,Wagon R,2018,Hatchback,Hatchback,Automatic,Petrol,1.0L,93118,5,Quetta,1015000
Suzuki,Swift,2023,Hatchback,Hatchback,Automatic,Petrol,1.3L,35154,5,Multan,2920000
Suzuki,Mehran,2009,Economy,Hatchback,Manual,Petrol,800cc,211101,4,Quetta,210000
Suzuki,Bolan,2026,Economy,Van,Manual,Petrol,800cc,0,8,Faisalabad,2195000
Toyota,Land Cruiser,2025,Luxury,SUV,Manual,Petrol,4.6L,25264,7,Karachi,32650000
Toyota,Fortuner,2017,SUV,SUV,Manual,Petrol,2.8L,110350,7,Peshawar,4330000
Toyota,Yaris,2026,Sedan,Sedan,Manual,Petrol,1.5L,0,5,Islamabad,4690000
Toyota,Fortuner,2014,SUV,SUV,Automatic,Petrol,2.8L,141461,7,Islamabad,3510000
Suzuki,APV,2023,Van,Van,Automatic,Petrol,1.5L,37007,8,Peshawar,3365000
Suzuki,Alto,2024,Economy,Hatchback,Manual,Petrol,1.0L,26713,4,Peshawar,1855000
Suzuki,Alto,2016,Economy,Hatchback,Manual,Petrol,1.0L,129735,4,Multan,700000
Suzuki,Cultus,2012,Hatchback,Hatchback,Automatic,Petrol,1.0L,166802,5,Lahore,605000
Honda,City,2025,Sedan,Sedan,Manual,Petrol,1.5L,19732,5,Peshawar,4625000
Suzuki,APV,2013,Van,Van,Automatic,Petrol,1.5L,144344,8,Faisalabad,885000
KIA,Sportage,2022,SUV,SUV,Manual,Petrol,2.0L,54824,5,Quetta,4795000
Suzuki,Swift,2022,Hatchback,Hatchback,Manual,Petrol,1.3L,53133,5,Peshawar,2470000
Honda,BR-V,2017,Family,SUV,Manual,Petrol,1.5L,133754,7,Karachi,2005000
Honda,BR-V,2020,Family,SUV,Manual,Petrol,1.5L,96534,7,Islamabad,2800000
Honda,BR-V,2024,Family,SUV,Automatic,Petrol,1.5L,32375,7,Rawalpindi,5195000
Suzuki,APV,2022,Van,Van,Manual,Petrol,1.5L,67389,8,Peshawar,2175000
Toyota,Prius,2020,Hybrid,Hatchback,Manual,Hybrid,1.8L Hybrid,80372,5,Islamabad,2640000
Daihatsu,Mira,2018,Economy,Hatchback,Automatic,Petrol,660cc,99724,4,Islamabad,880000
Suzuki,Mehran,2024,Economy,Hatchback,Manual,Petrol,800cc,11485,4,Lahore,1250000
Toyota,Fortuner,2015,SUV,SUV,Manual,Diesel,2.7L,114617,7,Quetta,3615000
Honda,Vezel,2015,Hybrid,SUV,Automatic,Hybrid,1.5L Hybrid,97170,5,Multan,2230000
Honda,City,2018,Sedan,Sedan,Manual,Petrol,1.5L,95117,5,Quetta,1990000
Honda,City,2022,Sedan,Sedan,Automatic,Petrol,1.5L,48302,5,Faisalabad,3275000
Toyota,Corolla,2009,Sedan,Sedan,Automatic,Petrol,1.6L,191567,5,Peshawar,920000
Toyota,Prius,2018,Hybrid,Hatchback,Manual,Hybrid,1.8L Hybrid,104785,5,Karachi,2170000
Suzuki,APV,2017,Van,Van,Manual,Petrol,1.5L,96853,8,Multan,1450000
Toyota,Prius,2012,Hybrid,Hatchback,Manual,Hybrid,1.8L Hybrid,158461,5,Multan,1165000
Suzuki,Swift,2025,Hatchback,Hatchback,Automatic,Petrol,1.3L,9196,5,Islamabad,3815000
Hyundai,Tucson,2026,SUV,SUV,Automatic,Petrol,2.0L,162,5,Quetta,9085000
Toyota,Prius,2020,Hybrid,Hatchback,Manual,Hybrid,1.8L Hybrid,77210,5,Islamabad,2905000
KIA,Sportage,2020,SUV,SUV,Automatic,Petrol,2.0L,83065,5,Quetta,4200000
Honda,BR-V,2026,Family,SUV,Automatic,Petrol,1.5L,3779,7,Islamabad,6960000
Toyota,Yaris,2023,Sedan,Sedan,Manual,Petrol,1.5L,38243,5,Islamabad,3095000
Daihatsu,Mira,2021,Economy,Hatchback,Automatic,Petrol,660cc,44076,4,Islamabad,1540000
Honda,Vezel,2021,Hybrid,SUV,Automatic,Hybrid,1.5L Hybrid,49679,5,Multan,4835000
Suzuki,Cultus,2018,Hatchback,Hatchback,Manual,Petrol,1.0L,114255,5,Rawalpindi,1130000
Suzuki,Wagon R,2016,Hatchback,Hatchback,Manual,Petrol,1.0L,80710,5,Karachi,845000
Toyota,Corolla,2012,Sedan,Sedan,Manual,Petrol,1.6L,200647,5,Karachi,1010000
Suzuki,APV,2017,Van,Van,Manual,Petrol,1.5L,85074,8,Faisalabad,1875000
Suzuki,Mehran,2014,Economy,Hatchback,Automatic,Petrol,800cc,175913,4,Faisalabad,370000
Honda,BR-V,2024,Family,SUV,Automatic,Petrol,1.5L,34078,7,Islamabad,5360000
KIA,Sportage,2025,SUV,SUV,Manual,Petrol,2.0L,18347,5,Karachi,7660000
Toyota,Land Cruiser,2015,Luxury,SUV,Manual,Petrol,4.6L,115108,7,Faisalabad,8375000
Toyota,Fortuner,2018,SUV,SUV,Manual,Petrol,2.8L,79231,7,Peshawar,5830000
Suzuki,APV,2021,Van,Van,Manual,Petrol,1.5L,65680,8,Peshawar,2115000
KIA,Sportage,2021,SUV,SUV,Automatic,Petrol,2.0L,55335,5,Lahore,5175000
Suzuki,Bolan,2018,Economy,Van,Manual,Petrol,800cc,113355,8,Multan,725000
Toyota,Corolla,2023,Sedan,Sedan,Automatic,Petrol,1.8L,25381,5,Lahore,5605000
Honda,BR-V,2023,Family,SUV,Automatic,Petrol,1.5L,36164,7,Karachi,4995000
Toyota,Prius,2013,Hybrid,Hatchback,Automatic,Hybrid,1.8L Hybrid,159601,5,Multan,1195000
KIA,Sportage,2019,SUV,SUV,Automatic,Petrol,2.0L,97053,5,Quetta,3910000
Toyota,Prius,2011,Hybrid,Hatchback,Automatic,Hybrid,1.8L Hybrid,156707,5,Peshawar,1005000
Toyota,Corolla,2008,Sedan,Sedan,Manual,Petrol,1.8L,234846,5,Faisalabad,995000
Toyota,Corolla,2014,Sedan,Sedan,Manual,Petrol,1.8L,147634,5,Karachi,1540000
Toyota,Land Cruiser,2017,Luxury,SUV,Automatic,Petrol,4.6L,115397,7,Multan,12220000
Daihatsu,Mira,2018,Economy,Hatchback,Automatic,Petrol,660cc,83703,4,Rawalpindi,1010000
Honda,City,2011,Sedan,Sedan,Manual,Petrol,1.2L,216625,5,Quetta,705000
Honda,Vezel,2014,Hybrid,SUV,Manual,Hybrid,1.5L Hybrid,147827,5,Lahore,1770000
Toyota,Land Cruiser,2021,Luxury,SUV,Manual,Petrol,4.6L,76551,7,Peshawar,20400000
Hyundai,Tucson,2020,SUV,SUV,Manual,Petrol,2.0L,77978,5,Faisalabad,4280000
Suzuki,Cultus,2018,Hatchback,Hatchback,Manual,Petrol,1.0L,106687,5,Multan,1105000
Toyota,Land Cruiser,2025,Luxury,SUV,Manual,Petrol,3.5L,28351,7,Peshawar,28995000
Suzuki,Swift,2012,Hatchback,Hatchback,Automatic,Petrol,1.3L,219459,5,Lahore,715000
Toyota,Prius,2017,Hybrid,Hatchback,Automatic,Hybrid,1.8L Hybrid,134068,5,Quetta,2105000
Honda,BR-V,2017,Family,SUV,Manual,Petrol,1.5L,99232,7,Peshawar,2025000
Daihatsu,Mira,2019,Economy,Hatchback,Automatic,Petrol,660cc,77629,4,Lahore,1205000
Suzuki,Alto,2024,Economy,Hatchback,Automatic,Petrol,1.0L,24494,4,Karachi,2105000
Suzuki,Swift,2023,Hatchback,Hatchback,Manual,Petrol,1.3L,35680,5,Multan,2730000
Toyota,Land Cruiser,2024,Luxury,SUV,Manual,Petrol,3.5L,12564,7,Islamabad,28525000
Toyota,Prius,2015,Hybrid,Hatchback,Automatic,Hybrid,1.8L Hybrid,139069,5,Quetta,1515000
Suzuki,Cultus,2018,Hatchback,Hatchback,Manual,Petrol,1.0L,73091,5,Multan,1195000
Toyota,Corolla,2011,Sedan,Sedan,Manual,Petrol,1.3L,151925,5,Multan,790000
Suzuki,Alto,2013,Economy,Hatchback,Automatic,Petrol,660cc,147063,4,Lahore,550000
Honda,Civic,2013,Sedan,Sedan,Manual,Petrol,1.8L,147403,5,Multan,1535000
Toyota,Corolla,2015,Sedan,Sedan,Manual,Petrol,1.3L,118035,5,Multan,1445000
Suzuki,Wagon R,2025,Hatchback,Hatchback,Manual,Petrol,1.0L,27160,5,Quetta,2430000
Toyota,Land Cruiser,2013,Luxury,SUV,Automatic,Petrol,4.6L,189263,7,Rawalpindi,6990000
Toyota,Prius,2016,Hybrid,Hatchback,Automatic,Hybrid,1.8L Hybrid,116895,5,Faisalabad,1860000
KIA,Sportage,2020,SUV,SUV,Automatic,Petrol,2.0L,77233,5,Multan,3805000
Hyundai,Tucson,2023,SUV,SUV,Automatic,Petrol,2.0L,31422,5,Lahore,7285000
Suzuki,Bolan,2011,Economy,Van,Automatic,Petrol,800cc,202694,8,Islamabad,345000
Suzuki,Wagon R,2019,Hatchback,Hatchback,Automatic,Petrol,1.0L,102566,5,Peshawar,1110000
Suzuki,Wagon R,2022,Hatchback,Hatchback,Manual,Petrol,1.0L,58038,5,Multan,1415000
Honda,BR-V,2025,Family,SUV,Manual,Petrol,1.5L,15005,7,Karachi,5225000
Toyota,Corolla,2018,Sedan,Sedan,Automatic,Petrol,1.6L,77753,5,Islamabad,2790000
Suzuki,Mehran,2025,Economy,Hatchback,Manual,Petrol,800cc,10985,4,Islamabad,1295000
Honda,Civic,2018,Sedan,Sedan,Manual,Petrol,1.8L,83952,5,Islamabad,3070000
Honda,BR-V,2021,Family,SUV,Automatic,Petrol,1.5L,75555,7,Karachi,3805000
Daihatsu,Mira,2026,Economy,Hatchback,Automatic,Petrol,660cc,0,4,Rawalpindi,2735000
Honda,City,2013,Sedan,Sedan,Manual,Petrol,1.2L,144038,5,Multan,990000
Suzuki,Mehran,2023,Economy,Hatchback,Automatic,Petrol,800cc,40243,4,Quetta,1060000
Suzuki,Wagon R,2020,Hatchback,Hatchback,Automatic,Petrol,1.0L,77141,5,Peshawar,1265000
Toyota,Yaris,2023,Sedan,Sedan,Automatic,Petrol,1.3L,25168,5,Faisalabad,3675000
Suzuki,Alto,2016,Economy,Hatchback,Manual,Petrol,1.0L,126324,4,Lahore,740000
Suzuki,Bolan,2008,Economy,Van,Automatic,Petrol,800cc,177161,8,Islamabad,345000
Honda,City,2025,Sedan,Sedan,Manual,Petrol,1.2L,0,5,Lahore,5940000
Suzuki,Cultus,2012,Hatchback,Hatchback,Automatic,Petrol,1.0L,131066,5,Islamabad,500000
Daihatsu,Mira,2023,Economy,Hatchback,Automatic,Petrol,660cc,36042,4,Rawalpindi,1825000
Toyota,Corolla,2009,Sedan,Sedan,Manual,Petrol,1.8L,168441,5,Quetta,920000
Toyota,Land Cruiser,2014,Luxury,SUV,Automatic,Petrol,3.5L,136817,7,Islamabad,7815000
Hyundai,Tucson,2021,SUV,SUV,Automatic,Petrol,2.0L,69738,5,Peshawar,4885000
Toyota,Hilux,2025,Pickup,Pickup,Automatic,Diesel,2.8L,8189,5,Multan,8965000
Toyota,Yaris,2020,Sedan,Sedan,Manual,Petrol,1.5L,87566,5,Lahore,2075000
Suzuki,Wagon R,2024,Hatchback,Hatchback,Automatic,Petrol,1.0L,38009,5,Karachi,2485000
Suzuki,Mehran,2023,Economy,Hatchback,Automatic,Petrol,800cc,35721,4,Lahore,1185000
Suzuki,Wagon R,2023,Hatchback,Hatchback,Automatic,Petrol,1.0L,36722,5,Rawalpindi,2190000
Honda,BR-V,2026,Family,SUV,Manual,Petrol,1.5L,0,7,Peshawar,5515000
Toyota,Corolla,2024,Sedan,Sedan,Manual,Petrol,1.6L,40762,5,Multan,4535000
Suzuki,Cultus,2023,Hatchback,Hatchback,Manual,Petrol,1.0L,16466,5,Quetta,2365000
Toyota,Land Cruiser,2026,Luxury,SUV,Automatic,Petrol,3.5L,0,7,Faisalabad,36280000
Suzuki,Wagon R,2019,Hatchback,Hatchback,Automatic,Petrol,1.0L,63725,5,Peshawar,1160000
Suzuki,Mehran,2025,Economy,Hatchback,Automatic,Petrol,800cc,8289,4,Karachi,1720000
Honda,City,2024,Sedan,Sedan,Manual,Petrol,1.2L,40465,5,Quetta,4045000
Suzuki,Swift,2020,Hatchback,Hatchback,Automatic,Petrol,1.3L,74875,5,Faisalabad,1890000
Suzuki,Alto,2015,Economy,Hatchback,Manual,Petrol,660cc,111704,4,Rawalpindi,605000
KIA,Sportage,2022,SUV,SUV,Automatic,Petrol,2.0L,53790,5,Faisalabad,4685000
Suzuki,APV,2026,Van,Van,Manual,Petrol,1.5L,0,8,Quetta,4370000
Daihatsu,Mira,2026,Economy,Hatchback,Manual,Petrol,660cc,0,4,Faisalabad,2405000
Toyota,Prius,2011,Hybrid,Hatchback,Automatic,Hybrid,1.8L Hybrid,186479,5,Peshawar,1040000
Honda,Vezel,2020,Hybrid,SUV,Automatic,Hybrid,1.5L Hybrid,69757,5,Karachi,3960000
Toyota,Land Cruiser,2025,Luxury,SUV,Automatic,Petrol,3.5L,6063,7,Karachi,36980000
Suzuki,Swift,2015,Hatchback,Hatchback,Automatic,Petrol,1.3L,142250,5,Multan,1055000
Suzuki,Bolan,2011,Economy,Van,Automatic,Petrol,800cc,210889,8,Faisalabad,350000
Honda,Civic,2021,Sedan,Sedan,Manual,Petrol,1.5L Turbo,66925,5,Faisalabad,4110000
Suzuki,Bolan,2014,Economy,Van,Manual,Petrol,800cc,158763,8,Karachi,545000
Suzuki,Alto,2023,Economy,Hatchback,Automatic,Petrol,660cc,21781,4,Peshawar,1695000
Suzuki,APV,2011,Van,Van,Automatic,Petrol,1.5L,220006,8,Lahore,760000
Toyota,Fortuner,2013,SUV,SUV,Automatic,Petrol,2.7L,158561,7,Multan,3120000
Toyota,Prius,2026,Hybrid,Hatchback,Automatic,Hybrid,1.8L Hybrid,0,5,Quetta,6600000
Suzuki,Wagon R,2021,Hatchback,Hatchback,Automatic,Petrol,1.0L,59593,5,Multan,1530000
Suzuki,Bolan,2006,Economy,Van,Automatic,Petrol,800cc,261915,8,Islamabad,340000
Suzuki,Cultus,2025,Hatchback,Hatchback,Automatic,Petrol,1.0L,13251,5,Rawalpindi,3255000
Toyota,Land Cruiser,2017,Luxury,SUV,Automatic,Petrol,3.5L,138011,7,Faisalabad,9725000
Honda,City,2025,Sedan,Sedan,Manual,Petrol,1.5L,12522,5,Peshawar,4285000
Toyota,Fortuner,2019,SUV,SUV,Manual,Diesel,2.7L,90151,7,Lahore,6095000
Suzuki,Bolan,2010,Economy,Van,Manual,Petrol,800cc,137068,8,Multan,340000
Suzuki,Alto,2022,Economy,Hatchback,Manual,Petrol,1.0L,41790,4,Karachi,1400000
Toyota,Yaris,2025,Sedan,Sedan,Manual,Petrol,1.3L,1051,5,Karachi,4750000
Suzuki,Alto,2021,Economy,Hatchback,Manual,Petrol,1.0L,69786,4,Quetta,1250000
Toyota,Prius,2014,Hybrid,Hatchback,Automatic,Hybrid,1.8L Hybrid,127057,5,Multan,1595000
Honda,BR-V,2017,Family,SUV,Manual,Petrol,1.5L,105362,7,Quetta,2050000
Suzuki,Bolan,2026,Economy,Van,Automatic,Petrol,800cc,1916,8,Multan,2460000
Honda,City,2011,Sedan,Sedan,Automatic,Petrol,1.2L,128870,5,Islamabad,980000
Toyota,Prius,2011,Hybrid,Hatchback,Manual,Hybrid,1.8L Hybrid,178727,5,Islamabad,950000
KIA,Sportage,2026,SUV,SUV,Automatic,Petrol,2.0L,2836,5,Multan,8580000
Toyota,Hilux,2023,Pickup,Pickup,Manual,Diesel,2.4L,48887,5,Karachi,6020000
Suzuki,Cultus,2022,Hatchback,Hatchback,Automatic,Petrol,1.0L,58716,5,Karachi,2105000
Hyundai,Tucson,2021,SUV,SUV,Automatic,Petrol,2.0L,60537,5,Karachi,5540000
Daihatsu,Mira,2013,Economy,Hatchback,Automatic,Petrol,660cc,181338,4,Lahore,510000
Toyota,Fortuner,2018,SUV,SUV,Automatic,Petrol,2.8L,92229,7,Quetta,5685000
Toyota,Hilux,2013,Pickup,Pickup,Manual,Diesel,2.4L,151754,5,Multan,1730000
Toyota,Fortuner,2012,SUV,SUV,Automatic,Petrol,2.8L,223447,7,Multan,2225000
Hyundai,Tucson,2020,SUV,SUV,Automatic,Petrol,2.0L,62487,5,Karachi,4740000
Toyota,Corolla,2020,Sedan,Sedan,Automatic,Petrol,1.3L,52372,5,Rawalpindi,3475000
Toyota,Corolla,2025,Sedan,Sedan,Manual,Petrol,1.8L,8477,5,Peshawar,5870000
Toyota,Fortuner,2012,SUV,SUV,Manual,Diesel,2.8L,168449,7,Multan,2340000
Toyota,Yaris,2026,Sedan,Sedan,Manual,Petrol,1.3L,10882,5,Quetta,4500000
Suzuki,APV,2017,Van,Van,Automatic,Petrol,1.5L,95271,8,Faisalabad,1710000
Suzuki,Mehran,2019,Economy,Hatchback,Manual,Petrol,800cc,85059,4,Islamabad,750000
KIA,Sportage,2021,SUV,SUV,Automatic,Petrol,2.0L,70786,5,Lahore,4690000
Toyota,Corolla,2015,Sedan,Sedan,Manual,Petrol,1.3L,156285,5,Lahore,1605000
Suzuki,Cultus,2015,Hatchback,Hatchback,Manual,Petrol,1.0L,130766,5,Lahore,860000
Suzuki,Wagon R,2026,Hatchback,Hatchback,Automatic,Petrol,1.0L,6403,5,Islamabad,3095000
Toyota,Yaris,2024,Sedan,Sedan,Automatic,Petrol,1.5L,23039,5,Karachi,4275000
Suzuki,Mehran,2026,Economy,Hatchback,Manual,Petrol,800cc,7759,4,Multan,1480000
Toyota,Land Cruiser,2012,Luxury,SUV,Manual,Petrol,4.6L,183296,7,Quetta,6415000
Hyundai,Tucson,2024,SUV,SUV,Manual,Petrol,2.0L,16461,5,Lahore,7060000
Toyota,Corolla,2022,Sedan,Sedan,Manual,Petrol,1.6L,42753,5,Lahore,4000000
Suzuki,Alto,2014,Economy,Hatchback,Manual,Petrol,660cc,151436,4,Faisalabad,520000
Daihatsu,Mira,2025,Economy,Hatchback,Manual,Petrol,660cc,18930,4,Rawalpindi,2060000
Toyota,Yaris,2022,Sedan,Sedan,Automatic,Petrol,1.5L,35837,5,Quetta,3215000
Honda,BR-V,2025,Family,SUV,Automatic,Petrol,1.5L,36574,7,Lahore,5800000
Suzuki,Wagon R,2022,Hatchback,Hatchback,Automatic,Petrol,1.0L,45506,5,Faisalabad,1745000
Daihatsu,Mira,2025,Economy,Hatchback,Automatic,Petrol,660cc,11518,4,Lahore,2135000
Toyota,Prius,2010,Hybrid,Hatchback,Automatic,Hybrid,1.8L Hybrid,174124,5,Peshawar,995000
Toyota,Corolla,2018,Sedan,Sedan,Automatic,Petrol,1.6L,104978,5,Rawalpindi,2620000
Toyota,Corolla,2016,Sedan,Sedan,Automatic,Petrol,1.3L,82489,5,Islamabad,1945000
Hyundai,Tucson,2021,SUV,SUV,Manual,Petrol,2.0L,61212,5,Rawalpindi,4890000
Daihatsu,Mira,2017,Economy,Hatchback,Automatic,Petrol,660cc,92160,4,Karachi,875000
Toyota,Land Cruiser,2024,Luxury,SUV,Manual,Petrol,4.6L,37412,7,Islamabad,21915000
Toyota,Yaris,2025,Sedan,Sedan,Automatic,Petrol,1.5L,10603,5,Multan,4415000
Suzuki,Alto,2013,Economy,Hatchback,Automatic,Petrol,660cc,145836,4,Rawalpindi,485000
Suzuki,Alto,2020,Economy,Hatchback,Automatic,Petrol,1.0L,88082,4,Peshawar,1195000
Toyota,Land Cruiser,2026,Luxury,SUV,Manual,Petrol,3.5L,10016,7,Lahore,37300000
Suzuki,Cultus,2016,Hatchback,Hatchback,Automatic,Petrol,1.0L,114705,5,Peshawar,860000
Suzuki,Mehran,2006,Economy,Hatchback,Automatic,Petrol,800cc,227892,4,Faisalabad,255000
Suzuki,Mehran,2022,Economy,Hatchback,Manual,Petrol,800cc,44535,4,Rawalpindi,985000
Toyota,Yaris,2021,Sedan,Sedan,Automatic,Petrol,1.3L,64224,5,Quetta,2665000
Suzuki,Mehran,2019,Economy,Hatchback,Manual,Petrol,800cc,83543,4,Islamabad,665000
Suzuki,Bolan,2013,Economy,Van,Automatic,Petrol,800cc,159282,8,Lahore,475000
Toyota,Hilux,2018,Pickup,Pickup,Automatic,Diesel,2.4L,57347,5,Lahore,3955000
Toyota,Fortuner,2013,SUV,SUV,Automatic,Diesel,2.7L,157330,7,Faisalabad,3255000
Toyota,Land Cruiser,2022,Luxury,SUV,Manual,Petrol,4.6L,59653,7,Peshawar,19190000
Suzuki,Cultus,2020,Hatchback,Hatchback,Manual,Petrol,1.0L,61955,5,Faisalabad,1490000
Honda,BR-V,2021,Family,SUV,Manual,Petrol,1.5L,50600,7,Rawalpindi,3380000
Suzuki,Bolan,2022,Economy,Van,Automatic,Petrol,800cc,56631,8,Lahore,1390000
Daihatsu,Mira,2020,Economy,Hatchback,Automatic,Petrol,660cc,66818,4,Islamabad,1195000
Honda,BR-V,2023,Family,SUV,Automatic,Petrol,1.5L,35892,7,Lahore,4680000
Suzuki,Cultus,2015,Hatchback,Hatchback,Automatic,Petrol,1.0L,151461,5,Rawalpindi,810000
Toyota,Land Cruiser,2024,Luxury,SUV,Manual,Petrol,4.6L,9681,7,Faisalabad,29565000
Honda,BR-V,2026,Family,SUV,Automatic,Petrol,1.5L,0,7,Quetta,6255000
Suzuki,Wagon R,2025,Hatchback,Hatchback,Manual,Petrol,1.0L,0,5,Quetta,2885000
Suzuki,Bolan,2018,Economy,Van,Automatic,Petrol,800cc,95611,8,Faisalabad,900000
Suzuki,Swift,2015,Hatchback,Hatchback,Automatic,Petrol,1.3L,105970,5,Quetta,1020000
Suzuki,Mehran,2012,Economy,Hatchback,Automatic,Petrol,800cc,213924,4,Karachi,265000
Suzuki,APV,2023,Van,Van,Automatic,Petrol,1.5L,34821,8,Quetta,3040000
Suzuki,Bolan,2016,Economy,Van,Automatic,Petrol,800cc,127962,8,Rawalpindi,740000
Toyota,Land Cruiser,2016,Luxury,SUV,Automatic,Petrol,3.5L,116063,7,Karachi,10625000
Suzuki,Swift,2022,Hatchback,Hatchback,Automatic,Petrol,1.3L,51904,5,Multan,2625000
Suzuki,Alto,2024,Economy,Hatchback,Manual,Petrol,1.0L,24684,4,Quetta,1565000
Toyota,Yaris,2024,Sedan,Sedan,Automatic,Petrol,1.3L,11069,5,Faisalabad,4410000
Suzuki,Cultus,2012,Hatchback,Hatchback,Manual,Petrol,1.0L,192641,5,Faisalabad,580000
Suzuki,Mehran,2022,Economy,Hatchback,Manual,Petrol,800cc,44546,4,Faisalabad,965000
Suzuki,Bolan,2021,Economy,Van,Manual,Petrol,800cc,41523,8,Peshawar,1295000
Daihatsu,Mira,2019,Economy,Hatchback,Manual,Petrol,660cc,92152,4,Multan,970000
Honda,Civic,2020,Sedan,Sedan,Manual,Petrol,1.8L,77112,5,Peshawar,3665000
Suzuki,Swift,2012,Hatchback,Hatchback,Automatic,Petrol,1.3L,148795,5,Faisalabad,830000
Hyundai,Tucson,2022,SUV,SUV,Manual,Petrol,2.0L,43270,5,Multan,6120000
Suzuki,Mehran,2024,Economy,Hatchback,Manual,Petrol,800cc,38004,4,Multan,1035000
Suzuki,Alto,2019,Economy,Hatchback,Manual,Petrol,1.0L,71885,4,Quetta,1050000
Toyota,Corolla,2026,Sedan,Sedan,Manual,Petrol,1.8L,9239,5,Quetta,5940000
Toyota,Hilux,2017,Pickup,Pickup,Automatic,Diesel,2.8L,78982,5,Islamabad,3410000
Suzuki,Bolan,2011,Economy,Van,Automatic,Petrol,800cc,193745,8,Islamabad,370000
Hyundai,Tucson,2023,SUV,SUV,Automatic,Petrol,2.0L,41856,5,Peshawar,6905000
Suzuki,Wagon R,2025,Hatchback,Hatchback,Automatic,Petrol,1.0L,19688,5,Islamabad,2625000
Honda,Civic,2024,Sedan,Sedan,Manual,Petrol,1.8L,21203,5,Karachi,7310000
Toyota,Hilux,2014,Pickup,Pickup,Automatic,Diesel,2.4L,136302,5,Peshawar,2275000
Suzuki,Alto,2012,Economy,Hatchback,Automatic,Petrol,1.0L,165883,4,Lahore,445000
Honda,BR-V,2024,Family,SUV,Manual,Petrol,1.5L,34196,7,Peshawar,4100000
Honda,Civic,2017,Sedan,Sedan,Manual,Petrol,1.8L,106451,5,Faisalabad,2785000
Toyota,Hilux,2024,Pickup,Pickup,Automatic,Diesel,2.8L,20884,5,Islamabad,8970000
Suzuki,Mehran,2017,Economy,Hatchback,Manual,Petrol,800cc,103272,4,Lahore,505000
Toyota,Fortuner,2012,SUV,SUV,Manual,Petrol,2.8L,113859,7,Faisalabad,2530000
Daihatsu,Mira,2020,Economy,Hatchback,Automatic,Petrol,660cc,88845,4,Lahore,1170000
Daihatsu,Mira,2025,Economy,Hatchback,Automatic,Petrol,660cc,32388,4,Faisalabad,2160000
Suzuki,Swift,2018,Hatchback,Hatchback,Automatic,Petrol,1.3L,115167,5,Multan,1500000
Suzuki,Cultus,2021,Hatchback,Hatchback,Automatic,Petrol,1.0L,53343,5,Rawalpindi,1955000
Suzuki,Alto,2014,Economy,Hatchback,Automatic,Petrol,660cc,131849,4,Rawalpindi,600000
Toyota,Fortuner,2019,SUV,SUV,Automatic,Diesel,2.7L,71624,7,Rawalpindi,6980000
Hyundai,Tucson,2024,SUV,SUV,Automatic,Petrol,2.0L,23479,5,Rawalpindi,7355000
Suzuki,Wagon R,2018,Hatchback,Hatchback,Manual,Petrol,1.0L,80390,5,Rawalpindi,970000
Suzuki,Mehran,2020,Economy,Hatchback,Manual,Petrol,800cc,63201,4,Peshawar,710000
Suzuki,Swift,2023,Hatchback,Hatchback,Manual,Petrol,1.3L,36243,5,Karachi,3045000
Suzuki,Bolan,2023,Economy,Van,Manual,Petrol,800cc,36599,8,Quetta,1635000
Suzuki,Swift,2013,Hatchback,Hatchback,Automatic,Petrol,1.3L,186463,5,Islamabad,695000
Toyota,Fortuner,2024,SUV,SUV,Manual,Diesel,2.7L,31318,7,Lahore,10535000
Suzuki,Bolan,2022,Economy,Van,Automatic,Petrol,800cc,39983,8,Lahore,1375000
Honda,BR-V,2019,Family,SUV,Automatic,Petrol,1.5L,75789,7,Quetta,2635000
Toyota,Land Cruiser,2025,Luxury,SUV,Manual,Petrol,4.6L,6529,7,Multan,30490000
Honda,City,2019,Sedan,Sedan,Manual,Petrol,1.2L,80988,5,Quetta,2145000
Suzuki,Swift,2014,Hatchback,Hatchback,Manual,Petrol,1.3L,168728,5,Quetta,840000
Honda,Vezel,2019,Hybrid,SUV,Manual,Hybrid,1.5L Hybrid,89775,5,Rawalpindi,3550000
Suzuki,APV,2026,Van,Van,Automatic,Petrol,1.5L,0,8,Rawalpindi,4185000
Suzuki,Bolan,2020,Economy,Van,Automatic,Petrol,800cc,87522,8,Faisalabad,1150000
Toyota,Yaris,2025,Sedan,Sedan,Manual,Petrol,1.5L,23714,5,Karachi,3975000
Suzuki,APV,2011,Van,Van,Manual,Petrol,1.5L,142474,8,Faisalabad,690000
Suzuki,Cultus,2022,Hatchback,Hatchback,Manual,Petrol,1.0L,41067,5,Peshawar,1700000
Daihatsu,Mira,2015,Economy,Hatchback,Manual,Petrol,660cc,119568,4,Rawalpindi,570000
Suzuki,APV,2021,Van,Van,Automatic,Petrol,1.5L,58193,8,Rawalpindi,2675000
Toyota,Fortuner,2014,SUV,SUV,Automatic,Petrol,2.8L,149134,7,Multan,3010000
Daihatsu,Mira,2025,Economy,Hatchback,Automatic,Petrol,660cc,16514,4,Rawalpindi,2050000
Suzuki,Bolan,2010,Economy,Van,Automatic,Petrol,800cc,176147,8,Lahore,365000
Toyota,Hilux,2021,Pickup,Pickup,Automatic,Diesel,2.4L,66860,5,Faisalabad,5195000
Suzuki,APV,2026,Van,Van,Automatic,Petrol,1.5L,0,8,Rawalpindi,5100000
KIA,Sportage,2026,SUV,SUV,Manual,Petrol,2.0L,1575,5,Lahore,8550000
Suzuki,Mehran,2005,Economy,Hatchback,Automatic,Petrol,800cc,251226,4,Islamabad,255000
Toyota,Land Cruiser,2026,Luxury,SUV,Manual,Petrol,4.6L,0,7,Peshawar,34210000
Suzuki,Alto,2014,Economy,Hatchback,Automatic,Petrol,660cc,137473,4,Rawalpindi,565000
Suzuki,Wagon R,2023,Hatchback,Hatchback,Automatic,Petrol,1.0L,44640,5,Lahore,2335000
Daihatsu,Mira,2015,Economy,Hatchback,Automatic,Petrol,660cc,123093,4,Peshawar,545000
Suzuki,Wagon R,2026,Hatchback,Hatchback,Manual,Petrol,1.0L,0,5,Islamabad,3070000
Suzuki,Cultus,2014,Hatchback,Hatchback,Manual,Petrol,1.0L,143534,5,Multan,710000
Honda,Vezel,2014,Hybrid,SUV,Manual,Hybrid,1.5L Hybrid,158373,5,Karachi,1955000
Suzuki,Bolan,2023,Economy,Van,Manual,Petrol,800cc,27198,8,Multan,1555000
Toyota,Fortuner,2025,SUV,SUV,Manual,Petrol,2.8L,20258,7,Lahore,13055000
Honda,BR-V,2022,Family,SUV,Automatic,Petrol,1.5L,39377,7,Quetta,3715000
Suzuki,APV,2013,Van,Van,Manual,Petrol,1.5L,172360,8,Peshawar,740000
Suzuki,Swift,2022,Hatchback,Hatchback,Automatic,Petrol,1.3L,44799,5,Islamabad,2895000
Honda,City,2010,Sedan,Sedan,Automatic,Petrol,1.2L,204801,5,Peshawar,865000
Suzuki,Cultus,2025,Hatchback,Hatchback,Manual,Petrol,1.0L,22819,5,Lahore,2710000
Suzuki,Cultus,2024,Hatchback,Hatchback,Automatic,Petrol,1.0L,17685,5,Faisalabad,2340000
Toyota,Land Cruiser,2021,Luxury,SUV,Manual,Petrol,4.6L,62183,7,Karachi,19660000
Toyota,Prius,2015,Hybrid,Hatchback,Automatic,Hybrid,1.8L Hybrid,114975,5,Faisalabad,1705000
Suzuki,Wagon R,2019,Hatchback,Hatchback,Automatic,Petrol,1.0L,100372,5,Faisalabad,1065000
Suzuki,Bolan,2017,Economy,Van,Manual,Petrol,800cc,102643,8,Karachi,795000
Suzuki,Swift,2010,Hatchback,Hatchback,Automatic,Petrol,1.3L,194318,5,Rawalpindi,630000
Toyota,Corolla,2011,Sedan,Sedan,Automatic,Petrol,1.8L,203429,5,Karachi,1020000
Suzuki,Bolan,2014,Economy,Van,Manual,Petrol,800cc,149827,8,Islamabad,485000
Daihatsu,Mira,2018,Economy,Hatchback,Automatic,Petrol,660cc,93708,4,Multan,925000
Hyundai,Tucson,2021,SUV,SUV,Automatic,Petrol,2.0L,50315,5,Lahore,6395000
Toyota,Hilux,2014,Pickup,Pickup,Automatic,Diesel,2.4L,147561,5,Karachi,2320000
Suzuki,Cultus,2018,Hatchback,Hatchback,Automatic,Petrol,1.0L,95363,5,Peshawar,1180000
Honda,Civic,2020,Sedan,Sedan,Manual,Petrol,1.5L Turbo,72473,5,Multan,4135000
KIA,Sportage,2026,SUV,SUV,Manual,Petrol,2.0L,0,5,Karachi,9290000
Suzuki,Mehran,2023,Economy,Hatchback,Automatic,Petrol,800cc,31927,4,Lahore,1125000
Honda,Vezel,2026,Hybrid,SUV,Automatic,Hybrid,1.5L Hybrid,4300,5,Quetta,8640000
Toyota,Land Cruiser,2026,Luxury,SUV,Automatic,Petrol,3.5L,0,7,Lahore,38305000
Toyota,Prius,2010,Hybrid,Hatchback,Automatic,Hybrid,1.8L Hybrid,174407,5,Quetta,935000
Suzuki,Bolan,2024,Economy,Van,Manual,Petrol,800cc,16742,8,Peshawar,1775000
Toyota,Corolla,2012,Sedan,Sedan,Automatic,Petrol,1.3L,152383,5,Islamabad,1080000
Honda,Civic,2020,Sedan,Sedan,Automatic,Petrol,1.8L,77454,5,Faisalabad,3700000
Suzuki,Wagon R,2021,Hatchback,Hatchback,Manual,Petrol,1.0L,72830,5,Islamabad,1730000
Honda,Vezel,2016,Hybrid,SUV,Automatic,Hybrid,1.5L Hybrid,109228,5,Lahore,2220000
Suzuki,Wagon R,2023,Hatchback,Hatchback,Automatic,Petrol,1.0L,45172,5,Multan,1920000
Daihatsu,Mira,2025,Economy,Hatchback,Manual,Petrol,660cc,9741,4,Peshawar,2155000
Toyota,Yaris,2023,Sedan,Sedan,Automatic,Petrol,1.5L,33931,5,Lahore,3890000
Honda,Civic,2024,Sedan,Sedan,Automatic,Petrol,1.8L,29034,5,Multan,6505000
Toyota,Corolla,2015,Sedan,Sedan,Automatic,Petrol,1.6L,166504,5,Rawalpindi,1715000
Suzuki,Cultus,2020,Hatchback,Hatchback,Manual,Petrol,1.0L,58130,5,Islamabad,1700000
Toyota,Fortuner,2017,SUV,SUV,Manual,Diesel,2.8L,91627,7,Rawalpindi,5300000
Toyota,Corolla,2008,Sedan,Sedan,Automatic,Petrol,1.8L,217614,5,Karachi,965000
Daihatsu,Mira,2023,Economy,Hatchback,Automatic,Petrol,660cc,38239,4,Peshawar,1635000
Toyota,Prius,2017,Hybrid,Hatchback,Automatic,Hybrid,1.8L Hybrid,105083,5,Islamabad,2220000
Suzuki,Wagon R,2023,Hatchback,Hatchback,Automatic,Petrol,1.0L,35108,5,Lahore,2105000
Honda,BR-V,2018,Family,SUV,Manual,Petrol,1.5L,84994,7,Lahore,2310000
Hyundai,Tucson,2022,SUV,SUV,Automatic,Petrol,2.0L,44974,5,Faisalabad,5545000
Honda,City,2019,Sedan,Sedan,Automatic,Petrol,1.2L,48096,5,Quetta,2600000
Toyota,Fortuner,2023,SUV,SUV,Manual,Petrol,2.8L,35405,7,Faisalabad,9660000
Toyota,Prius,2022,Hybrid,Hatchback,Automatic,Hybrid,1.8L Hybrid,61592,5,Lahore,3870000
KIA,Sportage,2026,SUV,SUV,Automatic,Petrol,2.0L,0,5,Lahore,8705000
Suzuki,Cultus,2013,Hatchback,Hatchback,Manual,Petrol,1.0L,161471,5,Multan,500000
Honda,BR-V,2024,Family,SUV,Automatic,Petrol,1.5L,30562,7,Lahore,5800000
Toyota,Land Cruiser,2019,Luxury,SUV,Automatic,Petrol,3.5L,77833,7,Peshawar,15450000
Suzuki,Swift,2021,Hatchback,Hatchback,Manual,Petrol,1.3L,52521,5,Rawalpindi,2140000
Toyota,Hilux,2014,Pickup,Pickup,Automatic,Diesel,2.4L,139771,5,Islamabad,2395000
KIA,Sportage,2024,SUV,SUV,Manual,Petrol,2.0L,14776,5,Multan,6450000
Suzuki,Bolan,2024,Economy,Van,Manual,Petrol,800cc,7611,8,Lahore,1820000
Suzuki,Bolan,2026,Economy,Van,Automatic,Petrol,800cc,0,8,Quetta,2385000
Suzuki,Cultus,2021,Hatchback,Hatchback,Manual,Petrol,1.0L,48759,5,Faisalabad,1505000
Suzuki,Alto,2020,Economy,Hatchback,Automatic,Petrol,1.0L,60036,4,Multan,1195000
Suzuki,Mehran,2024,Economy,Hatchback,Manual,Petrol,800cc,25526,4,Peshawar,1305000
Honda,Civic,2021,Sedan,Sedan,Automatic,Petrol,1.5L Turbo,42823,5,Rawalpindi,4935000
Suzuki,Swift,2020,Hatchback,Hatchback,Manual,Petrol,1.3L,60029,5,Multan,2005000
Suzuki,Bolan,2005,Economy,Van,Manual,Petrol,800cc,238795,8,Quetta,320000
Suzuki,Mehran,2026,Economy,Hatchback,Manual,Petrol,800cc,1603,4,Karachi,1655000
Suzuki,Alto,2012,Economy,Hatchback,Manual,Petrol,1.0L,172887,4,Rawalpindi,365000
Toyota,Yaris,2023,Sedan,Sedan,Manual,Petrol,1.5L,14096,5,Quetta,3785000
Honda,Vezel,2022,Hybrid,SUV,Automatic,Hybrid,1.5L Hybrid,48148,5,Karachi,5705000
Daihatsu,Mira,2010,Economy,Hatchback,Manual,Petrol,660cc,219828,4,Rawalpindi,400000
Toyota,Fortuner,2017,SUV,SUV,Automatic,Diesel,2.7L,99178,7,Lahore,4650000
Suzuki,Alto,2012,Economy,Hatchback,Automatic,Petrol,1.0L,150776,4,Quetta,415000
Toyota,Prius,2011,Hybrid,Hatchback,Automatic,Hybrid,1.8L Hybrid,162980,5,Quetta,1010000
Suzuki,APV,2026,Van,Van,Automatic,Petrol,1.5L,6310,8,Lahore,4920000
Suzuki,Wagon R,2015,Hatchback,Hatchback,Manual,Petrol,1.0L,157286,5,Peshawar,630000
Toyota,Yaris,2023,Sedan,Sedan,Automatic,Petrol,1.3L,39323,5,Peshawar,3545000
Honda,BR-V,2022,Family,SUV,Automatic,Petrol,1.5L,53751,7,Quetta,4120000
Suzuki,Alto,2019,Economy,Hatchback,Manual,Petrol,660cc,71759,4,Islamabad,935000
Honda,City,2021,Sedan,Sedan,Manual,Petrol,1.5L,57541,5,Rawalpindi,2645000
Suzuki,APV,2020,Van,Van,Automatic,Petrol,1.5L,73352,8,Rawalpindi,2145000
Toyota,Corolla,2015,Sedan,Sedan,Manual,Petrol,1.3L,127004,5,Islamabad,1450000
Suzuki,APV,2026,Van,Van,Automatic,Petrol,1.5L,0,8,Karachi,5260000
Honda,BR-V,2022,Family,SUV,Automatic,Petrol,1.5L,35190,7,Multan,4090000
Toyota,Prius,2016,Hybrid,Hatchback,Automatic,Hybrid,1.8L Hybrid,138666,5,Peshawar,1935000
Suzuki,Mehran,2016,Economy,Hatchback,Manual,Petrol,800cc,98216,4,Peshawar,500000
Honda,BR-V,2019,Family,SUV,Automatic,Petrol,1.5L,119325,7,Lahore,2640000
Toyota,Corolla,2013,Sedan,Sedan,Automatic,Petrol,1.8L,143453,5,Faisalabad,1215000
Toyota,Land Cruiser,2015,Luxury,SUV,Automatic,Petrol,3.5L,148269,7,Peshawar,8795000
Suzuki,Mehran,2014,Economy,Hatchback,Automatic,Petrol,800cc,158857,4,Peshawar,350000
Toyota,Prius,2021,Hybrid,Hatchback,Automatic,Hybrid,1.8L Hybrid,66246,5,Faisalabad,3400000
Toyota,Yaris,2025,Sedan,Sedan,Manual,Petrol,1.5L,4600,5,Islamabad,4680000
Toyota,Hilux,2012,Pickup,Pickup,Automatic,Diesel,2.8L,177002,5,Lahore,1855000
Honda,Civic,2015,Sedan,Sedan,Manual,Petrol,1.8L,142385,5,Islamabad,2010000
Suzuki,Bolan,2026,Economy,Van,Manual,Petrol,800cc,8933,8,Rawalpindi,2045000
Suzuki,Alto,2016,Economy,Hatchback,Automatic,Petrol,1.0L,141989,4,Rawalpindi,785000
Suzuki,Swift,2011,Hatchback,Hatchback,Automatic,Petrol,1.3L,168582,5,Peshawar,665000
KIA,Sportage,2026,SUV,SUV,Manual,Petrol,2.0L,0,5,Quetta,8575000
Honda,Vezel,2014,Hybrid,SUV,Automatic,Hybrid,1.5L Hybrid,156102,5,Faisalabad,1830000
Suzuki,Alto,2015,Economy,Hatchback,Automatic,Petrol,1.0L,134755,4,Quetta,550000
KIA,Sportage,2021,SUV,SUV,Automatic,Petrol,2.0L,64200,5,Lahore,5355000
Suzuki,Swift,2014,Hatchback,Hatchback,Automatic,Petrol,1.3L,143648,5,Quetta,845000
Toyota,Land Cruiser,2015,Luxury,SUV,Automatic,Petrol,4.6L,126451,7,Faisalabad,9675000
Honda,City,2017,Sedan,Sedan,Manual,Petrol,1.5L,120612,5,Multan,1895000
Toyota,Land Cruiser,2015,Luxury,SUV,Automatic,Petrol,4.6L,133033,7,Peshawar,7835000
Toyota,Yaris,2024,Sedan,Sedan,Manual,Petrol,1.3L,28389,5,Lahore,3735000
Suzuki,Bolan,2020,Economy,Van,Manual,Petrol,800cc,71295,8,Islamabad,1085000
Suzuki,APV,2016,Van,Van,Automatic,Petrol,1.5L,114072,8,Faisalabad,1360000
Toyota,Prius,2013,Hybrid,Hatchback,Manual,Hybrid,1.8L Hybrid,134701,5,Islamabad,1365000
Toyota,Fortuner,2012,SUV,SUV,Automatic,Diesel,2.7L,214675,7,Peshawar,2800000
Honda,BR-V,2023,Family,SUV,Automatic,Petrol,1.5L,28589,7,Multan,4465000
Suzuki,Cultus,2024,Hatchback,Hatchback,Manual,Petrol,1.0L,27396,5,Faisalabad,2310000
Honda,Vezel,2015,Hybrid,SUV,Automatic,Hybrid,1.5L Hybrid,140053,5,Quetta,2145000
Suzuki,Cultus,2019,Hatchback,Hatchback,Automatic,Petrol,1.0L,69957,5,Quetta,1410000
Suzuki,Alto,2012,Economy,Hatchback,Automatic,Petrol,1.0L,188817,4,Islamabad,460000
Suzuki,Alto,2020,Economy,Hatchback,Automatic,Petrol,660cc,70011,4,Quetta,1100000
Toyota,Prius,2019,Hybrid,Hatchback,Automatic,Hybrid,1.8L Hybrid,69988,5,Peshawar,2955000
Daihatsu,Mira,2023,Economy,Hatchback,Manual,Petrol,660cc,23489,4,Quetta,1845000
Daihatsu,Mira,2024,Economy,Hatchback,Automatic,Petrol,660cc,21445,4,Karachi,2170000
Toyota,Corolla,2016,Sedan,Sedan,Manual,Petrol,1.8L,128654,5,Peshawar,1715000
Daihatsu,Mira,2015,Economy,Hatchback,Manual,Petrol,660cc,122256,4,Rawalpindi,600000
Suzuki,Alto,2024,Economy,Hatchback,Automatic,Petrol,660cc,22485,4,Karachi,2100000
Honda,BR-V,2019,Family,SUV,Manual,Petrol,1.5L,68868,7,Peshawar,2795000
Suzuki,Alto,2014,Economy,Hatchback,Automatic,Petrol,660cc,117436,4,Lahore,585000
Suzuki,Swift,2018,Hatchback,Hatchback,Automatic,Petrol,1.3L,97472,5,Faisalabad,1615000
Toyota,Yaris,2026,Sedan,Sedan,Manual,Petrol,1.5L,0,5,Multan,4730000
Honda,Vezel,2022,Hybrid,SUV,Automatic,Hybrid,1.5L Hybrid,39768,5,Rawalpindi,5895000
Suzuki,Bolan,2011,Economy,Van,Manual,Petrol,800cc,165906,8,Islamabad,360000
Honda,City,2018,Sedan,Sedan,Automatic,Petrol,1.5L,82539,5,Peshawar,2080000
Toyota,Prius,2018,Hybrid,Hatchback,Automatic,Hybrid,1.8L Hybrid,84253,5,Karachi,3000000
Honda,BR-V,2021,Family,SUV,Automatic,Petrol,1.5L,54651,7,Quetta,3445000
Toyota,Corolla,2026,Sedan,Sedan,Automatic,Petrol,1.6L,0,5,Peshawar,6450000
Toyota,Prius,2024,Hybrid,Hatchback,Manual,Hybrid,1.8L Hybrid,21372,5,Peshawar,5205000
Hyundai,Tucson,2020,SUV,SUV,Automatic,Petrol,2.0L,48695,5,Islamabad,5290000
Daihatsu,Mira,2019,Economy,Hatchback,Manual,Petrol,660cc,91732,4,Quetta,910000
Suzuki,Bolan,2014,Economy,Van,Manual,Petrol,800cc,110670,8,Faisalabad,540000
Toyota,Hilux,2022,Pickup,Pickup,Automatic,Diesel,2.4L,56066,5,Multan,5850000
Suzuki,Wagon R,2023,Hatchback,Hatchback,Automatic,Petrol,1.0L,37505,5,Faisalabad,2235000
Toyota,Land Cruiser,2013,Luxury,SUV,Automatic,Petrol,3.5L,165921,7,Peshawar,7155000
Toyota,Prius,2024,Hybrid,Hatchback,Manual,Hybrid,1.8L Hybrid,29961,5,Faisalabad,4845000
Toyota,Prius,2010,Hybrid,Hatchback,Manual,Hybrid,1.8L Hybrid,181271,5,Peshawar,960000
Toyota,Yaris,2023,Sedan,Sedan,Automatic,Petrol,1.3L,43693,5,Faisalabad,3745000
Honda,Vezel,2022,Hybrid,SUV,Manual,Hybrid,1.5L Hybrid,39731,5,Multan,5285000
Toyota,Corolla,2022,Sedan,Sedan,Manual,Petrol,1.8L,33062,5,Quetta,3660000
Toyota,Corolla,2013,Sedan,Sedan,Manual,Petrol,1.8L,146480,5,Multan,1310000
Toyota,Land Cruiser,2023,Luxury,SUV,Automatic,Petrol,3.5L,31388,7,Quetta,24805000
Suzuki,Bolan,2026,Economy,Van,Automatic,Petrol,800cc,6072,8,Karachi,2250000
Toyota,Fortuner,2013,SUV,SUV,Automatic,Diesel,2.7L,121686,7,Lahore,3235000
Honda,City,2020,Sedan,Sedan,Manual,Petrol,1.2L,68124,5,Lahore,2620000
Suzuki,Swift,2012,Hatchback,Hatchback,Automatic,Petrol,1.3L,146603,5,Karachi,715000
Suzuki,Cultus,2024,Hatchback,Hatchback,Automatic,Petrol,1.0L,35195,5,Quetta,2265000
Suzuki,APV,2016,Van,Van,Manual,Petrol,1.5L,89813,8,Peshawar,1105000
Suzuki,Wagon R,2016,Hatchback,Hatchback,Automatic,Petrol,1.0L,104036,5,Multan,835000
Toyota,Corolla,2019,Sedan,Sedan,Automatic,Petrol,1.6L,108283,5,Islamabad,2610000
Honda,Civic,2026,Sedan,Sedan,Automatic,Petrol,1.5L Turbo,0,5,Faisalabad,8930000
Hyundai,Tucson,2024,SUV,SUV,Manual,Petrol,2.0L,9286,5,Quetta,7930000
Suzuki,Wagon R,2024,Hatchback,Hatchback,Manual,Petrol,1.0L,17472,5,Multan,2295000
Suzuki,Mehran,2022,Economy,Hatchback,Manual,Petrol,800cc,57136,4,Peshawar,915000
Suzuki,Bolan,2014,Economy,Van,Automatic,Petrol,800cc,155122,8,Peshawar,475000
Honda,City,2015,Sedan,Sedan,Manual,Petrol,1.5L,134172,5,Faisalabad,1285000
KIA,Sportage,2019,SUV,SUV,Automatic,Petrol,2.0L,89516,5,Karachi,3320000
Toyota,Fortuner,2016,SUV,SUV,Automatic,Petrol,2.8L,133933,7,Peshawar,4405000
Toyota,Hilux,2019,Pickup,Pickup,Automatic,Diesel,2.4L,88481,5,Karachi,4175000
Toyota,Hilux,2026,Pickup,Pickup,Automatic,Diesel,2.8L,0,5,Karachi,11065000
Suzuki,Wagon R,2021,Hatchback,Hatchback,Automatic,Petrol,1.0L,53229,5,Quetta,1645000
KIA,Sportage,2021,SUV,SUV,Automatic,Petrol,2.0L,58765,5,Rawalpindi,4665000
Toyota,Fortuner,2017,SUV,SUV,Automatic,Diesel,2.7L,84296,7,Multan,4990000
Toyota,Yaris,2026,Sedan,Sedan,Automatic,Petrol,1.5L,2668,5,Multan,5505000
Hyundai,Tucson,2023,SUV,SUV,Automatic,Petrol,2.0L,21960,5,Rawalpindi,7420000
Honda,Civic,2020,Sedan,Sedan,Automatic,Petrol,1.8L,62071,5,Islamabad,4600000
Suzuki,Bolan,2026,Economy,Van,Automatic,Petrol,800cc,9193,8,Karachi,2505000
Daihatsu,Mira,2011,Economy,Hatchback,Manual,Petrol,660cc,152994,4,Lahore,365000
Hyundai,Tucson,2022,SUV,SUV,Manual,Petrol,2.0L,55210,5,Islamabad,5805000
Suzuki,APV,2023,Van,Van,Automatic,Petrol,1.5L,40068,8,Multan,3395000
Toyota,Fortuner,2015,SUV,SUV,Manual,Diesel,2.8L,155299,7,Quetta,3695000
KIA,Sportage,2023,SUV,SUV,Automatic,Petrol,2.0L,36566,5,Multan,5040000
Suzuki,Bolan,2013,Economy,Van,Manual,Petrol,800cc,170356,8,Islamabad,415000
Suzuki,Wagon R,2014,Hatchback,Hatchback,Automatic,Petrol,1.0L,141025,5,Lahore,755000
Suzuki,Alto,2022,Economy,Hatchback,Manual,Petrol,1.0L,52493,4,Karachi,1455000
Honda,BR-V,2025,Family,SUV,Manual,Petrol,1.5L,15444,7,Quetta,5795000
Honda,City,2021,Sedan,Sedan,Automatic,Petrol,1.5L,78597,5,Peshawar,2585000
Toyota,Prius,2025,Hybrid,Hatchback,Automatic,Hybrid,1.8L Hybrid,32766,5,Islamabad,5310000
Honda,BR-V,2020,Family,SUV,Automatic,Petrol,1.5L,69703,7,Lahore,3510000
Toyota,Hilux,2020,Pickup,Pickup,Automatic,Diesel,2.4L,115141,5,Rawalpindi,4170000
Hyundai,Tucson,2025,SUV,SUV,Manual,Petrol,2.0L,9334,5,Lahore,8405000
Hyundai,Tucson,2020,SUV,SUV,Automatic,Petrol,2.0L,60904,5,Quetta,5085000
Honda,Civic,2023,Sedan,Sedan,Automatic,Petrol,1.8L,21208,5,Rawalpindi,6405000
Honda,City,2024,Sedan,Sedan,Automatic,Petrol,1.5L,27320,5,Islamabad,4345000
Suzuki,Mehran,2012,Economy,Hatchback,Manual,Petrol,800cc,145643,4,Quetta,255000
Suzuki,Mehran,2016,Economy,Hatchback,Automatic,Petrol,800cc,128227,4,Peshawar,525000
Hyundai,Tucson,2020,SUV,SUV,Manual,Petrol,2.0L,59277,5,Faisalabad,4455000
Daihatsu,Mira,2011,Economy,Hatchback,Manual,Petrol,660cc,186213,4,Karachi,420000
Suzuki,Swift,2011,Hatchback,Hatchback,Manual,Petrol,1.3L,201274,5,Rawalpindi,605000
Hyundai,Tucson,2022,SUV,SUV,Manual,Petrol,2.0L,45816,5,Karachi,6085000
Toyota,Fortuner,2012,SUV,SUV,Manual,Diesel,2.7L,161327,7,Quetta,2395000
Toyota,Land Cruiser,2023,Luxury,SUV,Automatic,Petrol,3.5L,34572,7,Multan,24115000
Toyota,Prius,2018,Hybrid,Hatchback,Automatic,Hybrid,1.8L Hybrid,130858,5,Rawalpindi,2360000
Toyota,Hilux,2019,Pickup,Pickup,Automatic,Diesel,2.4L,71030,5,Islamabad,4320000
Toyota,Yaris,2021,Sedan,Sedan,Manual,Petrol,1.5L,53605,5,Karachi,2705000
Honda,Civic,2021,Sedan,Sedan,Manual,Petrol,1.5L Turbo,67501,5,Islamabad,4440000
Suzuki,Cultus,2012,Hatchback,Hatchback,Manual,Petrol,1.0L,150818,5,Quetta,490000
Suzuki,Cultus,2017,Hatchback,Hatchback,Automatic,Petrol,1.0L,109305,5,Lahore,985000
Honda,Civic,2022,Sedan,Sedan,Manual,Petrol,1.8L,51253,5,Quetta,4330000
Honda,BR-V,2022,Family,SUV,Manual,Petrol,1.5L,52862,7,Peshawar,3575000
KIA,Sportage,2026,SUV,SUV,Manual,Petrol,2.0L,0,5,Quetta,8450000
Honda,City,2015,Sedan,Sedan,Manual,Petrol,1.2L,105055,5,Multan,1450000
Hyundai,Tucson,2021,SUV,SUV,Manual,Petrol,2.0L,48126,5,Islamabad,5865000
Suzuki,APV,2018,Van,Van,Manual,Petrol,1.5L,74344,8,Faisalabad,1690000
Suzuki,Swift,2013,Hatchback,Hatchback,Manual,Petrol,1.3L,161462,5,Lahore,790000
Suzuki,Bolan,2014,Economy,Van,Manual,Petrol,800cc,152981,8,Rawalpindi,435000
Hyundai,Tucson,2020,SUV,SUV,Automatic,Petrol,2.0L,86464,5,Islamabad,4625000
Toyota,Land Cruiser,2022,Luxury,SUV,Manual,Petrol,3.5L,51650,7,Lahore,20715000
Suzuki,Bolan,2026,Economy,Van,Automatic,Petrol,800cc,0,8,Faisalabad,2330000
Suzuki,Alto,2022,Economy,Hatchback,Manual,Petrol,1.0L,37213,4,Rawalpindi,1550000
Honda,City,2019,Sedan,Sedan,Automatic,Petrol,1.5L,97420,5,Lahore,2160000
Toyota,Fortuner,2015,SUV,SUV,Automatic,Diesel,2.8L,161608,7,Rawalpindi,3665000
Toyota,Prius,2017,Hybrid,Hatchback,Automatic,Hybrid,1.8L Hybrid,109452,5,Peshawar,2100000
Honda,Vezel,2024,Hybrid,SUV,Manual,Hybrid,1.5L Hybrid,21439,5,Faisalabad,6960000
Suzuki,Bolan,2022,Economy,Van,Manual,Petrol,800cc,47847,8,Islamabad,1305000
Suzuki,Swift,2025,Hatchback,Hatchback,Automatic,Petrol,1.3L,17120,5,Faisalabad,3500000
Toyota,Corolla,2008,Sedan,Sedan,Manual,Petrol,1.8L,213023,5,Lahore,925000
Suzuki,APV,2013,Van,Van,Manual,Petrol,1.5L,154815,8,Faisalabad,950000
Suzuki,Swift,2014,Hatchback,Hatchback,Automatic,Petrol,1.3L,121682,5,Faisalabad,975000
Toyota,Land Cruiser,2025,Luxury,SUV,Manual,Petrol,3.5L,0,7,Karachi,37820000
Honda,Civic,2026,Sedan,Sedan,Automatic,Petrol,1.5L Turbo,5397,5,Rawalpindi,8470000
Daihatsu,Mira,2022,Economy,Hatchback,Automatic,Petrol,660cc,43228,4,Faisalabad,1705000
Toyota,Land Cruiser,2012,Luxury,SUV,Automatic,Petrol,4.6L,212490,7,Peshawar,5675000
Suzuki,Cultus,2011,Hatchback,Hatchback,Automatic,Petrol,1.0L,157071,5,Karachi,510000
Toyota,Fortuner,2019,SUV,SUV,Manual,Diesel,2.8L,81096,7,Quetta,6500000
Honda,Civic,2015,Sedan,Sedan,Manual,Petrol,1.8L,133197,5,Karachi,1915000
Honda,BR-V,2021,Family,SUV,Manual,Petrol,1.5L,55363,7,Islamabad,4215000
Suzuki,Wagon R,2017,Hatchback,Hatchback,Automatic,Petrol,1.0L,110959,5,Rawalpindi,910000
Toyota,Corolla,2011,Sedan,Sedan,Manual,Petrol,1.8L,170507,5,Multan,890000
Hyundai,Tucson,2021,SUV,SUV,Automatic,Petrol,2.0L,72026,5,Faisalabad,4920000
Toyota,Prius,2019,Hybrid,Hatchback,Automatic,Hybrid,1.8L Hybrid,99677,5,Islamabad,2330000
Toyota,Fortuner,2019,SUV,SUV,Automatic,Petrol,2.7L,84419,7,Rawalpindi,6485000
Toyota,Corolla,2024,Sedan,Sedan,Automatic,Petrol,1.6L,16995,5,Rawalpindi,5420000
Honda,City,2017,Sedan,Sedan,Automatic,Petrol,1.2L,102920,5,Rawalpindi,1685000
Toyota,Prius,2021,Hybrid,Hatchback,Automatic,Hybrid,1.8L Hybrid,62109,5,Quetta,3430000
Suzuki,Swift,2013,Hatchback,Hatchback,Manual,Petrol,1.3L,131634,5,Multan,730000
Honda,BR-V,2022,Family,SUV,Manual,Petrol,1.5L,47754,7,Peshawar,3615000
Suzuki,Wagon R,2015,Hatchback,Hatchback,Manual,Petrol,1.0L,152272,5,Karachi,730000
Toyota,Land Cruiser,2025,Luxury,SUV,Manual,Petrol,3.5L,16168,7,Rawalpindi,30230000
Hyundai,Tucson,2024,SUV,SUV,Automatic,Petrol,2.0L,25953,5,Lahore,7630000
Toyota,Prius,2013,Hybrid,Hatchback,Automatic,Hybrid,1.8L Hybrid,178580,5,Lahore,1215000
Suzuki,Swift,2015,Hatchback,Hatchback,Automatic,Petrol,1.3L,165756,5,Multan,1000000
Honda,City,2015,Sedan,Sedan,Manual,Petrol,1.2L,133391,5,Peshawar,1545000
Daihatsu,Mira,2012,Economy,Hatchback,Automatic,Petrol,660cc,150416,4,Karachi,440000
Toyota,Corolla,2013,Sedan,Sedan,Manual,Petrol,1.8L,137322,5,Quetta,1130000
Toyota,Prius,2021,Hybrid,Hatchback,Manual,Hybrid,1.8L Hybrid,70209,5,Karachi,3275000
KIA,Sportage,2022,SUV,SUV,Automatic,Petrol,2.0L,54607,5,Karachi,5305000
Honda,Vezel,2024,Hybrid,SUV,Manual,Hybrid,1.5L Hybrid,20726,5,Karachi,7675000
Suzuki,Cultus,2017,Hatchback,Hatchback,Automatic,Petrol,1.0L,105711,5,Karachi,1080000
Suzuki,Alto,2024,Economy,Hatchback,Automatic,Petrol,1.0L,20845,4,Faisalabad,1900000
Toyota,Hilux,2018,Pickup,Pickup,Automatic,Diesel,2.4L,106992,5,Karachi,3610000
Suzuki,Swift,2019,Hatchback,Hatchback,Automatic,Petrol,1.3L,106065,5,Multan,1690000
Suzuki,APV,2018,Van,Van,Automatic,Petrol,1.5L,69607,8,Lahore,1895000
Toyota,Corolla,2022,Sedan,Sedan,Automatic,Petrol,1.3L,36706,5,Multan,4145000
Suzuki,Alto,2019,Economy,Hatchback,Manual,Petrol,1.0L,48133,4,Lahore,1090000
Honda,City,2018,Sedan,Sedan,Manual,Petrol,1.2L,84926,5,Quetta,1850000
Suzuki,Cultus,2013,Hatchback,Hatchback,Automatic,Petrol,1.0L,202712,5,Faisalabad,645000
Toyota,Corolla,2022,Sedan,Sedan,Automatic,Petrol,1.6L,49965,5,Lahore,4090000
Honda,BR-V,2023,Family,SUV,Manual,Petrol,1.5L,43879,7,Karachi,4740000
Honda,BR-V,2025,Family,SUV,Manual,Petrol,1.5L,8063,7,Peshawar,5555000
Toyota,Fortuner,2015,SUV,SUV,Automatic,Petrol,2.8L,137382,7,Karachi,3900000
Suzuki,Swift,2013,Hatchback,Hatchback,Manual,Petrol,1.3L,156447,5,Lahore,765000
Suzuki,Cultus,2022,Hatchback,Hatchback,Manual,Petrol,1.0L,51023,5,Rawalpindi,1915000
Daihatsu,Mira,2011,Economy,Hatchback,Manual,Petrol,660cc,172971,4,Faisalabad,370000
Honda,City,2018,Sedan,Sedan,Manual,Petrol,1.2L,68957,5,Islamabad,2220000
KIA,Sportage,2023,SUV,SUV,Automatic,Petrol,2.0L,56765,5,Quetta,4905000
Suzuki,Alto,2021,Economy,Hatchback,Manual,Petrol,660cc,68975,4,Islamabad,1275000
Toyota,Hilux,2022,Pickup,Pickup,Manual,Diesel,2.8L,36891,5,Faisalabad,5970000
Suzuki,Bolan,2013,Economy,Van,Automatic,Petrol,800cc,160757,8,Quetta,420000
Suzuki,Bolan,2009,Economy,Van,Automatic,Petrol,800cc,220617,8,Faisalabad,355000
Daihatsu,Mira,2023,Economy,Hatchback,Manual,Petrol,660cc,27210,4,Islamabad,1660000
Toyota,Hilux,2018,Pickup,Pickup,Manual,Diesel,2.8L,92315,5,Karachi,3505000
Honda,BR-V,2024,Family,SUV,Manual,Petrol,1.5L,24313,7,Multan,5235000
Toyota,Fortuner,2026,SUV,SUV,Manual,Petrol,2.8L,0,7,Lahore,14350000
Suzuki,Alto,2024,Economy,Hatchback,Automatic,Petrol,660cc,22499,4,Faisalabad,2135000
Toyota,Land Cruiser,2012,Luxury,SUV,Automatic,Petrol,3.5L,183897,7,Islamabad,5980000
Suzuki,Cultus,2021,Hatchback,Hatchback,Manual,Petrol,1.0L,40939,5,Peshawar,1755000
Suzuki,Wagon R,2015,Hatchback,Hatchback,Automatic,Petrol,1.0L,122318,5,Multan,740000
Toyota,Hilux,2010,Pickup,Pickup,Automatic,Diesel,2.8L,164412,5,Islamabad,1455000
Suzuki,Swift,2016,Hatchback,Hatchback,Automatic,Petrol,1.3L,127322,5,Faisalabad,1235000
Toyota,Prius,2016,Hybrid,Hatchback,Manual,Hybrid,1.8L Hybrid,78989,5,Peshawar,1820000
Toyota,Fortuner,2024,SUV,SUV,Manual,Diesel,2.7L,36306,7,Quetta,11410000
Honda,Vezel,2022,Hybrid,SUV,Automatic,Hybrid,1.5L Hybrid,49272,5,Karachi,5265000
Toyota,Prius,2024,Hybrid,Hatchback,Automatic,Hybrid,1.8L Hybrid,37260,5,Peshawar,4865000
Suzuki,Swift,2014,Hatchback,Hatchback,Automatic,Petrol,1.3L,130900,5,Faisalabad,975000
Suzuki,Cultus,2024,Hatchback,Hatchback,Automatic,Petrol,1.0L,19931,5,Karachi,2800000
Suzuki,APV,2026,Van,Van,Automatic,Petrol,1.5L,0,8,Quetta,4290000
Toyota,Yaris,2025,Sedan,Sedan,Automatic,Petrol,1.3L,7283,5,Islamabad,4785000
Toyota,Land Cruiser,2022,Luxury,SUV,Automatic,Petrol,4.6L,35353,7,Karachi,25095000
KIA,Sportage,2021,SUV,SUV,Automatic,Petrol,2.0L,64589,5,Lahore,5440000
Honda,Civic,2026,Sedan,Sedan,Automatic,Petrol,1.8L,3098,5,Rawalpindi,8700000
Toyota,Fortuner,2026,SUV,SUV,Manual,Diesel,2.8L,0,7,Quetta,15275000
Suzuki,Swift,2021,Hatchback,Hatchback,Automatic,Petrol,1.3L,60936,5,Karachi,2340000
Toyota,Prius,2021,Hybrid,Hatchback,Automatic,Hybrid,1.8L Hybrid,60253,5,Quetta,3490000
Honda,Civic,2012,Sedan,Sedan,Automatic,Petrol,1.8L,134487,5,Karachi,1825000
Daihatsu,Mira,2023,Economy,Hatchback,Automatic,Petrol,660cc,11552,4,Multan,1900000
Suzuki,Bolan,2020,Economy,Van,Manual,Petrol,800cc,68122,8,Multan,1070000
Toyota,Corolla,2021,Sedan,Sedan,Automatic,Petrol,1.8L,69071,5,Rawalpindi,3335000
KIA,Sportage,2020,SUV,SUV,Automatic,Petrol,2.0L,76966,5,Islamabad,4115000
Suzuki,Bolan,2018,Economy,Van,Automatic,Petrol,800cc,81591,8,Peshawar,775000
Toyota,Hilux,2026,Pickup,Pickup,Automatic,Diesel,2.8L,1092,5,Quetta,9770000
Daihatsu,Mira,2025,Economy,Hatchback,Automatic,Petrol,660cc,5346,4,Karachi,2495000
Suzuki,Cultus,2024,Hatchback,Hatchback,Automatic,Petrol,1.0L,10421,5,Lahore,3040000
Daihatsu,Mira,2010,Economy,Hatchback,Automatic,Petrol,660cc,207031,4,Rawalpindi,405000
KIA,Sportage,2023,SUV,SUV,Manual,Petrol,2.0L,45980,5,Multan,5430000
Suzuki,Mehran,2006,Economy,Hatchback,Manual,Petrol,800cc,283928,4,Islamabad,250000
Toyota,Land Cruiser,2022,Luxury,SUV,Automatic,Petrol,4.6L,62677,7,Peshawar,21895000
Honda,Vezel,2023,Hybrid,SUV,Automatic,Hybrid,1.5L Hybrid,28981,5,Karachi,5895000
Honda,BR-V,2020,Family,SUV,Manual,Petrol,1.5L,68702,7,Islamabad,3235000
Suzuki,Alto,2016,Economy,Hatchback,Manual,Petrol,1.0L,98745,4,Quetta,560000
Suzuki,Swift,2012,Hatchback,Hatchback,Automatic,Petrol,1.3L,130498,5,Multan,765000
Toyota,Land Cruiser,2013,Luxury,SUV,Manual,Petrol,3.5L,108875,7,Multan,6545000
Toyota,Corolla,2017,Sedan,Sedan,Manual,Petrol,1.8L,86512,5,Islamabad,2355000
Hyundai,Tucson,2023,SUV,SUV,Manual,Petrol,2.0L,28567,5,Peshawar,6370000
Suzuki,APV,2011,Van,Van,Manual,Petrol,1.5L,197758,8,Islamabad,665000
Toyota,Corolla,2020,Sedan,Sedan,Automatic,Petrol,1.3L,78067,5,Multan,2875000
Honda,City,2015,Sedan,Sedan,Manual,Petrol,1.5L,135106,5,Multan,1355000
Suzuki,Mehran,2023,Economy,Hatchback,Automatic,Petrol,800cc,27187,4,Lahore,1260000
Toyota,Hilux,2023,Pickup,Pickup,Automatic,Diesel,2.4L,33179,5,Faisalabad,6525000
Suzuki,Alto,2015,Economy,Hatchback,Automatic,Petrol,1.0L,124968,4,Faisalabad,695000
Toyota,Corolla,2013,Sedan,Sedan,Automatic,Petrol,1.8L,137554,5,Faisalabad,1300000
Suzuki,APV,2011,Van,Van,Automatic,Petrol,1.5L,170614,8,Islamabad,870000
Honda,Vezel,2023,Hybrid,SUV,Automatic,Hybrid,1.5L Hybrid,51542,5,Rawalpindi,5900000
Suzuki,Cultus,2019,Hatchback,Hatchback,Manual,Petrol,1.0L,70566,5,Peshawar,1080000
KIA,Sportage,2026,SUV,SUV,Manual,Petrol,2.0L,0,5,Islamabad,8965000
Toyota,Corolla,2013,Sedan,Sedan,Automatic,Petrol,1.3L,171920,5,Multan,1315000
Suzuki,Mehran,2005,Economy,Hatchback,Manual,Petrol,800cc,248094,4,Lahore,250000
Toyota,Prius,2020,Hybrid,Hatchback,Manual,Hybrid,1.8L Hybrid,51289,5,Rawalpindi,3065000
Daihatsu,Mira,2022,Economy,Hatchback,Automatic,Petrol,660cc,66903,4,Islamabad,1425000
Toyota,Prius,2016,Hybrid,Hatchback,Automatic,Hybrid,1.8L Hybrid,149566,5,Islamabad,1730000
Honda,Civic,2018,Sedan,Sedan,Automatic,Petrol,1.5L Turbo,100212,5,Lahore,3430000
Suzuki,Mehran,2019,Economy,Hatchback,Manual,Petrol,800cc,75975,4,Rawalpindi,610000
Toyota,Prius,2022,Hybrid,Hatchback,Automatic,Hybrid,1.8L Hybrid,38623,5,Islamabad,4330000
Toyota,Yaris,2026,Sedan,Sedan,Automatic,Petrol,1.5L,0,5,Quetta,5000000
Toyota,Prius,2017,Hybrid,Hatchback,Automatic,Hybrid,1.8L Hybrid,89470,5,Faisalabad,2005000
Toyota,Yaris,2023,Sedan,Sedan,Manual,Petrol,1.5L,20842,5,Rawalpindi,3550000
Honda,BR-V,2026,Family,SUV,Automatic,Petrol,1.5L,1657,7,Faisalabad,6915000
Suzuki,Bolan,2010,Economy,Van,Automatic,Petrol,800cc,159300,8,Multan,375000
Toyota,Prius,2015,Hybrid,Hatchback,Automatic,Hybrid,1.8L Hybrid,155583,5,Islamabad,1810000
Suzuki,Bolan,2010,Economy,Van,Manual,Petrol,800cc,195255,8,Lahore,315000
Hyundai,Tucson,2020,SUV,SUV,Manual,Petrol,2.0L,104504,5,Lahore,4165000
Honda,Civic,2014,Sedan,Sedan,Automatic,Petrol,1.5L Turbo,163753,5,Quetta,1900000
Daihatsu,Mira,2024,Economy,Hatchback,Manual,Petrol,660cc,23358,4,Lahore,1915000
Honda,BR-V,2023,Family,SUV,Manual,Petrol,1.5L,53886,7,Peshawar,4035000
Suzuki,APV,2014,Van,Van,Manual,Petrol,1.5L,134149,8,Lahore,1045000
Honda,BR-V,2022,Family,SUV,Automatic,Petrol,1.5L,73867,7,Lahore,4295000
Hyundai,Tucson,2022,SUV,SUV,Manual,Petrol,2.0L,48291,5,Karachi,5895000
Honda,Vezel,2025,Hybrid,SUV,Manual,Hybrid,1.5L Hybrid,6169,5,Peshawar,7570000
Suzuki,Bolan,2013,Economy,Van,Automatic,Petrol,800cc,158295,8,Rawalpindi,420000
Daihatsu,Mira,2016,Economy,Hatchback,Manual,Petrol,660cc,130629,4,Karachi,685000
Suzuki,APV,2024,Van,Van,Automatic,Petrol,1.5L,33053,8,Multan,3840000
Honda,BR-V,2017,Family,SUV,Manual,Petrol,1.5L,106365,7,Lahore,2150000
Toyota,Hilux,2026,Pickup,Pickup,Automatic,Diesel,2.4L,0,5,Quetta,10150000
Toyota,Land Cruiser,2025,Luxury,SUV,Automatic,Petrol,3.5L,6216,7,Faisalabad,32020000
Honda,Vezel,2023,Hybrid,SUV,Automatic,Hybrid,1.5L Hybrid,49719,5,Karachi,5805000
Suzuki,Wagon R,2015,Hatchback,Hatchback,Automatic,Petrol,1.0L,108636,5,Multan,715000
Honda,Vezel,2021,Hybrid,SUV,Automatic,Hybrid,1.5L Hybrid,42207,5,Peshawar,4400000
Toyota,Prius,2025,Hybrid,Hatchback,Automatic,Hybrid,1.8L Hybrid,10949,5,Multan,6455000
Honda,BR-V,2018,Family,SUV,Manual,Petrol,1.5L,89433,7,Rawalpindi,2370000
KIA,Sportage,2020,SUV,SUV,Automatic,Petrol,2.0L,75299,5,Multan,4210000
Honda,Civic,2019,Sedan,Sedan,Automatic,Petrol,1.5L Turbo,64268,5,Faisalabad,3260000
Daihatsu,Mira,2016,Economy,Hatchback,Manual,Petrol,660cc,85254,4,Rawalpindi,735000
Honda,City,2010,Sedan,Sedan,Automatic,Petrol,1.5L,195973,5,Karachi,930000
Suzuki,Alto,2022,Economy,Hatchback,Manual,Petrol,1.0L,43651,4,Lahore,1525000
Toyota,Corolla,2009,Sedan,Sedan,Automatic,Petrol,1.8L,160941,5,Multan,1050000
Suzuki,APV,2022,Van,Van,Manual,Petrol,1.5L,59266,8,Quetta,2520000
Suzuki,Wagon R,2019,Hatchback,Hatchback,Manual,Petrol,1.0L,83564,5,Faisalabad,1105000
Toyota,Fortuner,2018,SUV,SUV,Manual,Diesel,2.8L,110765,7,Peshawar,4790000
Suzuki,Cultus,2026,Hatchback,Hatchback,Manual,Petrol,1.0L,0,5,Peshawar,3305000
Suzuki,Swift,2012,Hatchback,Hatchback,Automatic,Petrol,1.3L,169204,5,Karachi,755000
Suzuki,Mehran,2015,Economy,Hatchback,Automatic,Petrol,800cc,142486,4,Peshawar,370000
KIA,Sportage,2021,SUV,SUV,Manual,Petrol,2.0L,65320,5,Multan,3795000
Suzuki,Swift,2021,Hatchback,Hatchback,Manual,Petrol,1.3L,47081,5,Peshawar,2245000
KIA,Sportage,2024,SUV,SUV,Automatic,Petrol,2.0L,22276,5,Multan,6165000
Honda,BR-V,2021,Family,SUV,Automatic,Petrol,1.5L,46634,7,Rawalpindi,4215000
Honda,Civic,2012,Sedan,Sedan,Manual,Petrol,1.5L Turbo,147831,5,Rawalpindi,1325000
KIA,Sportage,2024,SUV,SUV,Manual,Petrol,2.0L,20311,5,Faisalabad,6220000
Toyota,Yaris,2021,Sedan,Sedan,Manual,Petrol,1.3L,54367,5,Faisalabad,2820000
Toyota,Corolla,2023,Sedan,Sedan,Automatic,Petrol,1.3L,39904,5,Rawalpindi,4495000
Suzuki,Wagon R,2021,Hatchback,Hatchback,Automatic,Petrol,1.0L,54201,5,Faisalabad,1640000
Honda,BR-V,2018,Family,SUV,Manual,Petrol,1.5L,76992,7,Quetta,2290000
Suzuki,Cultus,2019,Hatchback,Hatchback,Automatic,Petrol,1.0L,64544,5,Islamabad,1345000
Suzuki,Swift,2020,Hatchback,Hatchback,Manual,Petrol,1.3L,71896,5,Peshawar,1750000
Suzuki,Mehran,2008,Economy,Hatchback,Manual,Petrol,800cc,211477,4,Rawalpindi,240000
Daihatsu,Mira,2013,Economy,Hatchback,Manual,Petrol,660cc,228812,4,Karachi,450000
Hyundai,Tucson,2023,SUV,SUV,Automatic,Petrol,2.0L,29820,5,Faisalabad,7140000
Honda,City,2025,Sedan,Sedan,Manual,Petrol,1.2L,23392,5,Multan,4095000
Toyota,Fortuner,2026,SUV,SUV,Manual,Diesel,2.8L,0,7,Islamabad,15570000
Daihatsu,Mira,2020,Economy,Hatchback,Automatic,Petrol,660cc,73355,4,Karachi,1370000
Daihatsu,Mira,2012,Economy,Hatchback,Manual,Petrol,660cc,131181,4,Quetta,375000
Toyota,Land Cruiser,2013,Luxury,SUV,Automatic,Petrol,4.6L,184815,7,Quetta,6700000
Suzuki,Swift,2013,Hatchback,Hatchback,Manual,Petrol,1.3L,144219,5,Peshawar,675000
Toyota,Land Cruiser,2013,Luxury,SUV,Manual,Petrol,3.5L,164328,7,Karachi,6195000
Toyota,Yaris,2023,Sedan,Sedan,Manual,Petrol,1.5L,37205,5,Rawalpindi,3285000
Toyota,Corolla,2024,Sedan,Sedan,Automatic,Petrol,1.6L,12322,5,Peshawar,5470000
Toyota,Fortuner,2012,SUV,SUV,Automatic,Diesel,2.7L,184899,7,Peshawar,2525000
Suzuki,APV,2017,Van,Van,Manual,Petrol,1.5L,103772,8,Peshawar,1390000
Toyota,Corolla,2012,Sedan,Sedan,Manual,Petrol,1.3L,185688,5,Peshawar,920000
Daihatsu,Mira,2010,Economy,Hatchback,Manual,Petrol,660cc,173638,4,Islamabad,370000
Daihatsu,Mira,2025,Economy,Hatchback,Automatic,Petrol,660cc,7404,4,Karachi,2485000
Toyota,Land Cruiser,2022,Luxury,SUV,Manual,Petrol,3.5L,40271,7,Karachi,21820000
Toyota,Fortuner,2020,SUV,SUV,Manual,Petrol,2.7L,79217,7,Multan,6550000
Suzuki,APV,2009,Van,Van,Manual,Petrol,1.5L,190301,8,Multan,635000
Suzuki,Cultus,2022,Hatchback,Hatchback,Manual,Petrol,1.0L,41317,5,Lahore,2250000
Toyota,Land Cruiser,2013,Luxury,SUV,Automatic,Petrol,3.5L,181498,7,Multan,6265000
Suzuki,APV,2024,Van,Van,Automatic,Petrol,1.5L,24665,8,Karachi,4065000
Toyota,Fortuner,2018,SUV,SUV,Manual,Petrol,2.7L,121784,7,Quetta,5395000
Honda,City,2022,Sedan,Sedan,Automatic,Petrol,1.5L,59133,5,Faisalabad,3415000
Honda,Vezel,2016,Hybrid,SUV,Manual,Hybrid,1.5L Hybrid,136806,5,Rawalpindi,1950000
Toyota,Fortuner,2021,SUV,SUV,Manual,Petrol,2.8L,71565,7,Multan,7705000
Suzuki,Cultus,2010,Hatchback,Hatchback,Automatic,Petrol,1.0L,208941,5,Karachi,540000
Toyota,Hilux,2016,Pickup,Pickup,Manual,Diesel,2.8L,108618,5,Multan,2255000
Honda,BR-V,2019,Family,SUV,Manual,Petrol,1.5L,65696,7,Quetta,3035000
Honda,Civic,2016,Sedan,Sedan,Automatic,Petrol,1.5L Turbo,134353,5,Multan,2295000
Suzuki,Wagon R,2015,Hatchback,Hatchback,Manual,Petrol,1.0L,128867,5,Quetta,600000
Suzuki,Cultus,2010,Hatchback,Hatchback,Automatic,Petrol,1.0L,153848,5,Faisalabad,475000
Suzuki,APV,2011,Van,Van,Manual,Petrol,1.5L,163537,8,Lahore,660000
KIA,Sportage,2024,SUV,SUV,Automatic,Petrol,2.0L,28697,5,Quetta,6600000
Toyota,Yaris,2025,Sedan,Sedan,Manual,Petrol,1.5L,18204,5,Lahore,4205000
Toyota,Fortuner,2016,SUV,SUV,Manual,Diesel,2.7L,132336,7,Faisalabad,4155000
Toyota,Fortuner,2015,SUV,SUV,Automatic,Petrol,2.8L,139072,7,Rawalpindi,4340000
Hyundai,Tucson,2022,SUV,SUV,Automatic,Petrol,2.0L,46971,5,Quetta,6805000
Suzuki,Mehran,2005,Economy,Hatchback,Automatic,Petrol,800cc,215098,4,Karachi,290000
Hyundai,Tucson,2023,SUV,SUV,Automatic,Petrol,2.0L,30831,5,Peshawar,6200000
Toyota,Prius,2015,Hybrid,Hatchback,Automatic,Hybrid,1.8L Hybrid,142718,5,Lahore,1690000
Suzuki,APV,2010,Van,Van,Manual,Petrol,1.5L,197093,8,Faisalabad,670000
Hyundai,Tucson,2023,SUV,SUV,Manual,Petrol,2.0L,39166,5,Rawalpindi,5765000
Suzuki,Swift,2014,Hatchback,Hatchback,Automatic,Petrol,1.3L,154331,5,Faisalabad,915000
Honda,Vezel,2014,Hybrid,SUV,Automatic,Hybrid,1.5L Hybrid,120638,5,Rawalpindi,2300000
Suzuki,Bolan,2010,Economy,Van,Manual,Petrol,800cc,187426,8,Multan,345000
Hyundai,Tucson,2022,SUV,SUV,Automatic,Petrol,2.0L,55392,5,Karachi,6120000
Suzuki,APV,2019,Van,Van,Manual,Petrol,1.5L,81826,8,Islamabad,1880000
Toyota,Fortuner,2023,SUV,SUV,Manual,Petrol,2.8L,42551,7,Peshawar,9495000
Suzuki,Swift,2026,Hatchback,Hatchback,Manual,Petrol,1.3L,0,5,Rawalpindi,3845000
Suzuki,APV,2026,Van,Van,Automatic,Petrol,1.5L,12877,8,Multan,4440000
Toyota,Prius,2010,Hybrid,Hatchback,Manual,Hybrid,1.8L Hybrid,168614,5,Quetta,955000
Suzuki,Bolan,2026,Economy,Van,Manual,Petrol,800cc,8209,8,Multan,1865000
Suzuki,Alto,2022,Economy,Hatchback,Manual,Petrol,660cc,76474,4,Faisalabad,1235000
Honda,Vezel,2023,Hybrid,SUV,Manual,Hybrid,1.5L Hybrid,32045,5,Rawalpindi,5090000
Suzuki,Wagon R,2015,Hatchback,Hatchback,Manual,Petrol,1.0L,153019,5,Faisalabad,650000
Honda,City,2025,Sedan,Sedan,Automatic,Petrol,1.5L,10974,5,Karachi,5630000
Suzuki,Swift,2020,Hatchback,Hatchback,Automatic,Petrol,1.3L,85984,5,Karachi,2100000
Suzuki,Bolan,2016,Economy,Van,Manual,Petrol,800cc,131672,8,Faisalabad,590000
Toyota,Fortuner,2022,SUV,SUV,Automatic,Petrol,2.7L,53955,7,Islamabad,9780000
Honda,BR-V,2023,Family,SUV,Manual,Petrol,1.5L,36617,7,Lahore,4470000
Toyota,Hilux,2016,Pickup,Pickup,Manual,Diesel,2.4L,109578,5,Quetta,2370000
Suzuki,Wagon R,2019,Hatchback,Hatchback,Automatic,Petrol,1.0L,92782,5,Peshawar,1225000
Hyundai,Tucson,2024,SUV,SUV,Manual,Petrol,2.0L,27352,5,Multan,6680000
Toyota,Yaris,2023,Sedan,Sedan,Manual,Petrol,1.3L,57329,5,Peshawar,3160000
Daihatsu,Mira,2020,Economy,Hatchback,Automatic,Petrol,660cc,68719,4,Faisalabad,1210000
Toyota,Hilux,2010,Pickup,Pickup,Automatic,Diesel,2.4L,128164,5,Rawalpindi,1640000
Honda,City,2019,Sedan,Sedan,Manual,Petrol,1.2L,85796,5,Karachi,2390000
Toyota,Land Cruiser,2020,Luxury,SUV,Automatic,Petrol,4.6L,66217,7,Rawalpindi,16875000
Hyundai,Tucson,2022,SUV,SUV,Automatic,Petrol,2.0L,40109,5,Peshawar,6170000
Toyota,Corolla,2020,Sedan,Sedan,Automatic,Petrol,1.3L,68046,5,Karachi,2910000
Toyota,Fortuner,2014,SUV,SUV,Automatic,Petrol,2.7L,154354,7,Multan,3400000
Suzuki,Cultus,2020,Hatchback,Hatchback,Manual,Petrol,1.0L,74608,5,Peshawar,1320000
Suzuki,Wagon R,2021,Hatchback,Hatchback,Automatic,Petrol,1.0L,53759,5,Lahore,1650000
Suzuki,Mehran,2016,Economy,Hatchback,Manual,Petrol,800cc,139523,4,Multan,455000
Suzuki,APV,2011,Van,Van,Manual,Petrol,1.5L,255352,8,Quetta,610000
Toyota,Fortuner,2026,SUV,SUV,Manual,Diesel,2.8L,0,7,Islamabad,15520000
Suzuki,Swift,2014,Hatchback,Hatchback,Automatic,Petrol,1.3L,115858,5,Rawalpindi,810000
Suzuki,APV,2022,Van,Van,Automatic,Petrol,1.5L,59813,8,Quetta,2790000
Suzuki,Alto,2013,Economy,Hatchback,Manual,Petrol,660cc,155111,4,Quetta,420000
Honda,BR-V,2017,Family,SUV,Manual,Petrol,1.5L,115747,7,Rawalpindi,2125000
Toyota,Prius,2012,Hybrid,Hatchback,Automatic,Hybrid,1.8L Hybrid,158042,5,Islamabad,1180000
Honda,Vezel,2016,Hybrid,SUV,Manual,Hybrid,1.5L Hybrid,121919,5,Islamabad,2510000
Toyota,Hilux,2021,Pickup,Pickup,Manual,Diesel,2.4L,71142,5,Karachi,4740000
Toyota,Fortuner,2024,SUV,SUV,Automatic,Petrol,2.7L,17456,7,Multan,13040000
Suzuki,Cultus,2015,Hatchback,Hatchback,Automatic,Petrol,1.0L,123682,5,Peshawar,820000
Toyota,Prius,2019,Hybrid,Hatchback,Automatic,Hybrid,1.8L Hybrid,109708,5,Lahore,2860000
KIA,Sportage,2024,SUV,SUV,Automatic,Petrol,2.0L,22107,5,Quetta,5890000
Daihatsu,Mira,2018,Economy,Hatchback,Manual,Petrol,660cc,86335,4,Multan,905000
Honda,City,2010,Sedan,Sedan,Manual,Petrol,1.2L,197638,5,Quetta,915000
Toyota,Fortuner,2024,SUV,SUV,Automatic,Petrol,2.8L,2432,7,Rawalpindi,13670000
Suzuki,Bolan,2013,Economy,Van,Automatic,Petrol,800cc,129865,8,Islamabad,390000
Toyota,Corolla,2017,Sedan,Sedan,Manual,Petrol,1.3L,120171,5,Multan,2120000
Toyota,Corolla,2010,Sedan,Sedan,Manual,Petrol,1.6L,193810,5,Rawalpindi,925000
Suzuki,Alto,2019,Economy,Hatchback,Automatic,Petrol,660cc,92265,4,Lahore,1000000
Toyota,Hilux,2023,Pickup,Pickup,Manual,Diesel,2.4L,42128,5,Islamabad,6910000
Suzuki,Alto,2026,Economy,Hatchback,Automatic,Petrol,1.0L,4638,4,Karachi,2565000
Suzuki,Swift,2021,Hatchback,Hatchback,Manual,Petrol,1.3L,53036,5,Islamabad,1930000
Honda,BR-V,2020,Family,SUV,Manual,Petrol,1.5L,75707,7,Quetta,2830000
Suzuki,Swift,2018,Hatchback,Hatchback,Manual,Petrol,1.3L,64425,5,Islamabad,1615000
Honda,City,2015,Sedan,Sedan,Manual,Petrol,1.2L,129616,5,Lahore,1315000
Honda,Civic,2024,Sedan,Sedan,Manual,Petrol,1.5L Turbo,23324,5,Rawalpindi,7605000
Suzuki,Wagon R,2020,Hatchback,Hatchback,Manual,Petrol,1.0L,56084,5,Quetta,1285000
Suzuki,Bolan,2017,Economy,Van,Manual,Petrol,800cc,90982,8,Lahore,730000
Toyota,Corolla,2020,Sedan,Sedan,Manual,Petrol,1.6L,67871,5,Rawalpindi,2735000
Suzuki,APV,2012,Van,Van,Automatic,Petrol,1.5L,194221,8,Faisalabad,755000
Daihatsu,Mira,2013,Economy,Hatchback,Automatic,Petrol,660cc,145335,4,Lahore,550000
Daihatsu,Mira,2025,Economy,Hatchback,Automatic,Petrol,660cc,13169,4,Peshawar,2120000
Suzuki,Wagon R,2015,Hatchback,Hatchback,Manual,Petrol,1.0L,137454,5,Lahore,745000
KIA,Sportage,2026,SUV,SUV,Automatic,Petrol,2.0L,3288,5,Karachi,8470000
Hyundai,Tucson,2025,SUV,SUV,Manual,Petrol,2.0L,17872,5,Lahore,7430000
Suzuki,Bolan,2011,Economy,Van,Automatic,Petrol,800cc,171873,8,Islamabad,375000
Toyota,Yaris,2020,Sedan,Sedan,Manual,Petrol,1.3L,63756,5,Rawalpindi,2380000
Suzuki,Mehran,2006,Economy,Hatchback,Automatic,Petrol,800cc,242660,4,Islamabad,245000
Suzuki,Alto,2016,Economy,Hatchback,Manual,Petrol,660cc,117775,4,Multan,715000
Suzuki,Cultus,2018,Hatchback,Hatchback,Manual,Petrol,1.0L,107612,5,Rawalpindi,1090000
Toyota,Yaris,2024,Sedan,Sedan,Automatic,Petrol,1.5L,33690,5,Islamabad,3685000
KIA,Sportage,2020,SUV,SUV,Automatic,Petrol,2.0L,77777,5,Karachi,4345000
Hyundai,Tucson,2025,SUV,SUV,Automatic,Petrol,2.0L,8346,5,Multan,9835000
Toyota,Yaris,2022,Sedan,Sedan,Automatic,Petrol,1.3L,58383,5,Islamabad,3270000
Suzuki,Cultus,2012,Hatchback,Hatchback,Manual,Petrol,1.0L,158387,5,Islamabad,580000
Toyota,Corolla,2023,Sedan,Sedan,Manual,Petrol,1.8L,36448,5,Quetta,4460000
KIA,Sportage,2025,SUV,SUV,Automatic,Petrol,2.0L,6381,5,Quetta,7235000
Toyota,Fortuner,2022,SUV,SUV,Manual,Petrol,2.7L,55051,7,Faisalabad,8260000
KIA,Sportage,2021,SUV,SUV,Automatic,Petrol,2.0L,74140,5,Lahore,3995000
Toyota,Fortuner,2015,SUV,SUV,Automatic,Diesel,2.7L,102960,7,Faisalabad,3870000
Suzuki,APV,2015,Van,Van,Manual,Petrol,1.5L,128633,8,Lahore,1210000
KIA,Sportage,2025,SUV,SUV,Automatic,Petrol,2.0L,22561,5,Faisalabad,7435000
Toyota,Prius,2017,Hybrid,Hatchback,Automatic,Hybrid,1.8L Hybrid,96729,5,Karachi,2160000
KIA,Sportage,2019,SUV,SUV,Manual,Petrol,2.0L,89080,5,Karachi,3715000
Honda,Civic,2015,Sedan,Sedan,Manual,Petrol,1.5L Turbo,142789,5,Rawalpindi,2190000
Honda,Vezel,2023,Hybrid,SUV,Manual,Hybrid,1.5L Hybrid,39192,5,Multan,5400000
Suzuki,Cultus,2016,Hatchback,Hatchback,Automatic,Petrol,1.0L,135408,5,Quetta,895000
Honda,BR-V,2023,Family,SUV,Manual,Petrol,1.5L,28267,7,Karachi,4750000
Daihatsu,Mira,2015,Economy,Hatchback,Automatic,Petrol,660cc,92477,4,Karachi,745000
Suzuki,Swift,2026,Hatchback,Hatchback,Automatic,Petrol,1.3L,5961,5,Lahore,4130000
Suzuki,Cultus,2026,Hatchback,Hatchback,Manual,Petrol,1.0L,0,5,Quetta,2930000
Suzuki,APV,2012,Van,Van,Automatic,Petrol,1.5L,166524,8,Rawalpindi,750000
Suzuki,Cultus,2011,Hatchback,Hatchback,Automatic,Petrol,1.0L,194176,5,Peshawar,490000
Suzuki,APV,2017,Van,Van,Automatic,Petrol,1.5L,84948,8,Peshawar,1495000
Suzuki,Bolan,2012,Economy,Van,Automatic,Petrol,800cc,206623,8,Islamabad,385000
Suzuki,Cultus,2024,Hatchback,Hatchback,Manual,Petrol,1.0L,27527,5,Quetta,1965000
Toyota,Land Cruiser,2014,Luxury,SUV,Manual,Petrol,3.5L,131116,7,Karachi,8135000
Suzuki,Wagon R,2017,Hatchback,Hatchback,Manual,Petrol,1.0L,84681,5,Faisalabad,960000
Honda,Vezel,2020,Hybrid,SUV,Automatic,Hybrid,1.5L Hybrid,47109,5,Multan,4650000
Toyota,Yaris,2024,Sedan,Sedan,Manual,Petrol,1.5L,22261,5,Faisalabad,4350000
Suzuki,Swift,2021,Hatchback,Hatchback,Automatic,Petrol,1.3L,37887,5,Lahore,2100000
Suzuki,Mehran,2010,Economy,Hatchback,Manual,Petrol,800cc,202508,4,Multan,210000
Suzuki,Wagon R,2019,Hatchback,Hatchback,Manual,Petrol,1.0L,64006,5,Peshawar,1330000
Toyota,Fortuner,2019,SUV,SUV,Automatic,Diesel,2.7L,69531,7,Karachi,6950000
Suzuki,Alto,2024,Economy,Hatchback,Automatic,Petrol,1.0L,24329,4,Faisalabad,2275000
Honda,City,2025,Sedan,Sedan,Manual,Petrol,1.2L,0,5,Islamabad,5320000
Daihatsu,Mira,2026,Economy,Hatchback,Automatic,Petrol,660cc,4836,4,Quetta,2825000
Honda,Vezel,2017,Hybrid,SUV,Automatic,Hybrid,1.5L Hybrid,91270,5,Peshawar,2785000
Suzuki,Swift,2018,Hatchback,Hatchback,Manual,Petrol,1.3L,92911,5,Peshawar,1455000
Toyota,Prius,2024,Hybrid,Hatchback,Manual,Hybrid,1.8L Hybrid,8356,5,Karachi,5255000
Toyota,Corolla,2016,Sedan,Sedan,Manual,Petrol,1.3L,127283,5,Rawalpindi,1905000
Suzuki,Alto,2015,Economy,Hatchback,Manual,Petrol,660cc,114883,4,Multan,580000
Toyota,Hilux,2010,Pickup,Pickup,Manual,Diesel,2.4L,193143,5,Multan,1460000
Suzuki,Alto,2016,Economy,Hatchback,Manual,Petrol,660cc,126334,4,Multan,615000
KIA,Sportage,2026,SUV,SUV,Manual,Petrol,2.0L,8273,5,Rawalpindi,8770000
Toyota,Hilux,2017,Pickup,Pickup,Manual,Diesel,2.4L,90050,5,Multan,3080000
Honda,Vezel,2026,Hybrid,SUV,Automatic,Hybrid,1.5L Hybrid,0,5,Faisalabad,8950000
Honda,BR-V,2022,Family,SUV,Automatic,Petrol,1.5L,44065,7,Karachi,4130000
Suzuki,Cultus,2026,Hatchback,Hatchback,Automatic,Petrol,1.0L,0,5,Rawalpindi,3370000
Honda,City,2013,Sedan,Sedan,Automatic,Petrol,1.2L,179523,5,Rawalpindi,1015000
Toyota,Land Cruiser,2023,Luxury,SUV,Manual,Petrol,3.5L,35573,7,Rawalpindi,23310000
Suzuki,Wagon R,2020,Hatchback,Hatchback,Automatic,Petrol,1.0L,47726,5,Faisalabad,1505000
Daihatsu,Mira,2026,Economy,Hatchback,Automatic,Petrol,660cc,0,4,Rawalpindi,2470000
Hyundai,Tucson,2023,SUV,SUV,Automatic,Petrol,2.0L,37527,5,Multan,6840000
Honda,Vezel,2020,Hybrid,SUV,Manual,Hybrid,1.5L Hybrid,60704,5,Rawalpindi,3795000
Toyota,Hilux,2023,Pickup,Pickup,Automatic,Diesel,2.8L,33996,5,Faisalabad,6160000
Honda,Civic,2021,Sedan,Sedan,Manual,Petrol,1.5L Turbo,52514,5,Lahore,4780000
Hyundai,Tucson,2021,SUV,SUV,Automatic,Petrol,2.0L,37464,5,Multan,5635000
Suzuki,Bolan,2019,Economy,Van,Automatic,Petrol,800cc,100642,8,Peshawar,900000
Honda,Civic,2014,Sedan,Sedan,Manual,Petrol,1.8L,159523,5,Quetta,1660000
Honda,Vezel,2017,Hybrid,SUV,Manual,Hybrid,1.5L Hybrid,104990,5,Karachi,3085000
Suzuki,Cultus,2026,Hatchback,Hatchback,Automatic,Petrol,1.0L,0,5,Islamabad,3280000
Honda,BR-V,2025,Family,SUV,Automatic,Petrol,1.5L,11253,7,Karachi,7040000
Honda,City,2022,Sedan,Sedan,Automatic,Petrol,1.2L,50954,5,Peshawar,3110000
Toyota,Land Cruiser,2025,Luxury,SUV,Automatic,Petrol,3.5L,7796,7,Faisalabad,34365000
Honda,BR-V,2017,Family,SUV,Manual,Petrol,1.5L,109862,7,Rawalpindi,1930000
Suzuki,Bolan,2018,Economy,Van,Manual,Petrol,800cc,69304,8,Islamabad,755000
Hyundai,Tucson,2022,SUV,SUV,Manual,Petrol,2.0L,55888,5,Rawalpindi,5455000
Suzuki,Cultus,2021,Hatchback,Hatchback,Automatic,Petrol,1.0L,61565,5,Peshawar,1725000
Suzuki,APV,2011,Van,Van,Manual,Petrol,1.5L,188614,8,Multan,645000
Suzuki,Swift,2018,Hatchback,Hatchback,Automatic,Petrol,1.3L,114018,5,Quetta,1310000
Honda,BR-V,2017,Family,SUV,Manual,Petrol,1.5L,114503,7,Rawalpindi,2045000
Suzuki,Swift,2025,Hatchback,Hatchback,Automatic,Petrol,1.3L,8942,5,Karachi,4250000
Honda,BR-V,2026,Family,SUV,Manual,Petrol,1.5L,606,7,Peshawar,6540000
Honda,Civic,2014,Sedan,Sedan,Automatic,Petrol,1.8L,168266,5,Multan,1935000
Suzuki,Bolan,2025,Economy,Van,Manual,Petrol,800cc,9512,8,Faisalabad,2025000
Toyota,Fortuner,2020,SUV,SUV,Automatic,Petrol,2.8L,68674,7,Peshawar,7015000
KIA,Sportage,2022,SUV,SUV,Automatic,Petrol,2.0L,49240,5,Peshawar,5850000
Toyota,Prius,2012,Hybrid,Hatchback,Automatic,Hybrid,1.8L Hybrid,145497,5,Quetta,1110000
Toyota,Prius,2020,Hybrid,Hatchback,Automatic,Hybrid,1.8L Hybrid,41771,5,Rawalpindi,3300000
Honda,Vezel,2014,Hybrid,SUV,Manual,Hybrid,1.5L Hybrid,102367,5,Lahore,2045000
Honda,City,2012,Sedan,Sedan,Manual,Petrol,1.2L,151226,5,Islamabad,865000
Honda,Vezel,2016,Hybrid,SUV,Manual,Hybrid,1.5L Hybrid,143762,5,Lahore,2540000
Suzuki,Cultus,2013,Hatchback,Hatchback,Manual,Petrol,1.0L,161593,5,Multan,545000
Toyota,Hilux,2025,Pickup,Pickup,Automatic,Diesel,2.8L,0,5,Faisalabad,9080000
Suzuki,APV,2024,Van,Van,Manual,Petrol,1.5L,8854,8,Faisalabad,3775000
Suzuki,Wagon R,2014,Hatchback,Hatchback,Automatic,Petrol,1.0L,158813,5,Multan,675000
Hyundai,Tucson,2022,SUV,SUV,Manual,Petrol,2.0L,53784,5,Faisalabad,5580000
Honda,Vezel,2016,Hybrid,SUV,Automatic,Hybrid,1.5L Hybrid,101865,5,Islamabad,2400000
Toyota,Fortuner,2022,SUV,SUV,Manual,Petrol,2.7L,56589,7,Faisalabad,8515000
Suzuki,Cultus,2012,Hatchback,Hatchback,Automatic,Petrol,1.0L,192002,5,Peshawar,480000
Toyota,Hilux,2026,Pickup,Pickup,Automatic,Diesel,2.4L,4775,5,Peshawar,9355000
Suzuki,Cultus,2013,Hatchback,Hatchback,Automatic,Petrol,1.0L,130017,5,Peshawar,630000
Suzuki,Wagon R,2019,Hatchback,Hatchback,Manual,Petrol,1.0L,94978,5,Quetta,1205000
Toyota,Prius,2017,Hybrid,Hatchback,Automatic,Hybrid,1.8L Hybrid,92059,5,Rawalpindi,2100000
Honda,Vezel,2021,Hybrid,SUV,Manual,Hybrid,1.5L Hybrid,59061,5,Faisalabad,4455000
Honda,Civic,2025,Sedan,Sedan,Automatic,Petrol,1.8L,11509,5,Faisalabad,7570000
Toyota,Prius,2017,Hybrid,Hatchback,Manual,Hybrid,1.8L Hybrid,99143,5,Rawalpindi,2000000
KIA,Sportage,2021,SUV,SUV,Manual,Petrol,2.0L,68936,5,Karachi,4860000
Honda,BR-V,2022,Family,SUV,Manual,Petrol,1.5L,57967,7,Rawalpindi,4400000
Honda,City,2023,Sedan,Sedan,Manual,Petrol,1.2L,33483,5,Multan,3775000
Suzuki,Bolan,2013,Economy,Van,Automatic,Petrol,800cc,158319,8,Faisalabad,440000
Toyota,Yaris,2026,Sedan,Sedan,Manual,Petrol,1.5L,2212,5,Quetta,4835000
Toyota,Prius,2018,Hybrid,Hatchback,Automatic,Hybrid,1.8L Hybrid,117653,5,Islamabad,2680000
Honda,Civic,2017,Sedan,Sedan,Automatic,Petrol,1.5L Turbo,99349,5,Lahore,3040000
Honda,Civic,2020,Sedan,Sedan,Manual,Petrol,1.5L Turbo,87331,5,Peshawar,3120000
Honda,BR-V,2024,Family,SUV,Automatic,Petrol,1.5L,19855,7,Rawalpindi,5610000
Toyota,Hilux,2013,Pickup,Pickup,Automatic,Diesel,2.8L,187273,5,Multan,1785000
Suzuki,APV,2025,Van,Van,Automatic,Petrol,1.5L,0,8,Quetta,4335000
Honda,City,2011,Sedan,Sedan,Automatic,Petrol,1.2L,194220,5,Faisalabad,835000
Toyota,Yaris,2023,Sedan,Sedan,Automatic,Petrol,1.3L,21998,5,Peshawar,3730000
Toyota,Hilux,2011,Pickup,Pickup,Manual,Diesel,2.4L,201810,5,Karachi,1635000
Toyota,Prius,2026,Hybrid,Hatchback,Manual,Hybrid,1.8L Hybrid,0,5,Karachi,6610000
Suzuki,Alto,2012,Economy,Hatchback,Manual,Petrol,1.0L,139908,4,Karachi,430000
Suzuki,Cultus,2012,Hatchback,Hatchback,Manual,Petrol,1.0L,175005,5,Peshawar,485000
Suzuki,Wagon R,2014,Hatchback,Hatchback,Automatic,Petrol,1.0L,124492,5,Lahore,680000
Toyota,Fortuner,2020,SUV,SUV,Automatic,Petrol,2.7L,68511,7,Faisalabad,6580000
Suzuki,Swift,2022,Hatchback,Hatchback,Manual,Petrol,1.3L,50218,5,Islamabad,2085000
Suzuki,Mehran,2020,Economy,Hatchback,Automatic,Petrol,800cc,66846,4,Multan,800000
Toyota,Corolla,2019,Sedan,Sedan,Automatic,Petrol,1.6L,64803,5,Karachi,3180000
Toyota,Land Cruiser,2025,Luxury,SUV,Manual,Petrol,3.5L,19050,7,Rawalpindi,28850000
Suzuki,Mehran,2006,Economy,Hatchback,Automatic,Petrol,800cc,253574,4,Lahore,255000
Suzuki,Bolan,2022,Economy,Van,Manual,Petrol,800cc,61267,8,Karachi,1335000
Suzuki,Swift,2021,Hatchback,Hatchback,Automatic,Petrol,1.3L,61022,5,Multan,2320000
Suzuki,Swift,2017,Hatchback,Hatchback,Manual,Petrol,1.3L,108084,5,Karachi,1350000
Honda,Civic,2013,Sedan,Sedan,Manual,Petrol,1.8L,163418,5,Karachi,1645000
Toyota,Prius,2015,Hybrid,Hatchback,Automatic,Hybrid,1.8L Hybrid,130735,5,Karachi,1770000
Suzuki,Swift,2021,Hatchback,Hatchback,Manual,Petrol,1.3L,57533,5,Faisalabad,2175000
Toyota,Prius,2020,Hybrid,Hatchback,Manual,Hybrid,1.8L Hybrid,71879,5,Quetta,2855000
Suzuki,Cultus,2023,Hatchback,Hatchback,Automatic,Petrol,1.0L,45306,5,Karachi,2270000
KIA,Sportage,2026,SUV,SUV,Automatic,Petrol,2.0L,132,5,Karachi,8860000
Honda,Civic,2016,Sedan,Sedan,Manual,Petrol,1.5L Turbo,143097,5,Karachi,2595000
Toyota,Corolla,2013,Sedan,Sedan,Automatic,Petrol,1.3L,185508,5,Peshawar,1205000
Honda,City,2016,Sedan,Sedan,Automatic,Petrol,1.2L,129472,5,Rawalpindi,1620000
Honda,BR-V,2025,Family,SUV,Manual,Petrol,1.5L,18913,7,Islamabad,5820000
Honda,Civic,2025,Sedan,Sedan,Manual,Petrol,1.8L,3641,5,Peshawar,7435000
Toyota,Yaris,2021,Sedan,Sedan,Manual,Petrol,1.5L,62793,5,Karachi,2715000
Honda,Civic,2017,Sedan,Sedan,Manual,Petrol,1.8L,82258,5,Islamabad,2805000
KIA,Sportage,2023,SUV,SUV,Automatic,Petrol,2.0L,50213,5,Multan,5540000
Suzuki,Wagon R,2025,Hatchback,Hatchback,Manual,Petrol,1.0L,6120,5,Islamabad,2460000
Hyundai,Tucson,2022,SUV,SUV,Manual,Petrol,2.0L,50072,5,Quetta,5795000
Suzuki,Mehran,2013,Economy,Hatchback,Manual,Petrol,800cc,164273,4,Multan,320000
Toyota,Corolla,2009,Sedan,Sedan,Manual,Petrol,1.8L,238392,5,Karachi,930000
Toyota,Prius,2025,Hybrid,Hatchback,Manual,Hybrid,1.8L Hybrid,12287,5,Quetta,5550000
Toyota,Hilux,2026,Pickup,Pickup,Automatic,Diesel,2.8L,1272,5,Faisalabad,10420000
Daihatsu,Mira,2016,Economy,Hatchback,Manual,Petrol,660cc,141113,4,Rawalpindi,680000
Suzuki,Bolan,2024,Economy,Van,Automatic,Petrol,800cc,24210,8,Faisalabad,1760000
Toyota,Corolla,2021,Sedan,Sedan,Automatic,Petrol,1.8L,35549,5,Karachi,4290000
Honda,BR-V,2024,Family,SUV,Manual,Petrol,1.5L,9109,7,Faisalabad,4870000
Suzuki,Wagon R,2015,Hatchback,Hatchback,Automatic,Petrol,1.0L,141475,5,Peshawar,695000
Honda,Civic,2025,Sedan,Sedan,Manual,Petrol,1.5L Turbo,14945,5,Quetta,6855000
Honda,BR-V,2020,Family,SUV,Manual,Petrol,1.5L,82312,7,Faisalabad,3185000
Toyota,Hilux,2022,Pickup,Pickup,Manual,Diesel,2.8L,52245,5,Multan,5790000
Toyota,Fortuner,2020,SUV,SUV,Manual,Petrol,2.7L,82504,7,Quetta,6700000
Toyota,Fortuner,2012,SUV,SUV,Automatic,Diesel,2.8L,168596,7,Lahore,2925000
Hyundai,Tucson,2025,SUV,SUV,Manual,Petrol,2.0L,11091,5,Faisalabad,7740000
Suzuki,Wagon R,2021,Hatchback,Hatchback,Manual,Petrol,1.0L,47370,5,Rawalpindi,1645000
Daihatsu,Mira,2025,Economy,Hatchback,Manual,Petrol,660cc,18237,4,Faisalabad,1895000
Honda,Civic,2015,Sedan,Sedan,Automatic,Petrol,1.8L,108557,5,Karachi,2180000
Hyundai,Tucson,2025,SUV,SUV,Automatic,Petrol,2.0L,7023,5,Lahore,9000000
Suzuki,Bolan,2010,Economy,Van,Automatic,Petrol,800cc,182916,8,Faisalabad,335000
Suzuki,APV,2025,Van,Van,Automatic,Petrol,1.5L,29052,8,Islamabad,4510000
Toyota,Yaris,2020,Sedan,Sedan,Automatic,Petrol,1.5L,78325,5,Faisalabad,2510000
Daihatsu,Mira,2010,Economy,Hatchback,Manual,Petrol,660cc,213113,4,Karachi,365000
Toyota,Land Cruiser,2022,Luxury,SUV,Manual,Petrol,3.5L,40651,7,Islamabad,20395000
Toyota,Yaris,2024,Sedan,Sedan,Automatic,Petrol,1.5L,19236,5,Faisalabad,4340000
Suzuki,Bolan,2006,Economy,Van,Manual,Petrol,800cc,244849,8,Faisalabad,290000
Suzuki,Wagon R,2025,Hatchback,Hatchback,Manual,Petrol,1.0L,12232,5,Multan,2500000
Suzuki,Swift,2017,Hatchback,Hatchback,Automatic,Petrol,1.3L,104918,5,Lahore,1320000
Toyota,Corolla,2022,Sedan,Sedan,Manual,Petrol,1.6L,40355,5,Karachi,4285000
Toyota,Prius,2026,Hybrid,Hatchback,Manual,Hybrid,1.8L Hybrid,9514,5,Multan,6790000
Suzuki,Wagon R,2026,Hatchback,Hatchback,Automatic,Petrol,1.0L,0,5,Karachi,3065000
Toyota,Corolla,2025,Sedan,Sedan,Automatic,Petrol,1.3L,6338,5,Faisalabad,5900000
Suzuki,Wagon R,2023,Hatchback,Hatchback,Manual,Petrol,1.0L,26932,5,Peshawar,2135000
Suzuki,Cultus,2014,Hatchback,Hatchback,Manual,Petrol,1.0L,135464,5,Lahore,630000
Suzuki,Mehran,2020,Economy,Hatchback,Automatic,Petrol,800cc,67743,4,Lahore,820000
Suzuki,APV,2012,Van,Van,Manual,Petrol,1.5L,153363,8,Peshawar,755000
Suzuki,Swift,2019,Hatchback,Hatchback,Automatic,Petrol,1.3L,86921,5,Karachi,1890000
Honda,Vezel,2026,Hybrid,SUV,Manual,Hybrid,1.5L Hybrid,0,5,Peshawar,7370000
Toyota,Hilux,2017,Pickup,Pickup,Automatic,Diesel,2.8L,124676,5,Islamabad,2935000
Honda,Civic,2017,Sedan,Sedan,Automatic,Petrol,1.8L,126897,5,Peshawar,2730000
Honda,Civic,2024,Sedan,Sedan,Manual,Petrol,1.5L Turbo,28620,5,Karachi,6520000
KIA,Sportage,2021,SUV,SUV,Automatic,Petrol,2.0L,73565,5,Faisalabad,4835000
Honda,BR-V,2023,Family,SUV,Manual,Petrol,1.5L,25548,7,Islamabad,4435000
Toyota,Land Cruiser,2019,Luxury,SUV,Automatic,Petrol,3.5L,106014,7,Quetta,15000000
Honda,Civic,2017,Sedan,Sedan,Automatic,Petrol,1.5L Turbo,91671,5,Lahore,3180000
Toyota,Fortuner,2015,SUV,SUV,Automatic,Diesel,2.8L,145564,7,Peshawar,4335000
Toyota,Corolla,2024,Sedan,Sedan,Automatic,Petrol,1.8L,3166,5,Rawalpindi,5830000
Honda,Vezel,2014,Hybrid,SUV,Automatic,Hybrid,1.5L Hybrid,157427,5,Karachi,1930000
Suzuki,Alto,2015,Economy,Hatchback,Manual,Petrol,1.0L,101374,4,Karachi,635000
Suzuki,Alto,2020,Economy,Hatchback,Manual,Petrol,1.0L,55866,4,Quetta,1160000
Toyota,Yaris,2020,Sedan,Sedan,Automatic,Petrol,1.5L,62659,5,Faisalabad,2380000
Toyota,Fortuner,2026,SUV,SUV,Automatic,Diesel,2.7L,0,7,Rawalpindi,16845000
Suzuki,APV,2012,Van,Van,Automatic,Petrol,1.5L,183540,8,Multan,860000
Toyota,Prius,2010,Hybrid,Hatchback,Automatic,Hybrid,1.8L Hybrid,208830,5,Rawalpindi,990000
Suzuki,Alto,2016,Economy,Hatchback,Automatic,Petrol,1.0L,103073,4,Lahore,725000
Toyota,Corolla,2011,Sedan,Sedan,Automatic,Petrol,1.3L,195178,5,Islamabad,1055000
KIA,Sportage,2021,SUV,SUV,Automatic,Petrol,2.0L,67750,5,Faisalabad,4810000
Suzuki,Cultus,2014,Hatchback,Hatchback,Automatic,Petrol,1.0L,143697,5,Faisalabad,680000
Toyota,Corolla,2026,Sedan,Sedan,Automatic,Petrol,1.8L,11826,5,Quetta,5880000
KIA,Sportage,2020,SUV,SUV,Manual,Petrol,2.0L,76779,5,Quetta,3575000
Toyota,Prius,2026,Hybrid,Hatchback,Manual,Hybrid,1.8L Hybrid,0,5,Multan,6470000
Honda,Vezel,2025,Hybrid,SUV,Manual,Hybrid,1.5L Hybrid,11740,5,Islamabad,7860000
Toyota,Hilux,2013,Pickup,Pickup,Automatic,Diesel,2.4L,146362,5,Lahore,2130000
Toyota,Hilux,2025,Pickup,Pickup,Automatic,Diesel,2.4L,1509,5,Lahore,10105000
Suzuki,Mehran,2014,Economy,Hatchback,Automatic,Petrol,800cc,200965,4,Islamabad,350000
Suzuki,Alto,2022,Economy,Hatchback,Manual,Petrol,660cc,69153,4,Lahore,1450000
Toyota,Land Cruiser,2018,Luxury,SUV,Automatic,Petrol,4.6L,75016,7,Rawalpindi,17165000
Toyota,Fortuner,2019,SUV,SUV,Manual,Petrol,2.8L,88452,7,Islamabad,5890000
Suzuki,Wagon R,2024,Hatchback,Hatchback,Manual,Petrol,1.0L,16232,5,Faisalabad,2455000
Suzuki,Alto,2012,Economy,Hatchback,Automatic,Petrol,1.0L,154046,4,Rawalpindi,435000
Honda,Vezel,2020,Hybrid,SUV,Manual,Hybrid,1.5L Hybrid,100654,5,Islamabad,4055000
Suzuki,Swift,2020,Hatchback,Hatchback,Automatic,Petrol,1.3L,76845,5,Quetta,1985000
Suzuki,Wagon R,2024,Hatchback,Hatchback,Manual,Petrol,1.0L,34823,5,Faisalabad,2140000
Honda,Vezel,2017,Hybrid,SUV,Automatic,Hybrid,1.5L Hybrid,100860,5,Quetta,2840000
Suzuki,Cultus,2020,Hatchback,Hatchback,Automatic,Petrol,1.0L,67374,5,Islamabad,1500000
Toyota,Land Cruiser,2016,Luxury,SUV,Automatic,Petrol,3.5L,105331,7,Islamabad,10940000
Suzuki,Cultus,2022,Hatchback,Hatchback,Automatic,Petrol,1.0L,35436,5,Islamabad,1880000
Toyota,Fortuner,2022,SUV,SUV,Manual,Diesel,2.8L,64058,7,Rawalpindi,8825000
Suzuki,Cultus,2022,Hatchback,Hatchback,Automatic,Petrol,1.0L,53927,5,Karachi,1980000
Toyota,Hilux,2016,Pickup,Pickup,Automatic,Diesel,2.4L,105773,5,Faisalabad,3125000
Suzuki,Wagon R,2021,Hatchback,Hatchback,Manual,Petrol,1.0L,61544,5,Karachi,1455000
Honda,Civic,2017,Sedan,Sedan,Manual,Petrol,1.8L,131857,5,Quetta,2130000
Suzuki,Cultus,2016,Hatchback,Hatchback,Manual,Petrol,1.0L,105558,5,Multan,905000
Toyota,Land Cruiser,2013,Luxury,SUV,Manual,Petrol,3.5L,147556,7,Lahore,7085000
Toyota,Prius,2015,Hybrid,Hatchback,Automatic,Hybrid,1.8L Hybrid,153767,5,Islamabad,1600000
Honda,BR-V,2022,Family,SUV,Automatic,Petrol,1.5L,47602,7,Islamabad,4195000
KIA,Sportage,2021,SUV,SUV,Manual,Petrol,2.0L,57662,5,Rawalpindi,3745000
Toyota,Fortuner,2016,SUV,SUV,Automatic,Diesel,2.7L,134521,7,Multan,4355000
Honda,City,2010,Sedan,Sedan,Automatic,Petrol,1.2L,190954,5,Rawalpindi,865000
Honda,BR-V,2020,Family,SUV,Manual,Petrol,1.5L,63334,7,Islamabad,3405000
Honda,BR-V,2017,Family,SUV,Automatic,Petrol,1.5L,117145,7,Lahore,2475000
Honda,City,2023,Sedan,Sedan,Manual,Petrol,1.5L,58050,5,Peshawar,3190000
Honda,Civic,2016,Sedan,Sedan,Manual,Petrol,1.8L,84957,5,Faisalabad,2855000
KIA,Sportage,2019,SUV,SUV,Automatic,Petrol,2.0L,76777,5,Peshawar,3595000
Suzuki,Mehran,2026,Economy,Hatchback,Manual,Petrol,800cc,0,4,Lahore,1620000
Honda,Civic,2019,Sedan,Sedan,Manual,Petrol,1.8L,83118,5,Rawalpindi,3225000
Toyota,Prius,2010,Hybrid,Hatchback,Manual,Hybrid,1.8L Hybrid,163680,5,Faisalabad,1090000
Suzuki,APV,2011,Van,Van,Automatic,Petrol,1.5L,158704,8,Lahore,820000
Toyota,Yaris,2021,Sedan,Sedan,Automatic,Petrol,1.5L,48721,5,Faisalabad,2910000
Toyota,Fortuner,2025,SUV,SUV,Automatic,Diesel,2.7L,21600,7,Karachi,13905000
Honda,Civic,2015,Sedan,Sedan,Manual,Petrol,1.5L Turbo,100612,5,Lahore,2160000
Suzuki,Cultus,2020,Hatchback,Hatchback,Manual,Petrol,1.0L,65959,5,Peshawar,1525000
Toyota,Land Cruiser,2017,Luxury,SUV,Manual,Petrol,4.6L,123980,7,Multan,10710000
Toyota,Corolla,2010,Sedan,Sedan,Manual,Petrol,1.3L,173382,5,Peshawar,935000
Honda,Civic,2015,Sedan,Sedan,Manual,Petrol,1.5L Turbo,96467,5,Quetta,2020000
Suzuki,Cultus,2017,Hatchback,Hatchback,Automatic,Petrol,1.0L,86292,5,Rawalpindi,1170000
Suzuki,Wagon R,2016,Hatchback,Hatchback,Manual,Petrol,1.0L,104815,5,Rawalpindi,825000
Suzuki,Wagon R,2025,Hatchback,Hatchback,Manual,Petrol,1.0L,17925,5,Peshawar,2445000
Suzuki,Alto,2020,Economy,Hatchback,Automatic,Petrol,1.0L,58921,4,Quetta,970000
Honda,BR-V,2018,Family,SUV,Manual,Petrol,1.5L,110095,7,Quetta,2225000
Honda,BR-V,2021,Family,SUV,Automatic,Petrol,1.5L,62565,7,Islamabad,3645000
Hyundai,Tucson,2026,SUV,SUV,Automatic,Petrol,2.0L,0,5,Rawalpindi,10610000
Daihatsu,Mira,2012,Economy,Hatchback,Automatic,Petrol,660cc,157013,4,Quetta,400000
Daihatsu,Mira,2011,Economy,Hatchback,Automatic,Petrol,660cc,168369,4,Rawalpindi,420000
Suzuki,Swift,2013,Hatchback,Hatchback,Manual,Petrol,1.3L,153627,5,Lahore,775000
KIA,Sportage,2026,SUV,SUV,Automatic,Petrol,2.0L,8643,5,Islamabad,8185000
Hyundai,Tucson,2024,SUV,SUV,Manual,Petrol,2.0L,4584,5,Karachi,7875000
Suzuki,APV,2015,Van,Van,Manual,Petrol,1.5L,121788,8,Multan,1155000
Suzuki,Mehran,2015,Economy,Hatchback,Automatic,Petrol,800cc,107087,4,Karachi,415000
Honda,BR-V,2020,Family,SUV,Automatic,Petrol,1.5L,51140,7,Multan,3285000
Suzuki,Swift,2013,Hatchback,Hatchback,Manual,Petrol,1.3L,143322,5,Rawalpindi,810000
Suzuki,APV,2022,Van,Van,Manual,Petrol,1.5L,51705,8,Faisalabad,2480000
KIA,Sportage,2021,SUV,SUV,Manual,Petrol,2.0L,44738,5,Multan,4265000
Suzuki,Cultus,2010,Hatchback,Hatchback,Automatic,Petrol,1.0L,199179,5,Islamabad,485000
Toyota,Land Cruiser,2025,Luxury,SUV,Manual,Petrol,3.5L,9219,7,Rawalpindi,32065000
Toyota,Prius,2010,Hybrid,Hatchback,Automatic,Hybrid,1.8L Hybrid,218056,5,Rawalpindi,925000
Suzuki,Bolan,2025,Economy,Van,Automatic,Petrol,800cc,1529,8,Rawalpindi,2275000
Suzuki,APV,2023,Van,Van,Automatic,Petrol,1.5L,47533,8,Islamabad,3145000
Suzuki,Bolan,2005,Economy,Van,Automatic,Petrol,800cc,264260,8,Multan,320000
Daihatsu,Mira,2022,Economy,Hatchback,Automatic,Petrol,660cc,39642,4,Rawalpindi,1530000
Honda,Vezel,2024,Hybrid,SUV,Automatic,Hybrid,1.5L Hybrid,31808,5,Karachi,7100000
Toyota,Hilux,2011,Pickup,Pickup,Manual,Diesel,2.4L,120562,5,Rawalpindi,1635000
Toyota,Land Cruiser,2017,Luxury,SUV,Manual,Petrol,4.6L,82240,7,Peshawar,11205000
Toyota,Fortuner,2026,SUV,SUV,Automatic,Petrol,2.7L,0,7,Faisalabad,15150000
Toyota,Hilux,2021,Pickup,Pickup,Manual,Diesel,2.4L,60088,5,Rawalpindi,4880000
Honda,Civic,2016,Sedan,Sedan,Automatic,Petrol,1.8L,115889,5,Karachi,2500000
Honda,Vezel,2025,Hybrid,SUV,Manual,Hybrid,1.5L Hybrid,6919,5,Islamabad,8700000
Toyota,Yaris,2022,Sedan,Sedan,Manual,Petrol,1.5L,49777,5,Rawalpindi,3000000
Toyota,Land Cruiser,2023,Luxury,SUV,Automatic,Petrol,3.5L,34094,7,Peshawar,23015000
Honda,BR-V,2023,Family,SUV,Manual,Petrol,1.5L,45528,7,Islamabad,4470000
Suzuki,APV,2025,Van,Van,Automatic,Petrol,1.5L,8229,8,Rawalpindi,4590000
Toyota,Yaris,2024,Sedan,Sedan,Automatic,Petrol,1.3L,28610,5,Peshawar,4005000
Toyota,Yaris,2022,Sedan,Sedan,Automatic,Petrol,1.5L,49957,5,Multan,3465000
Honda,Civic,2017,Sedan,Sedan,Automatic,Petrol,1.5L Turbo,122631,5,Quetta,2510000
Toyota,Yaris,2024,Sedan,Sedan,Manual,Petrol,1.3L,25951,5,Lahore,3995000
Toyota,Prius,2022,Hybrid,Hatchback,Manual,Hybrid,1.8L Hybrid,46382,5,Quetta,4100000
Honda,City,2015,Sedan,Sedan,Automatic,Petrol,1.2L,124846,5,Multan,1425000
Suzuki,Wagon R,2024,Hatchback,Hatchback,Manual,Petrol,1.0L,18602,5,Multan,2535000
Suzuki,Cultus,2018,Hatchback,Hatchback,Automatic,Petrol,1.0L,128453,5,Peshawar,1125000
Honda,Vezel,2015,Hybrid,SUV,Automatic,Hybrid,1.5L Hybrid,143821,5,Quetta,2195000
Hyundai,Tucson,2020,SUV,SUV,Automatic,Petrol,2.0L,83476,5,Lahore,4765000
Honda,BR-V,2017,Family,SUV,Automatic,Petrol,1.5L,99404,7,Multan,1985000
Suzuki,Mehran,2007,Economy,Hatchback,Automatic,Petrol,800cc,250389,4,Quetta,230000
Toyota,Hilux,2025,Pickup,Pickup,Manual,Diesel,2.8L,13857,5,Lahore,9105000
Toyota,Land Cruiser,2026,Luxury,SUV,Automatic,Petrol,4.6L,0,7,Rawalpindi,37555000
Toyota,Prius,2013,Hybrid,Hatchback,Automatic,Hybrid,1.8L Hybrid,156117,5,Karachi,1270000
Honda,Civic,2025,Sedan,Sedan,Automatic,Petrol,1.5L Turbo,18302,5,Karachi,7130000
Honda,BR-V,2022,Family,SUV,Manual,Petrol,1.5L,60795,7,Quetta,3845000
Daihatsu,Mira,2022,Economy,Hatchback,Automatic,Petrol,660cc,50876,4,Faisalabad,1410000
Hyundai,Tucson,2020,SUV,SUV,Manual,Petrol,2.0L,72290,5,Faisalabad,4345000
Honda,City,2025,Sedan,Sedan,Automatic,Petrol,1.5L,5858,5,Karachi,5040000
Suzuki,Mehran,2014,Economy,Hatchback,Manual,Petrol,800cc,118341,4,Faisalabad,385000
Honda,Vezel,2015,Hybrid,SUV,Manual,Hybrid,1.5L Hybrid,152396,5,Lahore,2100000
Suzuki,Mehran,2020,Economy,Hatchback,Automatic,Petrol,800cc,71998,4,Karachi,750000
Toyota,Fortuner,2013,SUV,SUV,Automatic,Petrol,2.8L,142358,7,Islamabad,2860000
Suzuki,Bolan,2024,Economy,Van,Automatic,Petrol,800cc,21092,8,Peshawar,1860000
Suzuki,APV,2025,Van,Van,Automatic,Petrol,1.5L,14244,8,Islamabad,4460000
Daihatsu,Mira,2024,Economy,Hatchback,Automatic,Petrol,660cc,6947,4,Quetta,2115000
Daihatsu,Mira,2022,Economy,Hatchback,Automatic,Petrol,660cc,35903,4,Quetta,1650000
Suzuki,APV,2009,Van,Van,Manual,Petrol,1.5L,186768,8,Peshawar,665000
Honda,Vezel,2025,Hybrid,SUV,Manual,Hybrid,1.5L Hybrid,4607,5,Karachi,7870000
KIA,Sportage,2021,SUV,SUV,Automatic,Petrol,2.0L,57643,5,Karachi,4790000
Honda,Vezel,2019,Hybrid,SUV,Automatic,Hybrid,1.5L Hybrid,107039,5,Faisalabad,3725000
Toyota,Yaris,2023,Sedan,Sedan,Manual,Petrol,1.5L,36150,5,Peshawar,3330000
Honda,City,2017,Sedan,Sedan,Automatic,Petrol,1.2L,97225,5,Rawalpindi,1945000
Suzuki,Wagon R,2019,Hatchback,Hatchback,Manual,Petrol,1.0L,80383,5,Lahore,1345000
Honda,Vezel,2024,Hybrid,SUV,Automatic,Hybrid,1.5L Hybrid,42232,5,Multan,6150000
Hyundai,Tucson,2021,SUV,SUV,Automatic,Petrol,2.0L,61735,5,Lahore,5345000
Suzuki,Swift,2013,Hatchback,Hatchback,Automatic,Petrol,1.3L,173578,5,Lahore,755000
Suzuki,Wagon R,2020,Hatchback,Hatchback,Manual,Petrol,1.0L,74144,5,Karachi,1400000
Toyota,Fortuner,2024,SUV,SUV,Automatic,Petrol,2.8L,17157,7,Rawalpindi,14085000
Honda,Vezel,2018,Hybrid,SUV,Automatic,Hybrid,1.5L Hybrid,78221,5,Faisalabad,3185000
Toyota,Prius,2012,Hybrid,Hatchback,Automatic,Hybrid,1.8L Hybrid,160652,5,Faisalabad,1045000
Suzuki,Swift,2021,Hatchback,Hatchback,Automatic,Petrol,1.3L,53481,5,Quetta,2245000
Toyota,Prius,2010,Hybrid,Hatchback,Manual,Hybrid,1.8L Hybrid,231843,5,Lahore,945000
Hyundai,Tucson,2022,SUV,SUV,Automatic,Petrol,2.0L,51666,5,Rawalpindi,5305000
Honda,Civic,2025,Sedan,Sedan,Automatic,Petrol,1.5L Turbo,3376,5,Rawalpindi,8280000
Toyota,Yaris,2025,Sedan,Sedan,Automatic,Petrol,1.3L,12634,5,Karachi,4950000
Honda,Civic,2022,Sedan,Sedan,Automatic,Petrol,1.8L,47442,5,Faisalabad,5340000
Toyota,Land Cruiser,2013,Luxury,SUV,Manual,Petrol,3.5L,158370,7,Multan,6045000
Toyota,Corolla,2017,Sedan,Sedan,Automatic,Petrol,1.6L,95141,5,Karachi,2180000
Suzuki,Swift,2016,Hatchback,Hatchback,Manual,Petrol,1.3L,131019,5,Quetta,1125000
Toyota,Corolla,2012,Sedan,Sedan,Manual,Petrol,1.8L,160928,5,Lahore,990000
Suzuki,APV,2008,Van,Van,Manual,Petrol,1.5L,187956,8,Lahore,655000
Honda,Vezel,2014,Hybrid,SUV,Manual,Hybrid,1.5L Hybrid,168195,5,Quetta,1695000
Daihatsu,Mira,2018,Economy,Hatchback,Manual,Petrol,660cc,87106,4,Rawalpindi,900000
KIA,Sportage,2026,SUV,SUV,Manual,Petrol,2.0L,0,5,Karachi,9105000
Toyota,Land Cruiser,2013,Luxury,SUV,Automatic,Petrol,4.6L,184941,7,Faisalabad,6255000
Suzuki,Bolan,2018,Economy,Van,Automatic,Petrol,800cc,105066,8,Rawalpindi,900000
Daihatsu,Mira,2017,Economy,Hatchback,Automatic,Petrol,660cc,123909,4,Rawalpindi,785000
Toyota,Land Cruiser,2012,Luxury,SUV,Automatic,Petrol,3.5L,189462,7,Lahore,5435000
Suzuki,Mehran,2011,Economy,Hatchback,Manual,Petrol,800cc,171724,4,Karachi,225000
Honda,Civic,2013,Sedan,Sedan,Automatic,Petrol,1.8L,167639,5,Islamabad,1585000
Suzuki,Wagon R,2024,Hatchback,Hatchback,Automatic,Petrol,1.0L,9123,5,Karachi,2635000
Honda,City,2011,Sedan,Sedan,Automatic,Petrol,1.2L,161603,5,Lahore,855000
Honda,Vezel,2019,Hybrid,SUV,Manual,Hybrid,1.5L Hybrid,86198,5,Peshawar,3450000
Hyundai,Tucson,2026,SUV,SUV,Automatic,Petrol,2.0L,4846,5,Quetta,9320000
Toyota,Corolla,2024,Sedan,Sedan,Automatic,Petrol,1.3L,26760,5,Faisalabad,5070000
Suzuki,Mehran,2019,Economy,Hatchback,Automatic,Petrol,800cc,105506,4,Multan,580000
Suzuki,Cultus,2026,Hatchback,Hatchback,Automatic,Petrol,1.0L,0,5,Lahore,3620000
Toyota,Land Cruiser,2019,Luxury,SUV,Automatic,Petrol,3.5L,79630,7,Peshawar,15270000
Daihatsu,Mira,2023,Economy,Hatchback,Automatic,Petrol,660cc,42811,4,Peshawar,1790000
Toyota,Yaris,2023,Sedan,Sedan,Automatic,Petrol,1.3L,45143,5,Quetta,3155000
Honda,City,2025,Sedan,Sedan,Manual,Petrol,1.2L,11702,5,Multan,4925000
Suzuki,Cultus,2012,Hatchback,Hatchback,Automatic,Petrol,1.0L,149879,5,Rawalpindi,580000
Honda,City,2016,Sedan,Sedan,Automatic,Petrol,1.2L,118166,5,Faisalabad,1625000
Suzuki,Cultus,2019,Hatchback,Hatchback,Manual,Petrol,1.0L,77407,5,Peshawar,1295000
Suzuki,Wagon R,2022,Hatchback,Hatchback,Automatic,Petrol,1.0L,44921,5,Lahore,1870000
Suzuki,APV,2009,Van,Van,Manual,Petrol,1.5L,181957,8,Multan,670000
Toyota,Prius,2015,Hybrid,Hatchback,Manual,Hybrid,1.8L Hybrid,147985,5,Peshawar,1670000
Honda,City,2011,Sedan,Sedan,Automatic,Petrol,1.5L,178318,5,Faisalabad,865000
Suzuki,Swift,2020,Hatchback,Hatchback,Automatic,Petrol,1.3L,70866,5,Faisalabad,1855000
Suzuki,APV,2025,Van,Van,Manual,Petrol,1.5L,946,8,Islamabad,4415000
Honda,City,2017,Sedan,Sedan,Automatic,Petrol,1.5L,88922,5,Lahore,2160000
Toyota,Fortuner,2016,SUV,SUV,Automatic,Diesel,2.8L,134817,7,Multan,4320000
KIA,Sportage,2025,SUV,SUV,Automatic,Petrol,2.0L,21392,5,Karachi,7835000
Suzuki,Alto,2023,Economy,Hatchback,Manual,Petrol,660cc,13714,4,Multan,1810000
Toyota,Yaris,2022,Sedan,Sedan,Automatic,Petrol,1.5L,43516,5,Karachi,3370000
Toyota,Fortuner,2022,SUV,SUV,Automatic,Petrol,2.8L,38120,7,Karachi,10750000
Suzuki,APV,2025,Van,Van,Manual,Petrol,1.5L,18506,8,Rawalpindi,3695000
Toyota,Fortuner,2022,SUV,SUV,Manual,Diesel,2.8L,29453,7,Islamabad,9985000
Suzuki,Cultus,2025,Hatchback,Hatchback,Automatic,Petrol,1.0L,20250,5,Islamabad,2820000
Honda,City,2012,Sedan,Sedan,Manual,Petrol,1.5L,166513,5,Rawalpindi,955000
Daihatsu,Mira,2019,Economy,Hatchback,Automatic,Petrol,660cc,74459,4,Karachi,1180000
Suzuki,Cultus,2016,Hatchback,Hatchback,Automatic,Petrol,1.0L,133767,5,Lahore,890000
Honda,Vezel,2025,Hybrid,SUV,Automatic,Hybrid,1.5L Hybrid,5949,5,Rawalpindi,8675000
Suzuki,Wagon R,2024,Hatchback,Hatchback,Automatic,Petrol,1.0L,30463,5,Lahore,2270000
Toyota,Prius,2010,Hybrid,Hatchback,Automatic,Hybrid,1.8L Hybrid,193649,5,Lahore,1120000
Honda,Vezel,2015,Hybrid,SUV,Automatic,Hybrid,1.5L Hybrid,129618,5,Multan,2280000
Toyota,Hilux,2012,Pickup,Pickup,Automatic,Diesel,2.4L,142061,5,Islamabad,2005000
Toyota,Prius,2011,Hybrid,Hatchback,Automatic,Hybrid,1.8L Hybrid,162421,5,Faisalabad,1145000
Toyota,Hilux,2023,Pickup,Pickup,Automatic,Diesel,2.8L,39216,5,Rawalpindi,6375000
Honda,Civic,2025,Sedan,Sedan,Automatic,Petrol,1.8L,1325,5,Faisalabad,8055000
Toyota,Prius,2025,Hybrid,Hatchback,Automatic,Hybrid,1.8L Hybrid,4113,5,Quetta,6100000
Hyundai,Tucson,2020,SUV,SUV,Manual,Petrol,2.0L,86165,5,Karachi,4270000
Honda,BR-V,2019,Family,SUV,Automatic,Petrol,1.5L,69602,7,Faisalabad,2845000
Suzuki,Swift,2017,Hatchback,Hatchback,Automatic,Petrol,1.3L,92621,5,Lahore,1345000
Suzuki,APV,2022,Van,Van,Automatic,Petrol,1.5L,48303,8,Lahore,3210000
Honda,BR-V,2020,Family,SUV,Automatic,Petrol,1.5L,74415,7,Faisalabad,3265000
Toyota,Fortuner,2023,SUV,SUV,Automatic,Petrol,2.8L,29002,7,Islamabad,11585000
Honda,BR-V,2017,Family,SUV,Automatic,Petrol,1.5L,123176,7,Karachi,1980000
Suzuki,Alto,2023,Economy,Hatchback,Automatic,Petrol,660cc,18817,4,Multan,1780000
Daihatsu,Mira,2013,Economy,Hatchback,Manual,Petrol,660cc,163455,4,Faisalabad,475000
Toyota,Hilux,2025,Pickup,Pickup,Manual,Diesel,2.8L,12553,5,Quetta,8225000
Daihatsu,Mira,2019,Economy,Hatchback,Automatic,Petrol,660cc,82145,4,Karachi,1130000
Daihatsu,Mira,2014,Economy,Hatchback,Automatic,Petrol,660cc,124118,4,Quetta,615000
Honda,City,2010,Sedan,Sedan,Manual,Petrol,1.2L,166801,5,Lahore,810000
Suzuki,Cultus,2026,Hatchback,Hatchback,Automatic,Petrol,1.0L,0,5,Lahore,3235000
Suzuki,APV,2020,Van,Van,Automatic,Petrol,1.5L,81493,8,Peshawar,2120000
Suzuki,Swift,2018,Hatchback,Hatchback,Manual,Petrol,1.3L,81490,5,Faisalabad,1400000
Toyota,Fortuner,2022,SUV,SUV,Automatic,Diesel,2.7L,43127,7,Quetta,9580000
KIA,Sportage,2019,SUV,SUV,Automatic,Petrol,2.0L,76327,5,Peshawar,3475000
Toyota,Land Cruiser,2023,Luxury,SUV,Automatic,Petrol,3.5L,49319,7,Islamabad,21960000
Toyota,Fortuner,2015,SUV,SUV,Automatic,Petrol,2.8L,144565,7,Faisalabad,3580000
Toyota,Hilux,2022,Pickup,Pickup,Automatic,Diesel,2.8L,43934,5,Rawalpindi,6670000
KIA,Sportage,2024,SUV,SUV,Manual,Petrol,2.0L,22196,5,Faisalabad,6665000
Honda,Vezel,2016,Hybrid,SUV,Automatic,Hybrid,1.5L Hybrid,132624,5,Quetta,2580000
Suzuki,Bolan,2007,Economy,Van,Automatic,Petrol,800cc,216450,8,Quetta,330000
Hyundai,Tucson,2025,SUV,SUV,Automatic,Petrol,2.0L,5875,5,Karachi,9145000
Suzuki,Swift,2020,Hatchback,Hatchback,Automatic,Petrol,1.3L,58749,5,Multan,2075000
Hyundai,Tucson,2021,SUV,SUV,Automatic,Petrol,2.0L,42671,5,Karachi,5875000
Honda,Civic,2014,Sedan,Sedan,Automatic,Petrol,1.5L Turbo,144555,5,Karachi,2050000
Suzuki,Swift,2021,Hatchback,Hatchback,Manual,Petrol,1.3L,62781,5,Karachi,2175000
Honda,Civic,2021,Sedan,Sedan,Automatic,Petrol,1.8L,70215,5,Karachi,4645000
Honda,City,2015,Sedan,Sedan,Automatic,Petrol,1.5L,142664,5,Quetta,1340000
Suzuki,Wagon R,2018,Hatchback,Hatchback,Manual,Petrol,1.0L,93230,5,Lahore,1105000
Suzuki,Alto,2018,Economy,Hatchback,Automatic,Petrol,1.0L,95821,4,Rawalpindi,895000
Suzuki,Alto,2026,Economy,Hatchback,Automatic,Petrol,1.0L,0,4,Rawalpindi,2405000
Hyundai,Tucson,2024,SUV,SUV,Automatic,Petrol,2.0L,34036,5,Faisalabad,6500000
Suzuki,Wagon R,2026,Hatchback,Hatchback,Automatic,Petrol,1.0L,0,5,Faisalabad,3285000
Suzuki,Wagon R,2026,Hatchback,Hatchback,Manual,Petrol,1.0L,455,5,Rawalpindi,3195000
Honda,Civic,2021,Sedan,Sedan,Automatic,Petrol,1.5L Turbo,39446,5,Rawalpindi,5360000
Daihatsu,Mira,2012,Economy,Hatchback,Automatic,Petrol,660cc,168697,4,Lahore,405000
Toyota,Land Cruiser,2018,Luxury,SUV,Automatic,Petrol,3.5L,101473,7,Rawalpindi,15015000
Toyota,Fortuner,2016,SUV,SUV,Manual,Diesel,2.8L,135613,7,Islamabad,4610000
Toyota,Hilux,2021,Pickup,Pickup,Manual,Diesel,2.8L,72604,5,Rawalpindi,4670000
Suzuki,Mehran,2009,Economy,Hatchback,Manual,Petrol,800cc,191591,4,Faisalabad,265000
Toyota,Land Cruiser,2020,Luxury,SUV,Automatic,Petrol,4.6L,82297,7,Quetta,15370000
Suzuki,Cultus,2011,Hatchback,Hatchback,Automatic,Petrol,1.0L,192871,5,Faisalabad,490000
Honda,BR-V,2024,Family,SUV,Manual,Petrol,1.5L,15472,7,Islamabad,5490000
Toyota,Hilux,2023,Pickup,Pickup,Automatic,Diesel,2.4L,21542,5,Karachi,7975000
Honda,Civic,2024,Sedan,Sedan,Automatic,Petrol,1.5L Turbo,28257,5,Faisalabad,6595000
Honda,City,2010,Sedan,Sedan,Manual,Petrol,1.2L,163918,5,Faisalabad,785000
Toyota,Fortuner,2022,SUV,SUV,Automatic,Diesel,2.8L,48245,7,Karachi,10270000
Honda,City,2022,Sedan,Sedan,Manual,Petrol,1.2L,53412,5,Lahore,3065000
Suzuki,Cultus,2022,Hatchback,Hatchback,Manual,Petrol,1.0L,32140,5,Rawalpindi,1990000
Suzuki,Swift,2011,Hatchback,Hatchback,Automatic,Petrol,1.3L,207982,5,Multan,640000
Suzuki,Swift,2017,Hatchback,Hatchback,Manual,Petrol,1.3L,100592,5,Peshawar,1210000
Suzuki,Bolan,2026,Economy,Van,Automatic,Petrol,800cc,3186,8,Islamabad,2595000
Toyota,Fortuner,2020,SUV,SUV,Automatic,Diesel,2.8L,55378,7,Quetta,7325000
Suzuki,Mehran,2019,Economy,Hatchback,Automatic,Petrol,800cc,80576,4,Multan,725000
Hyundai,Tucson,2024,SUV,SUV,Manual,Petrol,2.0L,23552,5,Karachi,7595000
Suzuki,Bolan,2024,Economy,Van,Automatic,Petrol,800cc,32924,8,Peshawar,1600000
Toyota,Yaris,2024,Sedan,Sedan,Manual,Petrol,1.3L,16075,5,Rawalpindi,4265000
Suzuki,Swift,2014,Hatchback,Hatchback,Manual,Petrol,1.3L,152633,5,Rawalpindi,845000
Suzuki,Swift,2023,Hatchback,Hatchback,Automatic,Petrol,1.3L,33887,5,Islamabad,3195000
Honda,Vezel,2017,Hybrid,SUV,Automatic,Hybrid,1.5L Hybrid,109726,5,Multan,3085000
Suzuki,Mehran,2013,Economy,Hatchback,Manual,Petrol,800cc,140459,4,Rawalpindi,340000
Toyota,Land Cruiser,2024,Luxury,SUV,Manual,Petrol,3.5L,15407,7,Peshawar,25560000
Honda,Civic,2022,Sedan,Sedan,Automatic,Petrol,1.8L,33387,5,Quetta,5105000
Honda,Vezel,2015,Hybrid,SUV,Manual,Hybrid,1.5L Hybrid,106815,5,Quetta,2205000
Suzuki,APV,2011,Van,Van,Manual,Petrol,1.5L,165505,8,Karachi,745000
Suzuki,Cultus,2013,Hatchback,Hatchback,Automatic,Petrol,1.0L,132285,5,Faisalabad,680000
Toyota,Corolla,2023,Sedan,Sedan,Manual,Petrol,1.6L,42293,5,Quetta,4195000
Toyota,Prius,2014,Hybrid,Hatchback,Automatic,Hybrid,1.8L Hybrid,125647,5,Faisalabad,1550000
Suzuki,Swift,2010,Hatchback,Hatchback,Automatic,Petrol,1.3L,213224,5,Peshawar,580000
Suzuki,Alto,2021,Economy,Hatchback,Automatic,Petrol,1.0L,51411,4,Rawalpindi,1520000
Honda,Civic,2020,Sedan,Sedan,Manual,Petrol,1.5L Turbo,67983,5,Peshawar,3700000
Honda,BR-V,2024,Family,SUV,Automatic,Petrol,1.5L,31119,7,Karachi,5315000
Honda,Civic,2025,Sedan,Sedan,Manual,Petrol,1.5L Turbo,6887,5,Lahore,7665000
Toyota,Fortuner,2013,SUV,SUV,Manual,Petrol,2.8L,159383,7,Lahore,2770000
Suzuki,Swift,2024,Hatchback,Hatchback,Manual,Petrol,1.3L,27674,5,Islamabad,3135000
KIA,Sportage,2020,SUV,SUV,Automatic,Petrol,2.0L,68337,5,Quetta,3825000
Daihatsu,Mira,2015,Economy,Hatchback,Automatic,Petrol,660cc,130066,4,Karachi,680000
Daihatsu,Mira,2024,Economy,Hatchback,Manual,Petrol,660cc,29884,4,Quetta,1970000
Suzuki,Wagon R,2023,Hatchback,Hatchback,Automatic,Petrol,1.0L,40840,5,Faisalabad,2030000
Toyota,Yaris,2026,Sedan,Sedan,Automatic,Petrol,1.5L,13426,5,Islamabad,4955000
Toyota,Fortuner,2025,SUV,SUV,Automatic,Petrol,2.8L,5437,7,Rawalpindi,14830000
Toyota,Fortuner,2023,SUV,SUV,Manual,Diesel,2.8L,35138,7,Multan,10435000
Suzuki,Swift,2011,Hatchback,Hatchback,Manual,Petrol,1.3L,205070,5,Karachi,585000
Toyota,Hilux,2013,Pickup,Pickup,Manual,Diesel,2.4L,158814,5,Multan,1850000
KIA,Sportage,2022,SUV,SUV,Manual,Petrol,2.0L,38764,5,Karachi,5435000
Toyota,Yaris,2022,Sedan,Sedan,Manual,Petrol,1.3L,51695,5,Rawalpindi,3230000
Toyota,Prius,2011,Hybrid,Hatchback,Manual,Hybrid,1.8L Hybrid,228180,5,Islamabad,1145000
Suzuki,APV,2008,Van,Van,Automatic,Petrol,1.5L,214114,8,Islamabad,785000
Toyota,Prius,2024,Hybrid,Hatchback,Automatic,Hybrid,1.8L Hybrid,16936,5,Lahore,5585000
Suzuki,Cultus,2016,Hatchback,Hatchback,Automatic,Petrol,1.0L,102854,5,Islamabad,955000
Honda,BR-V,2018,Family,SUV,Manual,Petrol,1.5L,71590,7,Islamabad,2510000
Honda,BR-V,2020,Family,SUV,Automatic,Petrol,1.5L,64132,7,Faisalabad,3350000
Suzuki,Mehran,2016,Economy,Hatchback,Manual,Petrol,800cc,120062,4,Quetta,450000
Suzuki,Bolan,2016,Economy,Van,Automatic,Petrol,800cc,108364,8,Karachi,625000
Toyota,Hilux,2011,Pickup,Pickup,Manual,Diesel,2.8L,168375,5,Lahore,1625000
Honda,City,2022,Sedan,Sedan,Automatic,Petrol,1.2L,38254,5,Quetta,3430000
Honda,Vezel,2018,Hybrid,SUV,Manual,Hybrid,1.5L Hybrid,89089,5,Lahore,3065000
Toyota,Yaris,2024,Sedan,Sedan,Automatic,Petrol,1.3L,18611,5,Peshawar,4125000
Toyota,Fortuner,2017,SUV,SUV,Automatic,Diesel,2.7L,120398,7,Karachi,5095000
Toyota,Corolla,2015,Sedan,Sedan,Manual,Petrol,1.8L,139834,5,Quetta,1450000
Suzuki,Wagon R,2023,Hatchback,Hatchback,Automatic,Petrol,1.0L,59945,5,Multan,1810000
Honda,Civic,2022,Sedan,Sedan,Automatic,Petrol,1.5L Turbo,63969,5,Islamabad,5030000
Toyota,Corolla,2024,Sedan,Sedan,Manual,Petrol,1.3L,18782,5,Peshawar,5305000
Toyota,Prius,2012,Hybrid,Hatchback,Manual,Hybrid,1.8L Hybrid,139111,5,Lahore,1215000
Suzuki,Cultus,2025,Hatchback,Hatchback,Automatic,Petrol,1.0L,1266,5,Karachi,3305000
Toyota,Land Cruiser,2018,Luxury,SUV,Automatic,Petrol,3.5L,95472,7,Karachi,12970000
Honda,Vezel,2019,Hybrid,SUV,Automatic,Hybrid,1.5L Hybrid,79308,5,Peshawar,3665000
Suzuki,APV,2017,Van,Van,Automatic,Petrol,1.5L,116824,8,Peshawar,1525000
Toyota,Hilux,2023,Pickup,Pickup,Manual,Diesel,2.4L,57467,5,Quetta,5450000
Daihatsu,Mira,2024,Economy,Hatchback,Automatic,Petrol,660cc,41838,4,Multan,1795000
Honda,Civic,2018,Sedan,Sedan,Automatic,Petrol,1.8L,104083,5,Faisalabad,2900000
Suzuki,Cultus,2018,Hatchback,Hatchback,Automatic,Petrol,1.0L,111736,5,Quetta,1175000
Suzuki,APV,2025,Van,Van,Automatic,Petrol,1.5L,8850,8,Karachi,4070000
Honda,Vezel,2015,Hybrid,SUV,Manual,Hybrid,1.5L Hybrid,121836,5,Rawalpindi,1865000
Daihatsu,Mira,2016,Economy,Hatchback,Manual,Petrol,660cc,106777,4,Quetta,685000
Suzuki,APV,2009,Van,Van,Automatic,Petrol,1.5L,201789,8,Islamabad,725000
Honda,Vezel,2020,Hybrid,SUV,Automatic,Hybrid,1.5L Hybrid,76660,5,Karachi,4330000
Suzuki,Bolan,2011,Economy,Van,Manual,Petrol,800cc,160121,8,Islamabad,330000
Toyota,Hilux,2010,Pickup,Pickup,Manual,Diesel,2.8L,187697,5,Karachi,1560000
Suzuki,Alto,2023,Economy,Hatchback,Automatic,Petrol,1.0L,36699,4,Karachi,1680000
Suzuki,Mehran,2025,Economy,Hatchback,Manual,Petrol,800cc,17017,4,Multan,1290000
Honda,BR-V,2023,Family,SUV,Automatic,Petrol,1.5L,40628,7,Karachi,5540000
Honda,Civic,2016,Sedan,Sedan,Automatic,Petrol,1.8L,141496,5,Rawalpindi,2540000
Honda,City,2017,Sedan,Sedan,Automatic,Petrol,1.5L,113581,5,Multan,1865000
Suzuki,Wagon R,2023,Hatchback,Hatchback,Automatic,Petrol,1.0L,17069,5,Karachi,2635000
Toyota,Yaris,2026,Sedan,Sedan,Manual,Petrol,1.3L,0,5,Islamabad,4700000
Daihatsu,Mira,2010,Economy,Hatchback,Automatic,Petrol,660cc,166200,4,Faisalabad,415000
Suzuki,Cultus,2016,Hatchback,Hatchback,Manual,Petrol,1.0L,129155,5,Faisalabad,855000
Honda,Vezel,2026,Hybrid,SUV,Manual,Hybrid,1.5L Hybrid,0,5,Quetta,8700000
Suzuki,Wagon R,2023,Hatchback,Hatchback,Manual,Petrol,1.0L,24836,5,Lahore,2150000
Suzuki,Wagon R,2015,Hatchback,Hatchback,Manual,Petrol,1.0L,136880,5,Lahore,785000
Suzuki,Cultus,2015,Hatchback,Hatchback,Automatic,Petrol,1.0L,123155,5,Multan,760000
Honda,City,2010,Sedan,Sedan,Automatic,Petrol,1.2L,183274,5,Quetta,945000
Toyota,Corolla,2022,Sedan,Sedan,Manual,Petrol,1.6L,59291,5,Rawalpindi,3650000
Toyota,Prius,2017,Hybrid,Hatchback,Manual,Hybrid,1.8L Hybrid,123374,5,Multan,1995000
Suzuki,Mehran,2007,Economy,Hatchback,Automatic,Petrol,800cc,220501,4,Karachi,255000
Suzuki,Alto,2019,Economy,Hatchback,Manual,Petrol,1.0L,92334,4,Karachi,955000
Toyota,Fortuner,2013,SUV,SUV,Automatic,Petrol,2.7L,188567,7,Quetta,2670000
Toyota,Corolla,2011,Sedan,Sedan,Automatic,Petrol,1.8L,218280,5,Multan,985000
Suzuki,Wagon R,2023,Hatchback,Hatchback,Automatic,Petrol,1.0L,39936,5,Lahore,2010000
Honda,Civic,2014,Sedan,Sedan,Automatic,Petrol,1.5L Turbo,155370,5,Islamabad,2085000
Toyota,Yaris,2020,Sedan,Sedan,Manual,Petrol,1.3L,67613,5,Rawalpindi,2360000
Honda,Vezel,2019,Hybrid,SUV,Automatic,Hybrid,1.5L Hybrid,79512,5,Quetta,3540000
Toyota,Corolla,2009,Sedan,Sedan,Automatic,Petrol,1.8L,212336,5,Multan,1030000
Toyota,Prius,2025,Hybrid,Hatchback,Manual,Hybrid,1.8L Hybrid,8475,5,Quetta,5760000
KIA,Sportage,2024,SUV,SUV,Manual,Petrol,2.0L,32180,5,Karachi,6395000
Suzuki,Swift,2024,Hatchback,Hatchback,Automatic,Petrol,1.3L,6821,5,Faisalabad,3685000
Honda,Civic,2022,Sedan,Sedan,Manual,Petrol,1.5L Turbo,47735,5,Multan,4935000
Suzuki,Bolan,2010,Economy,Van,Automatic,Petrol,800cc,147259,8,Multan,365000
Suzuki,Cultus,2022,Hatchback,Hatchback,Manual,Petrol,1.0L,40822,5,Islamabad,2020000
Toyota,Hilux,2012,Pickup,Pickup,Automatic,Diesel,2.4L,129988,5,Peshawar,1995000
Suzuki,Alto,2012,Economy,Hatchback,Manual,Petrol,660cc,155254,4,Rawalpindi,390000
Toyota,Land Cruiser,2014,Luxury,SUV,Automatic,Petrol,4.6L,162940,7,Karachi,8225000
Honda,BR-V,2021,Family,SUV,Automatic,Petrol,1.5L,49961,7,Quetta,3755000
Honda,BR-V,2023,Family,SUV,Manual,Petrol,1.5L,41776,7,Karachi,4055000
Suzuki,Mehran,2011,Economy,Hatchback,Manual,Petrol,800cc,160648,4,Islamabad,245000
Suzuki,APV,2013,Van,Van,Manual,Petrol,1.5L,141830,8,Quetta,810000
KIA,Sportage,2026,SUV,SUV,Manual,Petrol,2.0L,12373,5,Faisalabad,7805000
Toyota,Fortuner,2026,SUV,SUV,Automatic,Diesel,2.7L,0,7,Rawalpindi,15745000
Toyota,Prius,2025,Hybrid,Hatchback,Manual,Hybrid,1.8L Hybrid,18689,5,Lahore,6100000
KIA,Sportage,2026,SUV,SUV,Automatic,Petrol,2.0L,4370,5,Karachi,9510000
Toyota,Prius,2010,Hybrid,Hatchback,Manual,Hybrid,1.8L Hybrid,221375,5,Rawalpindi,970000
Suzuki,Wagon R,2019,Hatchback,Hatchback,Automatic,Petrol,1.0L,76199,5,Peshawar,1230000
Toyota,Land Cruiser,2026,Luxury,SUV,Manual,Petrol,3.5L,318,7,Multan,32745000
Honda,BR-V,2022,Family,SUV,Automatic,Petrol,1.5L,45294,7,Quetta,4650000
Toyota,Prius,2018,Hybrid,Hatchback,Automatic,Hybrid,1.8L Hybrid,112675,5,Rawalpindi,2435000
KIA,Sportage,2019,SUV,SUV,Automatic,Petrol,2.0L,89639,5,Karachi,4005000
Suzuki,Alto,2021,Economy,Hatchback,Manual,Petrol,1.0L,40520,4,Karachi,1325000
Toyota,Land Cruiser,2023,Luxury,SUV,Manual,Petrol,4.6L,27006,7,Karachi,23980000
Honda,Vezel,2019,Hybrid,SUV,Automatic,Hybrid,1.5L Hybrid,80548,5,Rawalpindi,3935000
Toyota,Yaris,2026,Sedan,Sedan,Automatic,Petrol,1.5L,0,5,Rawalpindi,5095000
Toyota,Hilux,2020,Pickup,Pickup,Automatic,Diesel,2.8L,68387,5,Lahore,5290000
Honda,City,2025,Sedan,Sedan,Manual,Petrol,1.5L,26603,5,Karachi,4595000
Suzuki,APV,2016,Van,Van,Automatic,Petrol,1.5L,119411,8,Multan,1470000
Suzuki,Mehran,2026,Economy,Hatchback,Automatic,Petrol,800cc,0,4,Peshawar,1785000
Toyota,Fortuner,2023,SUV,SUV,Automatic,Petrol,2.8L,36845,7,Multan,11710000
Hyundai,Tucson,2026,SUV,SUV,Automatic,Petrol,2.0L,0,5,Karachi,9875000
Toyota,Prius,2011,Hybrid,Hatchback,Automatic,Hybrid,1.8L Hybrid,207966,5,Faisalabad,995000
Suzuki,Wagon R,2026,Hatchback,Hatchback,Automatic,Petrol,1.0L,0,5,Peshawar,2775000
Hyundai,Tucson,2022,SUV,SUV,Manual,Petrol,2.0L,33432,5,Quetta,5525000
Toyota,Corolla,2023,Sedan,Sedan,Manual,Petrol,1.8L,17362,5,Karachi,5095000
Toyota,Fortuner,2014,SUV,SUV,Manual,Petrol,2.7L,120637,7,Karachi,3510000
Toyota,Fortuner,2022,SUV,SUV,Automatic,Diesel,2.8L,54447,7,Multan,7970000
Suzuki,APV,2010,Van,Van,Automatic,Petrol,1.5L,196721,8,Peshawar,690000
Suzuki,Mehran,2025,Economy,Hatchback,Automatic,Petrol,800cc,18494,4,Karachi,1500000
KIA,Sportage,2020,SUV,SUV,Automatic,Petrol,2.0L,62820,5,Islamabad,4220000
Suzuki,Alto,2023,Economy,Hatchback,Automatic,Petrol,1.0L,36893,4,Faisalabad,1640000
Suzuki,Wagon R,2014,Hatchback,Hatchback,Automatic,Petrol,1.0L,146726,5,Lahore,630000
Honda,Civic,2024,Sedan,Sedan,Automatic,Petrol,1.8L,31710,5,Quetta,6950000
Suzuki,Cultus,2015,Hatchback,Hatchback,Manual,Petrol,1.0L,146956,5,Multan,790000
Honda,Vezel,2017,Hybrid,SUV,Automatic,Hybrid,1.5L Hybrid,95272,5,Peshawar,2865000
Toyota,Corolla,2009,Sedan,Sedan,Manual,Petrol,1.6L,205289,5,Quetta,915000
Suzuki,Wagon R,2017,Hatchback,Hatchback,Automatic,Petrol,1.0L,112424,5,Faisalabad,930000
KIA,Sportage,2024,SUV,SUV,Manual,Petrol,2.0L,32493,5,Faisalabad,6165000
Suzuki,APV,2011,Van,Van,Automatic,Petrol,1.5L,192272,8,Multan,765000
Toyota,Yaris,2022,Sedan,Sedan,Manual,Petrol,1.5L,42167,5,Islamabad,2910000
Suzuki,Bolan,2012,Economy,Van,Automatic,Petrol,800cc,135425,8,Lahore,405000
Toyota,Yaris,2020,Sedan,Sedan,Automatic,Petrol,1.5L,91287,5,Quetta,2515000
Suzuki,Bolan,2007,Economy,Van,Manual,Petrol,800cc,244274,8,Faisalabad,350000
Daihatsu,Mira,2025,Economy,Hatchback,Manual,Petrol,660cc,10296,4,Lahore,2290000
Toyota,Prius,2025,Hybrid,Hatchback,Automatic,Hybrid,1.8L Hybrid,20170,5,Quetta,5515000
Honda,City,2011,Sedan,Sedan,Manual,Petrol,1.5L,192437,5,Peshawar,830000
Hyundai,Tucson,2021,SUV,SUV,Manual,Petrol,2.0L,68755,5,Lahore,4810000
Suzuki,Alto,2018,Economy,Hatchback,Manual,Petrol,1.0L,76397,4,Faisalabad,800000
KIA,Sportage,2021,SUV,SUV,Automatic,Petrol,2.0L,65188,5,Peshawar,4460000
Suzuki,Cultus,2012,Hatchback,Hatchback,Automatic,Petrol,1.0L,177976,5,Quetta,530000
KIA,Sportage,2020,SUV,SUV,Automatic,Petrol,2.0L,68539,5,Multan,3765000
Daihatsu,Mira,2024,Economy,Hatchback,Automatic,Petrol,660cc,18041,4,Karachi,2180000
Toyota,Corolla,2021,Sedan,Sedan,Manual,Petrol,1.6L,66407,5,Rawalpindi,3410000
Toyota,Prius,2023,Hybrid,Hatchback,Manual,Hybrid,1.8L Hybrid,57136,5,Lahore,4375000
Toyota,Yaris,2025,Sedan,Sedan,Manual,Petrol,1.3L,19895,5,Islamabad,4205000
Suzuki,Swift,2013,Hatchback,Hatchback,Automatic,Petrol,1.3L,159790,5,Peshawar,780000
Honda,City,2020,Sedan,Sedan,Manual,Petrol,1.2L,43318,5,Karachi,2700000
Toyota,Prius,2023,Hybrid,Hatchback,Manual,Hybrid,1.8L Hybrid,30368,5,Lahore,4115000
Toyota,Land Cruiser,2020,Luxury,SUV,Manual,Petrol,4.6L,82187,7,Peshawar,15085000
Toyota,Hilux,2015,Pickup,Pickup,Automatic,Diesel,2.4L,134987,5,Quetta,2450000
KIA,Sportage,2019,SUV,SUV,Manual,Petrol,2.0L,84602,5,Rawalpindi,3060000
Suzuki,Swift,2018,Hatchback,Hatchback,Automatic,Petrol,1.3L,77776,5,Karachi,1600000
Suzuki,Alto,2015,Economy,Hatchback,Manual,Petrol,660cc,115064,4,Peshawar,640000
Toyota,Fortuner,2023,SUV,SUV,Automatic,Petrol,2.7L,48255,7,Lahore,11765000
Toyota,Corolla,2013,Sedan,Sedan,Manual,Petrol,1.6L,125795,5,Rawalpindi,1150000
Suzuki,Cultus,2013,Hatchback,Hatchback,Manual,Petrol,1.0L,151577,5,Rawalpindi,575000
Toyota,Corolla,2019,Sedan,Sedan,Manual,Petrol,1.3L,58501,5,Multan,2990000
Suzuki,APV,2018,Van,Van,Manual,Petrol,1.5L,71041,8,Multan,1660000
Toyota,Prius,2011,Hybrid,Hatchback,Automatic,Hybrid,1.8L Hybrid,192230,5,Karachi,870000
Daihatsu,Mira,2012,Economy,Hatchback,Automatic,Petrol,660cc,176157,4,Multan,425000
Suzuki,APV,2018,Van,Van,Automatic,Petrol,1.5L,97693,8,Multan,1705000
Suzuki,APV,2011,Van,Van,Automatic,Petrol,1.5L,206416,8,Faisalabad,665000
Suzuki,Swift,2019,Hatchback,Hatchback,Automatic,Petrol,1.3L,64026,5,Lahore,1725000
Toyota,Hilux,2017,Pickup,Pickup,Automatic,Diesel,2.8L,135798,5,Quetta,2855000
Toyota,Fortuner,2017,SUV,SUV,Automatic,Diesel,2.7L,99969,7,Lahore,4775000
Toyota,Land Cruiser,2021,Luxury,SUV,Automatic,Petrol,4.6L,33525,7,Karachi,22045000
Honda,City,2023,Sedan,Sedan,Manual,Petrol,1.2L,36060,5,Peshawar,3570000
Toyota,Land Cruiser,2017,Luxury,SUV,Manual,Petrol,4.6L,76941,7,Multan,11120000
Toyota,Fortuner,2026,SUV,SUV,Manual,Diesel,2.8L,0,7,Faisalabad,15145000
Suzuki,Swift,2024,Hatchback,Hatchback,Automatic,Petrol,1.3L,37295,5,Peshawar,3010000
Suzuki,Wagon R,2021,Hatchback,Hatchback,Automatic,Petrol,1.0L,46991,5,Quetta,1740000
Toyota,Corolla,2016,Sedan,Sedan,Automatic,Petrol,1.8L,96042,5,Karachi,1980000
Toyota,Yaris,2022,Sedan,Sedan,Manual,Petrol,1.3L,50666,5,Multan,3140000
Honda,City,2015,Sedan,Sedan,Automatic,Petrol,1.5L,141185,5,Quetta,1360000
Honda,BR-V,2020,Family,SUV,Automatic,Petrol,1.5L,59023,7,Faisalabad,3315000
Honda,Vezel,2017,Hybrid,SUV,Manual,Hybrid,1.5L Hybrid,101056,5,Quetta,2975000
Honda,BR-V,2022,Family,SUV,Automatic,Petrol,1.5L,53414,7,Karachi,3995000
Suzuki,Cultus,2021,Hatchback,Hatchback,Manual,Petrol,1.0L,50061,5,Islamabad,1615000
Honda,BR-V,2020,Family,SUV,Automatic,Petrol,1.5L,61668,7,Islamabad,3155000
Toyota,Land Cruiser,2012,Luxury,SUV,Manual,Petrol,4.6L,182866,7,Rawalpindi,5405000
Suzuki,Mehran,2013,Economy,Hatchback,Automatic,Petrol,800cc,148219,4,Quetta,300000
Honda,BR-V,2022,Family,SUV,Manual,Petrol,1.5L,52768,7,Peshawar,3675000
Toyota,Fortuner,2015,SUV,SUV,Automatic,Petrol,2.8L,148689,7,Quetta,3590000
Suzuki,Cultus,2015,Hatchback,Hatchback,Manual,Petrol,1.0L,143189,5,Islamabad,690000
Toyota,Yaris,2026,Sedan,Sedan,Manual,Petrol,1.3L,0,5,Islamabad,4940000
Honda,Civic,2013,Sedan,Sedan,Automatic,Petrol,1.8L,148016,5,Quetta,1870000
Toyota,Hilux,2016,Pickup,Pickup,Manual,Diesel,2.4L,132430,5,Quetta,2360000
Suzuki,Swift,2019,Hatchback,Hatchback,Automatic,Petrol,1.3L,106213,5,Rawalpindi,1685000
Suzuki,Cultus,2025,Hatchback,Hatchback,Automatic,Petrol,1.0L,11800,5,Islamabad,3190000
Toyota,Fortuner,2014,SUV,SUV,Automatic,Diesel,2.7L,163484,7,Rawalpindi,3550000
Suzuki,Swift,2016,Hatchback,Hatchback,Automatic,Petrol,1.3L,121928,5,Rawalpindi,1165000
KIA,Sportage,2023,SUV,SUV,Automatic,Petrol,2.0L,51355,5,Karachi,6090000
Honda,Vezel,2016,Hybrid,SUV,Automatic,Hybrid,1.5L Hybrid,127621,5,Multan,2125000
Toyota,Corolla,2017,Sedan,Sedan,Manual,Petrol,1.8L,112377,5,Quetta,1965000
Suzuki,Wagon R,2022,Hatchback,Hatchback,Automatic,Petrol,1.0L,49431,5,Rawalpindi,2035000
Honda,Vezel,2019,Hybrid,SUV,Manual,Hybrid,1.5L Hybrid,65207,5,Multan,3500000
Suzuki,APV,2026,Van,Van,Manual,Petrol,1.5L,0,8,Lahore,4910000
Honda,BR-V,2020,Family,SUV,Manual,Petrol,1.5L,43058,7,Rawalpindi,3085000
Suzuki,Mehran,2011,Economy,Hatchback,Automatic,Petrol,800cc,161926,4,Faisalabad,250000
Toyota,Yaris,2023,Sedan,Sedan,Manual,Petrol,1.5L,33296,5,Quetta,3410000
Suzuki,Wagon R,2023,Hatchback,Hatchback,Manual,Petrol,1.0L,45351,5,Faisalabad,2025000
Honda,Vezel,2021,Hybrid,SUV,Automatic,Hybrid,1.5L Hybrid,74655,5,Peshawar,4935000
Hyundai,Tucson,2026,SUV,SUV,Manual,Petrol,2.0L,0,5,Rawalpindi,8870000
Suzuki,APV,2016,Van,Van,Manual,Petrol,1.5L,108784,8,Peshawar,1355000
Suzuki,Swift,2025,Hatchback,Hatchback,Manual,Petrol,1.3L,20156,5,Quetta,3340000
Hyundai,Tucson,2025,SUV,SUV,Automatic,Petrol,2.0L,14258,5,Karachi,8625000
Toyota,Hilux,2013,Pickup,Pickup,Automatic,Diesel,2.8L,162492,5,Quetta,1795000
Toyota,Prius,2021,Hybrid,Hatchback,Automatic,Hybrid,1.8L Hybrid,56364,5,Karachi,3665000
Honda,Vezel,2017,Hybrid,SUV,Automatic,Hybrid,1.5L Hybrid,95841,5,Rawalpindi,3115000
Honda,BR-V,2026,Family,SUV,Manual,Petrol,1.5L,0,7,Quetta,6585000
Toyota,Hilux,2014,Pickup,Pickup,Automatic,Diesel,2.8L,109122,5,Rawalpindi,2060000
Suzuki,Alto,2016,Economy,Hatchback,Manual,Petrol,660cc,129556,4,Peshawar,635000
Toyota,Corolla,2022,Sedan,Sedan,Automatic,Petrol,1.6L,52767,5,Islamabad,4110000
Toyota,Prius,2026,Hybrid,Hatchback,Automatic,Hybrid,1.8L Hybrid,12285,5,Karachi,6435000
Hyundai,Tucson,2026,SUV,SUV,Manual,Petrol,2.0L,5916,5,Karachi,8530000
KIA,Sportage,2024,SUV,SUV,Automatic,Petrol,2.0L,26102,5,Peshawar,7185000
Suzuki,Bolan,2023,Economy,Van,Manual,Petrol,800cc,37352,8,Lahore,1505000
Suzuki,Swift,2026,Hatchback,Hatchback,Automatic,Petrol,1.3L,0,5,Islamabad,4425000
Suzuki,Alto,2017,Economy,Hatchback,Automatic,Petrol,660cc,77732,4,Multan,900000
Honda,City,2025,Sedan,Sedan,Manual,Petrol,1.5L,13637,5,Islamabad,5180000
Honda,Civic,2022,Sedan,Sedan,Manual,Petrol,1.8L,65246,5,Peshawar,4355000
Honda,BR-V,2021,Family,SUV,Automatic,Petrol,1.5L,58331,7,Peshawar,3530000
Suzuki,APV,2010,Van,Van,Automatic,Petrol,1.5L,186097,8,Rawalpindi,685000
Hyundai,Tucson,2020,SUV,SUV,Automatic,Petrol,2.0L,72951,5,Quetta,4070000
Suzuki,Swift,2014,Hatchback,Hatchback,Manual,Petrol,1.3L,147056,5,Faisalabad,805000
Toyota,Prius,2022,Hybrid,Hatchback,Manual,Hybrid,1.8L Hybrid,49644,5,Peshawar,3710000
Toyota,Prius,2026,Hybrid,Hatchback,Automatic,Hybrid,1.8L Hybrid,9925,5,Islamabad,6810000
Toyota,Land Cruiser,2017,Luxury,SUV,Automatic,Petrol,4.6L,117733,7,Multan,11685000
Suzuki,Bolan,2009,Economy,Van,Automatic,Petrol,800cc,196153,8,Islamabad,355000
Toyota,Hilux,2020,Pickup,Pickup,Manual,Diesel,2.4L,75956,5,Lahore,5105000
Suzuki,Bolan,2015,Economy,Van,Manual,Petrol,800cc,149404,8,Karachi,560000
Suzuki,Bolan,2021,Economy,Van,Automatic,Petrol,800cc,83158,8,Karachi,1165000
Toyota,Corolla,2017,Sedan,Sedan,Automatic,Petrol,1.6L,113658,5,Lahore,2110000
Toyota,Yaris,2025,Sedan,Sedan,Automatic,Petrol,1.5L,8912,5,Quetta,4330000
Toyota,Prius,2015,Hybrid,Hatchback,Manual,Hybrid,1.8L Hybrid,102294,5,Multan,1690000
Toyota,Yaris,2022,Sedan,Sedan,Manual,Petrol,1.3L,65412,5,Peshawar,3210000
Toyota,Land Cruiser,2019,Luxury,SUV,Manual,Petrol,3.5L,87956,7,Faisalabad,13810000
Suzuki,Mehran,2008,Economy,Hatchback,Manual,Petrol,800cc,199740,4,Lahore,260000
Honda,BR-V,2019,Family,SUV,Manual,Petrol,1.5L,88396,7,Quetta,2745000
Suzuki,Bolan,2025,Economy,Van,Automatic,Petrol,800cc,5686,8,Quetta,2205000
Toyota,Yaris,2022,Sedan,Sedan,Manual,Petrol,1.5L,42316,5,Karachi,2805000
Toyota,Prius,2020,Hybrid,Hatchback,Manual,Hybrid,1.8L Hybrid,64902,5,Islamabad,3130000
Suzuki,Swift,2024,Hatchback,Hatchback,Automatic,Petrol,1.3L,34776,5,Peshawar,2770000
Toyota,Land Cruiser,2024,Luxury,SUV,Manual,Petrol,4.6L,7851,7,Quetta,25975000
Toyota,Prius,2016,Hybrid,Hatchback,Automatic,Hybrid,1.8L Hybrid,129671,5,Faisalabad,1855000
Suzuki,Swift,2017,Hatchback,Hatchback,Manual,Petrol,1.3L,96412,5,Quetta,1250000
Honda,Vezel,2019,Hybrid,SUV,Manual,Hybrid,1.5L Hybrid,89051,5,Quetta,3055000
Suzuki,Wagon R,2026,Hatchback,Hatchback,Manual,Petrol,1.0L,0,5,Faisalabad,3025000
Toyota,Fortuner,2024,SUV,SUV,Automatic,Petrol,2.8L,21359,7,Quetta,11415000
Daihatsu,Mira,2011,Economy,Hatchback,Automatic,Petrol,660cc,191979,4,Faisalabad,380000
Suzuki,APV,2024,Van,Van,Automatic,Petrol,1.5L,37225,8,Multan,3785000
Suzuki,Swift,2026,Hatchback,Hatchback,Automatic,Petrol,1.3L,8756,5,Faisalabad,4200000
Daihatsu,Mira,2013,Economy,Hatchback,Manual,Petrol,660cc,171754,4,Islamabad,520000
Suzuki,Bolan,2009,Economy,Van,Automatic,Petrol,800cc,171221,8,Faisalabad,345000
Hyundai,Tucson,2022,SUV,SUV,Automatic,Petrol,2.0L,65844,5,Lahore,6165000
Suzuki,APV,2019,Van,Van,Manual,Petrol,1.5L,79655,8,Lahore,2200000
Toyota,Yaris,2023,Sedan,Sedan,Manual,Petrol,1.3L,56975,5,Peshawar,2795000
Daihatsu,Mira,2022,Economy,Hatchback,Automatic,Petrol,660cc,63792,4,Peshawar,1445000
Toyota,Yaris,2024,Sedan,Sedan,Manual,Petrol,1.5L,27750,5,Faisalabad,3960000
Honda,City,2025,Sedan,Sedan,Manual,Petrol,1.5L,14176,5,Peshawar,4810000
Honda,Vezel,2022,Hybrid,SUV,Automatic,Hybrid,1.5L Hybrid,64450,5,Quetta,5510000
Toyota,Land Cruiser,2022,Luxury,SUV,Manual,Petrol,4.6L,56523,7,Quetta,18180000
Toyota,Fortuner,2018,SUV,SUV,Manual,Petrol,2.7L,80514,7,Islamabad,5870000
Toyota,Prius,2012,Hybrid,Hatchback,Automatic,Hybrid,1.8L Hybrid,172012,5,Peshawar,1190000
Suzuki,Alto,2017,Economy,Hatchback,Automatic,Petrol,1.0L,100310,4,Islamabad,865000
Hyundai,Tucson,2025,SUV,SUV,Automatic,Petrol,2.0L,16405,5,Rawalpindi,8550000
Suzuki,Swift,2018,Hatchback,Hatchback,Manual,Petrol,1.3L,57200,5,Rawalpindi,1680000
Suzuki,Alto,2021,Economy,Hatchback,Manual,Petrol,1.0L,47606,4,Quetta,1295000
Honda,City,2022,Sedan,Sedan,Automatic,Petrol,1.5L,57744,5,Islamabad,3230000
Suzuki,Wagon R,2014,Hatchback,Hatchback,Automatic,Petrol,1.0L,131328,5,Faisalabad,640000
Toyota,Yaris,2023,Sedan,Sedan,Automatic,Petrol,1.5L,26181,5,Peshawar,3750000
Toyota,Hilux,2017,Pickup,Pickup,Automatic,Diesel,2.4L,107265,5,Rawalpindi,3205000
KIA,Sportage,2026,SUV,SUV,Manual,Petrol,2.0L,2046,5,Islamabad,8245000
Suzuki,Mehran,2006,Economy,Hatchback,Manual,Petrol,800cc,234602,4,Quetta,220000
Suzuki,APV,2016,Van,Van,Automatic,Petrol,1.5L,141058,8,Quetta,1250000
Suzuki,Wagon R,2020,Hatchback,Hatchback,Manual,Petrol,1.0L,79139,5,Peshawar,1305000
KIA,Sportage,2024,SUV,SUV,Automatic,Petrol,2.0L,37542,5,Peshawar,6120000
Hyundai,Tucson,2025,SUV,SUV,Manual,Petrol,2.0L,0,5,Islamabad,8455000
Honda,Vezel,2019,Hybrid,SUV,Manual,Hybrid,1.5L Hybrid,87856,5,Faisalabad,3380000
Suzuki,Cultus,2016,Hatchback,Hatchback,Automatic,Petrol,1.0L,120814,5,Rawalpindi,915000
Honda,City,2017,Sedan,Sedan,Manual,Petrol,1.5L,84081,5,Quetta,1655000
Honda,BR-V,2018,Family,SUV,Manual,Petrol,1.5L,102547,7,Islamabad,2610000
Suzuki,Cultus,2013,Hatchback,Hatchback,Manual,Petrol,1.0L,170785,5,Quetta,565000
Suzuki,Swift,2021,Hatchback,Hatchback,Automatic,Petrol,1.3L,71394,5,Karachi,2280000
Suzuki,Mehran,2026,Economy,Hatchback,Manual,Petrol,800cc,2468,4,Faisalabad,1510000
Suzuki,Wagon R,2025,Hatchback,Hatchback,Manual,Petrol,1.0L,0,5,Multan,2300000
Toyota,Yaris,2024,Sedan,Sedan,Automatic,Petrol,1.3L,19168,5,Peshawar,4270000
Toyota,Corolla,2017,Sedan,Sedan,Manual,Petrol,1.8L,106462,5,Rawalpindi,2240000
Suzuki,Mehran,2024,Economy,Hatchback,Manual,Petrol,800cc,14049,4,Islamabad,1285000
Honda,Vezel,2016,Hybrid,SUV,Manual,Hybrid,1.5L Hybrid,135128,5,Peshawar,2175000
Suzuki,APV,2008,Van,Van,Manual,Petrol,1.5L,195724,8,Multan,630000
Toyota,Yaris,2025,Sedan,Sedan,Automatic,Petrol,1.5L,7328,5,Karachi,5335000
KIA,Sportage,2024,SUV,SUV,Manual,Petrol,2.0L,27369,5,Quetta,6010000
Honda,City,2018,Sedan,Sedan,Automatic,Petrol,1.2L,84719,5,Faisalabad,2065000
Suzuki,APV,2017,Van,Van,Automatic,Petrol,1.5L,97712,8,Karachi,1685000
Toyota,Prius,2024,Hybrid,Hatchback,Automatic,Hybrid,1.8L Hybrid,19035,5,Multan,5815000
Toyota,Prius,2021,Hybrid,Hatchback,Automatic,Hybrid,1.8L Hybrid,58916,5,Islamabad,3455000
Honda,Vezel,2018,Hybrid,SUV,Automatic,Hybrid,1.5L Hybrid,64696,5,Quetta,3205000
Honda,BR-V,2025,Family,SUV,Manual,Petrol,1.5L,0,7,Islamabad,5750000
Suzuki,Alto,2025,Economy,Hatchback,Manual,Petrol,660cc,7174,4,Lahore,2455000
Honda,Vezel,2022,Hybrid,SUV,Manual,Hybrid,1.5L Hybrid,46407,5,Rawalpindi,5515000
Suzuki,Alto,2012,Economy,Hatchback,Manual,Petrol,1.0L,168070,4,Multan,370000
Toyota,Land Cruiser,2021,Luxury,SUV,Manual,Petrol,3.5L,55792,7,Quetta,18980000
Suzuki,APV,2009,Van,Van,Manual,Petrol,1.5L,190527,8,Quetta,705000
Toyota,Land Cruiser,2014,Luxury,SUV,Automatic,Petrol,3.5L,151619,7,Karachi,7800000
Suzuki,Cultus,2020,Hatchback,Hatchback,Automatic,Petrol,1.0L,63677,5,Faisalabad,1495000
Daihatsu,Mira,2014,Economy,Hatchback,Manual,Petrol,660cc,150054,4,Quetta,530000
Honda,Civic,2019,Sedan,Sedan,Automatic,Petrol,1.8L,82889,5,Lahore,3750000
Suzuki,Mehran,2014,Economy,Hatchback,Manual,Petrol,800cc,158938,4,Faisalabad,310000
Toyota,Land Cruiser,2018,Luxury,SUV,Automatic,Petrol,3.5L,72184,7,Faisalabad,14360000
Toyota,Fortuner,2018,SUV,SUV,Manual,Petrol,2.8L,96542,7,Faisalabad,5795000
Suzuki,Alto,2026,Economy,Hatchback,Automatic,Petrol,1.0L,0,4,Islamabad,2975000
Toyota,Corolla,2020,Sedan,Sedan,Automatic,Petrol,1.8L,65193,5,Lahore,3175000
Suzuki,APV,2016,Van,Van,Manual,Petrol,1.5L,120881,8,Rawalpindi,1300000
Honda,BR-V,2020,Family,SUV,Automatic,Petrol,1.5L,79855,7,Multan,2905000
Suzuki,Swift,2025,Hatchback,Hatchback,Automatic,Petrol,1.3L,13866,5,Lahore,3930000
Honda,City,2020,Sedan,Sedan,Manual,Petrol,1.5L,55815,5,Quetta,2595000
KIA,Sportage,2024,SUV,SUV,Automatic,Petrol,2.0L,35569,5,Peshawar,6015000
Honda,BR-V,2017,Family,SUV,Automatic,Petrol,1.5L,120414,7,Multan,1975000
Suzuki,APV,2014,Van,Van,Manual,Petrol,1.5L,157612,8,Islamabad,1060000
KIA,Sportage,2023,SUV,SUV,Manual,Petrol,2.0L,53121,5,Islamabad,5830000
Honda,Civic,2024,Sedan,Sedan,Manual,Petrol,1.8L,34496,5,Multan,5995000
Toyota,Prius,2021,Hybrid,Hatchback,Automatic,Hybrid,1.8L Hybrid,74027,5,Peshawar,3190000
Suzuki,Cultus,2015,Hatchback,Hatchback,Manual,Petrol,1.0L,114088,5,Peshawar,780000
Toyota,Land Cruiser,2015,Luxury,SUV,Manual,Petrol,3.5L,103558,7,Lahore,9050000
Suzuki,Bolan,2012,Economy,Van,Automatic,Petrol,800cc,170295,8,Faisalabad,370000
Suzuki,Mehran,2007,Economy,Hatchback,Manual,Petrol,800cc,274357,4,Quetta,225000
Suzuki,APV,2014,Van,Van,Manual,Petrol,1.5L,138591,8,Rawalpindi,1100000
Suzuki,Bolan,2006,Economy,Van,Manual,Petrol,800cc,317657,8,Quetta,335000
Suzuki,Cultus,2016,Hatchback,Hatchback,Automatic,Petrol,1.0L,139253,5,Faisalabad,835000
Toyota,Prius,2022,Hybrid,Hatchback,Automatic,Hybrid,1.8L Hybrid,61980,5,Peshawar,3865000
Toyota,Land Cruiser,2017,Luxury,SUV,Automatic,Petrol,4.6L,120808,7,Peshawar,11010000
Toyota,Hilux,2018,Pickup,Pickup,Manual,Diesel,2.4L,97587,5,Islamabad,3400000
Suzuki,Swift,2021,Hatchback,Hatchback,Automatic,Petrol,1.3L,68254,5,Peshawar,2120000
Toyota,Fortuner,2020,SUV,SUV,Automatic,Petrol,2.7L,71584,7,Faisalabad,7140000
Suzuki,Mehran,2019,Economy,Hatchback,Automatic,Petrol,800cc,115808,4,Multan,620000
Suzuki,Wagon R,2022,Hatchback,Hatchback,Automatic,Petrol,1.0L,37236,5,Multan,1885000
Toyota,Fortuner,2020,SUV,SUV,Manual,Diesel,2.8L,93607,7,Karachi,6865000
KIA,Sportage,2023,SUV,SUV,Automatic,Petrol,2.0L,44676,5,Peshawar,4735000
Hyundai,Tucson,2026,SUV,SUV,Manual,Petrol,2.0L,2275,5,Karachi,8470000
Honda,Vezel,2020,Hybrid,SUV,Automatic,Hybrid,1.5L Hybrid,58372,5,Faisalabad,4150000
Honda,BR-V,2020,Family,SUV,Manual,Petrol,1.5L,81434,7,Faisalabad,2730000
Toyota,Yaris,2026,Sedan,Sedan,Automatic,Petrol,1.5L,11744,5,Quetta,4770000
Suzuki,APV,2025,Van,Van,Manual,Petrol,1.5L,15577,8,Lahore,4260000
Suzuki,Bolan,2024,Economy,Van,Automatic,Petrol,800cc,41470,8,Rawalpindi,1775000
Hyundai,Tucson,2025,SUV,SUV,Automatic,Petrol,2.0L,19510,5,Quetta,8195000
Toyota,Prius,2025,Hybrid,Hatchback,Automatic,Hybrid,1.8L Hybrid,19009,5,Multan,5905000
Suzuki,Bolan,2021,Economy,Van,Automatic,Petrol,800cc,54233,8,Islamabad,1125000
Hyundai,Tucson,2024,SUV,SUV,Manual,Petrol,2.0L,23635,5,Faisalabad,7550000
Suzuki,Mehran,2024,Economy,Hatchback,Automatic,Petrol,800cc,23185,4,Rawalpindi,1400000
Toyota,Hilux,2017,Pickup,Pickup,Manual,Diesel,2.4L,104618,5,Peshawar,2490000
Toyota,Prius,2015,Hybrid,Hatchback,Manual,Hybrid,1.8L Hybrid,113009,5,Lahore,1880000
Suzuki,APV,2021,Van,Van,Automatic,Petrol,1.5L,56231,8,Islamabad,2505000
Suzuki,Mehran,2015,Economy,Hatchback,Manual,Petrol,800cc,122038,4,Islamabad,385000
Toyota,Fortuner,2023,SUV,SUV,Automatic,Diesel,2.7L,30624,7,Karachi,11900000
Toyota,Corolla,2015,Sedan,Sedan,Automatic,Petrol,1.8L,168586,5,Islamabad,1830000
Honda,BR-V,2017,Family,SUV,Automatic,Petrol,1.5L,131691,7,Quetta,2080000
Toyota,Yaris,2026,Sedan,Sedan,Manual,Petrol,1.5L,0,5,Rawalpindi,4775000
Toyota,Corolla,2009,Sedan,Sedan,Automatic,Petrol,1.6L,229214,5,Rawalpindi,980000
Honda,BR-V,2019,Family,SUV,Automatic,Petrol,1.5L,70760,7,Quetta,3205000
Suzuki,Swift,2025,Hatchback,Hatchback,Automatic,Petrol,1.3L,0,5,Multan,4520000
Suzuki,Cultus,2013,Hatchback,Hatchback,Automatic,Petrol,1.0L,116208,5,Multan,675000
Toyota,Prius,2026,Hybrid,Hatchback,Automatic,Hybrid,1.8L Hybrid,0,5,Karachi,7050000
Toyota,Fortuner,2020,SUV,SUV,Manual,Petrol,2.7L,87556,7,Faisalabad,6310000
Hyundai,Tucson,2020,SUV,SUV,Manual,Petrol,2.0L,83175,5,Multan,4460000
Suzuki,Bolan,2005,Economy,Van,Manual,Petrol,800cc,292020,8,Faisalabad,335000
Suzuki,Alto,2012,Economy,Hatchback,Manual,Petrol,1.0L,214550,4,Rawalpindi,390000
KIA,Sportage,2024,SUV,SUV,Manual,Petrol,2.0L,41493,5,Karachi,5895000
KIA,Sportage,2019,SUV,SUV,Manual,Petrol,2.0L,85580,5,Faisalabad,3090000
Honda,Vezel,2025,Hybrid,SUV,Manual,Hybrid,1.5L Hybrid,27830,5,Islamabad,6985000
KIA,Sportage,2024,SUV,SUV,Automatic,Petrol,2.0L,31175,5,Rawalpindi,6725000
Toyota,Yaris,2026,Sedan,Sedan,Manual,Petrol,1.3L,0,5,Karachi,4595000
Suzuki,Swift,2025,Hatchback,Hatchback,Automatic,Petrol,1.3L,18806,5,Peshawar,3745000
Toyota,Yaris,2023,Sedan,Sedan,Automatic,Petrol,1.5L,41155,5,Peshawar,3185000
Honda,City,2024,Sedan,Sedan,Manual,Petrol,1.2L,20920,5,Lahore,4305000
Honda,BR-V,2024,Family,SUV,Automatic,Petrol,1.5L,29979,7,Lahore,5135000
Toyota,Hilux,2014,Pickup,Pickup,Automatic,Diesel,2.8L,191944,5,Islamabad,2185000
Suzuki,Mehran,2008,Economy,Hatchback,Manual,Petrol,800cc,215620,4,Peshawar,265000
Suzuki,Alto,2017,Economy,Hatchback,Automatic,Petrol,1.0L,113200,4,Karachi,855000
Toyota,Yaris,2020,Sedan,Sedan,Manual,Petrol,1.5L,82227,5,Lahore,2340000
Suzuki,Cultus,2015,Hatchback,Hatchback,Manual,Petrol,1.0L,106430,5,Rawalpindi,815000
Daihatsu,Mira,2023,Economy,Hatchback,Automatic,Petrol,660cc,33281,4,Peshawar,1805000
Toyota,Yaris,2024,Sedan,Sedan,Manual,Petrol,1.3L,27029,5,Lahore,4205000
Honda,Civic,2024,Sedan,Sedan,Automatic,Petrol,1.8L,33269,5,Peshawar,6470000
Suzuki,Mehran,2008,Economy,Hatchback,Automatic,Petrol,800cc,216366,4,Faisalabad,275000
Suzuki,APV,2022,Van,Van,Automatic,Petrol,1.5L,61229,8,Peshawar,2595000
Toyota,Hilux,2018,Pickup,Pickup,Automatic,Diesel,2.8L,89474,5,Karachi,4050000
Honda,BR-V,2018,Family,SUV,Automatic,Petrol,1.5L,87754,7,Rawalpindi,2525000
Honda,Vezel,2024,Hybrid,SUV,Manual,Hybrid,1.5L Hybrid,6217,5,Rawalpindi,7865000
Suzuki,Cultus,2025,Hatchback,Hatchback,Manual,Petrol,1.0L,26083,5,Islamabad,2575000
Honda,City,2021,Sedan,Sedan,Manual,Petrol,1.2L,53960,5,Islamabad,2885000
Toyota,Hilux,2026,Pickup,Pickup,Manual,Diesel,2.4L,3073,5,Karachi,9910000
Suzuki,Mehran,2025,Economy,Hatchback,Automatic,Petrol,800cc,19097,4,Peshawar,1405000
Suzuki,Alto,2020,Economy,Hatchback,Automatic,Petrol,660cc,66137,4,Quetta,1225000
Toyota,Yaris,2025,Sedan,Sedan,Automatic,Petrol,1.3L,28315,5,Peshawar,4630000
Suzuki,Cultus,2023,Hatchback,Hatchback,Manual,Petrol,1.0L,47006,5,Quetta,1815000
KIA,Sportage,2024,SUV,SUV,Automatic,Petrol,2.0L,21969,5,Faisalabad,6320000
Honda,Vezel,2024,Hybrid,SUV,Automatic,Hybrid,1.5L Hybrid,24258,5,Quetta,6540000
Toyota,Prius,2024,Hybrid,Hatchback,Manual,Hybrid,1.8L Hybrid,10008,5,Faisalabad,5745000
Honda,BR-V,2023,Family,SUV,Automatic,Petrol,1.5L,45095,7,Peshawar,4510000
Toyota,Corolla,2020,Sedan,Sedan,Manual,Petrol,1.3L,66374,5,Peshawar,3050000
Suzuki,Cultus,2017,Hatchback,Hatchback,Manual,Petrol,1.0L,130917,5,Islamabad,1010000
Suzuki,Wagon R,2026,Hatchback,Hatchback,Manual,Petrol,1.0L,17537,5,Quetta,2525000
Toyota,Land Cruiser,2015,Luxury,SUV,Manual,Petrol,3.5L,117390,7,Faisalabad,7770000
Suzuki,Mehran,2026,Economy,Hatchback,Automatic,Petrol,800cc,0,4,Karachi,1910000
Hyundai,Tucson,2026,SUV,SUV,Manual,Petrol,2.0L,0,5,Faisalabad,8890000
Suzuki,Mehran,2020,Economy,Hatchback,Automatic,Petrol,800cc,82353,4,Rawalpindi,765000
Suzuki,Bolan,2022,Economy,Van,Automatic,Petrol,800cc,55011,8,Faisalabad,1295000
Toyota,Hilux,2011,Pickup,Pickup,Manual,Diesel,2.4L,191005,5,Multan,1380000
Suzuki,Alto,2015,Economy,Hatchback,Automatic,Petrol,1.0L,129771,4,Multan,660000
Suzuki,Swift,2020,Hatchback,Hatchback,Automatic,Petrol,1.3L,71746,5,Quetta,1790000
Suzuki,Cultus,2026,Hatchback,Hatchback,Manual,Petrol,1.0L,7764,5,Islamabad,3445000
Suzuki,APV,2010,Van,Van,Automatic,Petrol,1.5L,228332,8,Peshawar,735000
Hyundai,Tucson,2022,SUV,SUV,Manual,Petrol,2.0L,25355,5,Karachi,6450000
Suzuki,Cultus,2018,Hatchback,Hatchback,Automatic,Petrol,1.0L,89455,5,Karachi,1350000
Suzuki,Bolan,2013,Economy,Van,Manual,Petrol,800cc,138793,8,Multan,400000
Toyota,Corolla,2025,Sedan,Sedan,Automatic,Petrol,1.3L,17379,5,Lahore,6255000
Toyota,Hilux,2021,Pickup,Pickup,Manual,Diesel,2.8L,64023,5,Islamabad,4855000
Daihatsu,Mira,2021,Economy,Hatchback,Automatic,Petrol,660cc,65139,4,Karachi,1430000
Daihatsu,Mira,2015,Economy,Hatchback,Manual,Petrol,660cc,119554,4,Peshawar,565000
Honda,BR-V,2021,Family,SUV,Automatic,Petrol,1.5L,83054,7,Faisalabad,3315000
Suzuki,Bolan,2019,Economy,Van,Manual,Petrol,800cc,84159,8,Faisalabad,805000
Suzuki,APV,2023,Van,Van,Manual,Petrol,1.5L,31285,8,Faisalabad,3130000
Suzuki,Bolan,2022,Economy,Van,Automatic,Petrol,800cc,54646,8,Multan,1415000
Toyota,Fortuner,2026,SUV,SUV,Automatic,Petrol,2.8L,2580,7,Faisalabad,15390000
Toyota,Yaris,2024,Sedan,Sedan,Automatic,Petrol,1.5L,19360,5,Quetta,4215000
Toyota,Land Cruiser,2022,Luxury,SUV,Manual,Petrol,3.5L,36725,7,Faisalabad,23480000
Suzuki,Mehran,2006,Economy,Hatchback,Manual,Petrol,800cc,215288,4,Rawalpindi,240000
KIA,Sportage,2021,SUV,SUV,Automatic,Petrol,2.0L,56564,5,Faisalabad,5015000
Suzuki,Wagon R,2014,Hatchback,Hatchback,Manual,Petrol,1.0L,134896,5,Karachi,600000
Suzuki,Wagon R,2016,Hatchback,Hatchback,Automatic,Petrol,1.0L,118228,5,Quetta,825000
Toyota,Yaris,2022,Sedan,Sedan,Automatic,Petrol,1.3L,33576,5,Lahore,3410000
Suzuki,Alto,2013,Economy,Hatchback,Manual,Petrol,660cc,146771,4,Multan,450000
Honda,City,2024,Sedan,Sedan,Manual,Petrol,1.5L,28589,5,Quetta,3860000
Toyota,Corolla,2012,Sedan,Sedan,Manual,Petrol,1.8L,151473,5,Karachi,1160000
Daihatsu,Mira,2022,Economy,Hatchback,Automatic,Petrol,660cc,49433,4,Faisalabad,1660000
Honda,Civic,2019,Sedan,Sedan,Automatic,Petrol,1.5L Turbo,84692,5,Faisalabad,3465000
Suzuki,Alto,2022,Economy,Hatchback,Automatic,Petrol,660cc,41029,4,Multan,1520000
Honda,City,2011,Sedan,Sedan,Manual,Petrol,1.2L,108286,5,Peshawar,800000
KIA,Sportage,2025,SUV,SUV,Manual,Petrol,2.0L,4090,5,Faisalabad,7165000
Hyundai,Tucson,2025,SUV,SUV,Manual,Petrol,2.0L,16616,5,Rawalpindi,7645000
Suzuki,APV,2026,Van,Van,Automatic,Petrol,1.5L,0,8,Islamabad,5285000
Toyota,Prius,2021,Hybrid,Hatchback,Automatic,Hybrid,1.8L Hybrid,50264,5,Islamabad,4095000
Toyota,Hilux,2019,Pickup,Pickup,Manual,Diesel,2.4L,62380,5,Faisalabad,3935000
Toyota,Hilux,2021,Pickup,Pickup,Automatic,Diesel,2.4L,59319,5,Faisalabad,4830000
Daihatsu,Mira,2021,Economy,Hatchback,Automatic,Petrol,660cc,56865,4,Islamabad,1280000
Suzuki,Alto,2013,Economy,Hatchback,Automatic,Petrol,1.0L,175299,4,Rawalpindi,470000
KIA,Sportage,2025,SUV,SUV,Automatic,Petrol,2.0L,20189,5,Quetta,7260000
Honda,City,2022,Sedan,Sedan,Manual,Petrol,1.5L,50466,5,Peshawar,2965000
Suzuki,Bolan,2023,Economy,Van,Automatic,Petrol,800cc,47869,8,Quetta,1535000
Honda,City,2010,Sedan,Sedan,Manual,Petrol,1.2L,204128,5,Islamabad,855000
Suzuki,Mehran,2023,Economy,Hatchback,Automatic,Petrol,800cc,40227,4,Multan,1190000
Toyota,Hilux,2012,Pickup,Pickup,Automatic,Diesel,2.4L,193318,5,Islamabad,1865000
Suzuki,Bolan,2011,Economy,Van,Manual,Petrol,800cc,181747,8,Quetta,305000
Toyota,Hilux,2014,Pickup,Pickup,Automatic,Diesel,2.4L,121317,5,Rawalpindi,2280000
Toyota,Hilux,2014,Pickup,Pickup,Automatic,Diesel,2.8L,142471,5,Karachi,2020000
Suzuki,Alto,2023,Economy,Hatchback,Automatic,Petrol,660cc,43468,4,Multan,1505000
Suzuki,Wagon R,2018,Hatchback,Hatchback,Automatic,Petrol,1.0L,104582,5,Quetta,1100000
Honda,City,2017,Sedan,Sedan,Automatic,Petrol,1.5L,98699,5,Lahore,1900000
KIA,Sportage,2020,SUV,SUV,Manual,Petrol,2.0L,86669,5,Peshawar,3490000
Suzuki,Cultus,2016,Hatchback,Hatchback,Automatic,Petrol,1.0L,116604,5,Lahore,935000
Toyota,Fortuner,2026,SUV,SUV,Automatic,Petrol,2.8L,13933,7,Multan,14355000
Honda,Civic,2019,Sedan,Sedan,Automatic,Petrol,1.5L Turbo,101756,5,Quetta,3495000
Honda,City,2013,Sedan,Sedan,Manual,Petrol,1.5L,121135,5,Quetta,1145000
Toyota,Prius,2021,Hybrid,Hatchback,Manual,Hybrid,1.8L Hybrid,60910,5,Peshawar,3225000
Honda,BR-V,2022,Family,SUV,Automatic,Petrol,1.5L,42082,7,Quetta,3785000
Toyota,Fortuner,2018,SUV,SUV,Manual,Diesel,2.8L,93017,7,Karachi,5785000
Toyota,Fortuner,2018,SUV,SUV,Automatic,Diesel,2.7L,73369,7,Islamabad,6325000
Suzuki,Alto,2013,Economy,Hatchback,Automatic,Petrol,1.0L,116561,4,Peshawar,455000
Toyota,Corolla,2021,Sedan,Sedan,Manual,Petrol,1.8L,70852,5,Lahore,3480000
Suzuki,Alto,2022,Economy,Hatchback,Automatic,Petrol,660cc,63078,4,Islamabad,1360000
Toyota,Prius,2017,Hybrid,Hatchback,Manual,Hybrid,1.8L Hybrid,110023,5,Peshawar,2105000
Suzuki,Wagon R,2016,Hatchback,Hatchback,Automatic,Petrol,1.0L,114314,5,Lahore,905000
KIA,Sportage,2021,SUV,SUV,Automatic,Petrol,2.0L,46487,5,Rawalpindi,4615000
Suzuki,Bolan,2017,Economy,Van,Automatic,Petrol,800cc,121754,8,Peshawar,730000
Suzuki,APV,2020,Van,Van,Manual,Petrol,1.5L,76400,8,Islamabad,2215000
Toyota,Yaris,2021,Sedan,Sedan,Manual,Petrol,1.5L,68765,5,Lahore,2620000
Suzuki,Alto,2020,Economy,Hatchback,Automatic,Petrol,1.0L,73184,4,Lahore,1155000
Toyota,Hilux,2020,Pickup,Pickup,Automatic,Diesel,2.4L,61750,5,Peshawar,5035000
Honda,Vezel,2025,Hybrid,SUV,Manual,Hybrid,1.5L Hybrid,12762,5,Multan,7840000
Honda,Vezel,2022,Hybrid,SUV,Manual,Hybrid,1.5L Hybrid,24559,5,Rawalpindi,5725000
Toyota,Hilux,2021,Pickup,Pickup,Automatic,Diesel,2.8L,37999,5,Islamabad,6120000
Hyundai,Tucson,2025,SUV,SUV,Manual,Petrol,2.0L,1193,5,Peshawar,8510000
Honda,City,2014,Sedan,Sedan,Automatic,Petrol,1.5L,144888,5,Quetta,1230000
Toyota,Hilux,2026,Pickup,Pickup,Manual,Diesel,2.4L,0,5,Lahore,10960000
Toyota,Prius,2021,Hybrid,Hatchback,Automatic,Hybrid,1.8L Hybrid,49470,5,Lahore,4030000
Honda,Vezel,2020,Hybrid,SUV,Manual,Hybrid,1.5L Hybrid,66107,5,Karachi,3995000
Suzuki,APV,2017,Van,Van,Manual,Petrol,1.5L,114903,8,Peshawar,1185000
Suzuki,Mehran,2017,Economy,Hatchback,Automatic,Petrol,800cc,82231,4,Multan,555000
Toyota,Hilux,2019,Pickup,Pickup,Automatic,Diesel,2.8L,74163,5,Rawalpindi,4215000
Toyota,Hilux,2012,Pickup,Pickup,Automatic,Diesel,2.8L,188405,5,Rawalpindi,1595000
Honda,Vezel,2026,Hybrid,SUV,Automatic,Hybrid,1.5L Hybrid,0,5,Karachi,9785000
Suzuki,Swift,2015,Hatchback,Hatchback,Manual,Petrol,1.3L,148435,5,Islamabad,1075000
Honda,BR-V,2023,Family,SUV,Manual,Petrol,1.5L,39000,7,Rawalpindi,4410000
Suzuki,APV,2016,Van,Van,Manual,Petrol,1.5L,129101,8,Quetta,1280000
Suzuki,Mehran,2014,Economy,Hatchback,Automatic,Petrol,800cc,120889,4,Karachi,400000
Suzuki,Mehran,2015,Economy,Hatchback,Automatic,Petrol,800cc,135199,4,Peshawar,430000
Toyota,Hilux,2012,Pickup,Pickup,Manual,Diesel,2.8L,198267,5,Faisalabad,1740000
Suzuki,APV,2019,Van,Van,Automatic,Petrol,1.5L,88197,8,Karachi,1995000
Honda,BR-V,2018,Family,SUV,Manual,Petrol,1.5L,88448,7,Faisalabad,2310000
Suzuki,Bolan,2020,Economy,Van,Manual,Petrol,800cc,81324,8,Islamabad,1025000
Suzuki,Swift,2024,Hatchback,Hatchback,Automatic,Petrol,1.3L,26475,5,Multan,3045000
Toyota,Prius,2010,Hybrid,Hatchback,Manual,Hybrid,1.8L Hybrid,193134,5,Peshawar,945000
Honda,Civic,2012,Sedan,Sedan,Automatic,Petrol,1.8L,138443,5,Faisalabad,1550000
Suzuki,Bolan,2010,Economy,Van,Automatic,Petrol,800cc,195271,8,Quetta,340000
Honda,City,2025,Sedan,Sedan,Manual,Petrol,1.5L,977,5,Peshawar,4315000
Toyota,Corolla,2025,Sedan,Sedan,Automatic,Petrol,1.3L,13479,5,Quetta,6305000
Toyota,Corolla,2019,Sedan,Sedan,Automatic,Petrol,1.3L,93962,5,Quetta,2615000
Honda,City,2017,Sedan,Sedan,Manual,Petrol,1.5L,81361,5,Multan,1805000
Suzuki,Mehran,2015,Economy,Hatchback,Manual,Petrol,800cc,114307,4,Lahore,430000
KIA,Sportage,2021,SUV,SUV,Automatic,Petrol,2.0L,55494,5,Quetta,4205000
Suzuki,Wagon R,2026,Hatchback,Hatchback,Automatic,Petrol,1.0L,0,5,Islamabad,2990000
Toyota,Fortuner,2025,SUV,SUV,Manual,Diesel,2.8L,0,7,Islamabad,15135000
KIA,Sportage,2023,SUV,SUV,Manual,Petrol,2.0L,37562,5,Quetta,5205000
Toyota,Land Cruiser,2013,Luxury,SUV,Automatic,Petrol,4.6L,145449,7,Islamabad,7260000
Toyota,Corolla,2022,Sedan,Sedan,Automatic,Petrol,1.3L,48406,5,Faisalabad,3990000
Suzuki,Alto,2016,Economy,Hatchback,Automatic,Petrol,1.0L,124427,4,Rawalpindi,695000
Toyota,Fortuner,2019,SUV,SUV,Manual,Diesel,2.8L,98502,7,Rawalpindi,6510000
Honda,Vezel,2015,Hybrid,SUV,Automatic,Hybrid,1.5L Hybrid,158071,5,Islamabad,2040000
Honda,Vezel,2016,Hybrid,SUV,Automatic,Hybrid,1.5L Hybrid,98568,5,Rawalpindi,2980000
Suzuki,Wagon R,2020,Hatchback,Hatchback,Automatic,Petrol,1.0L,86570,5,Islamabad,1355000
Daihatsu,Mira,2010,Economy,Hatchback,Manual,Petrol,660cc,170589,4,Multan,380000
Honda,Vezel,2022,Hybrid,SUV,Automatic,Hybrid,1.5L Hybrid,52454,5,Lahore,6020000
Honda,Civic,2021,Sedan,Sedan,Automatic,Petrol,1.8L,66853,5,Faisalabad,4675000
Daihatsu,Mira,2011,Economy,Hatchback,Automatic,Petrol,660cc,164873,4,Lahore,445000
Honda,Civic,2016,Sedan,Sedan,Automatic,Petrol,1.8L,137913,5,Quetta,2300000
Honda,City,2010,Sedan,Sedan,Manual,Petrol,1.5L,202874,5,Multan,855000
Toyota,Land Cruiser,2017,Luxury,SUV,Automatic,Petrol,3.5L,95001,7,Faisalabad,11825000
Toyota,Hilux,2023,Pickup,Pickup,Manual,Diesel,2.4L,32197,5,Islamabad,7345000
Suzuki,Wagon R,2015,Hatchback,Hatchback,Manual,Petrol,1.0L,149894,5,Peshawar,655000
Hyundai,Tucson,2020,SUV,SUV,Automatic,Petrol,2.0L,77838,5,Rawalpindi,4755000
Suzuki,Cultus,2013,Hatchback,Hatchback,Manual,Petrol,1.0L,141376,5,Rawalpindi,550000
Hyundai,Tucson,2023,SUV,SUV,Manual,Petrol,2.0L,39554,5,Rawalpindi,6025000
Suzuki,Cultus,2021,Hatchback,Hatchback,Manual,Petrol,1.0L,63633,5,Lahore,1565000
Toyota,Corolla,2025,Sedan,Sedan,Automatic,Petrol,1.6L,11756,5,Rawalpindi,6375000
Toyota,Prius,2016,Hybrid,Hatchback,Manual,Hybrid,1.8L Hybrid,137874,5,Karachi,1840000
Honda,Civic,2021,Sedan,Sedan,Manual,Petrol,1.5L Turbo,62066,5,Quetta,4270000
Daihatsu,Mira,2017,Economy,Hatchback,Automatic,Petrol,660cc,130233,4,Islamabad,840000
Honda,Vezel,2020,Hybrid,SUV,Manual,Hybrid,1.5L Hybrid,105833,5,Lahore,3910000
Daihatsu,Mira,2015,Economy,Hatchback,Manual,Petrol,660cc,134836,4,Karachi,695000
Honda,BR-V,2017,Family,SUV,Automatic,Petrol,1.5L,99435,7,Lahore,2145000
Suzuki,Mehran,2025,Economy,Hatchback,Manual,Petrol,800cc,6756,4,Rawalpindi,1440000
Suzuki,Mehran,2014,Economy,Hatchback,Manual,Petrol,800cc,148464,4,Rawalpindi,340000
Suzuki,Bolan,2025,Economy,Van,Automatic,Petrol,800cc,7290,8,Islamabad,2155000
Honda,Vezel,2018,Hybrid,SUV,Manual,Hybrid,1.5L Hybrid,86858,5,Lahore,2955000
Suzuki,APV,2024,Van,Van,Manual,Petrol,1.5L,16335,8,Quetta,3520000
Honda,City,2019,Sedan,Sedan,Automatic,Petrol,1.2L,77195,5,Peshawar,2245000
Daihatsu,Mira,2012,Economy,Hatchback,Manual,Petrol,660cc,178337,4,Faisalabad,410000
Suzuki,Mehran,2010,Economy,Hatchback,Manual,Petrol,800cc,158389,4,Multan,240000
Suzuki,Swift,2018,Hatchback,Hatchback,Manual,Petrol,1.3L,76943,5,Karachi,1525000
Toyota,Land Cruiser,2015,Luxury,SUV,Manual,Petrol,3.5L,141903,7,Rawalpindi,8520000
Toyota,Yaris,2020,Sedan,Sedan,Manual,Petrol,1.3L,67668,5,Peshawar,2350000
Suzuki,Bolan,2022,Economy,Van,Manual,Petrol,800cc,40423,8,Peshawar,1285000
Suzuki,Swift,2013,Hatchback,Hatchback,Manual,Petrol,1.3L,171457,5,Multan,785000
Toyota,Corolla,2016,Sedan,Sedan,Automatic,Petrol,1.3L,101418,5,Quetta,1970000
Suzuki,Swift,2022,Hatchback,Hatchback,Automatic,Petrol,1.3L,52315,5,Multan,2390000
Suzuki,Bolan,2025,Economy,Van,Automatic,Petrol,800cc,5182,8,Lahore,2100000
Toyota,Corolla,2019,Sedan,Sedan,Manual,Petrol,1.6L,83623,5,Rawalpindi,2450000
Hyundai,Tucson,2022,SUV,SUV,Automatic,Petrol,2.0L,53075,5,Quetta,5760000
Suzuki,Alto,2019,Economy,Hatchback,Automatic,Petrol,660cc,75424,4,Peshawar,925000
Honda,Civic,2014,Sedan,Sedan,Automatic,Petrol,1.5L Turbo,150700,5,Multan,1945000
Suzuki,Swift,2016,Hatchback,Hatchback,Automatic,Petrol,1.3L,157588,5,Quetta,1050000
Honda,City,2026,Sedan,Sedan,Manual,Petrol,1.5L,136,5,Quetta,5080000
Toyota,Corolla,2023,Sedan,Sedan,Automatic,Petrol,1.8L,52384,5,Lahore,4595000
Suzuki,Bolan,2011,Economy,Van,Automatic,Petrol,800cc,149390,8,Lahore,400000
Suzuki,Alto,2012,Economy,Hatchback,Manual,Petrol,660cc,152493,4,Peshawar,415000
Toyota,Land Cruiser,2021,Luxury,SUV,Manual,Petrol,4.6L,77747,7,Islamabad,17890000
Toyota,Yaris,2026,Sedan,Sedan,Manual,Petrol,1.5L,5599,5,Rawalpindi,4850000
Honda,Civic,2023,Sedan,Sedan,Manual,Petrol,1.5L Turbo,37429,5,Rawalpindi,5760000
Toyota,Corolla,2012,Sedan,Sedan,Automatic,Petrol,1.8L,173607,5,Rawalpindi,1080000
Suzuki,Mehran,2008,Economy,Hatchback,Manual,Petrol,800cc,187234,4,Islamabad,265000
Suzuki,Bolan,2007,Economy,Van,Automatic,Petrol,800cc,230130,8,Quetta,385000
Suzuki,Swift,2015,Hatchback,Hatchback,Automatic,Petrol,1.3L,127749,5,Peshawar,1040000
Suzuki,Mehran,2011,Economy,Hatchback,Automatic,Petrol,800cc,177197,4,Quetta,230000
Daihatsu,Mira,2020,Economy,Hatchback,Automatic,Petrol,660cc,74188,4,Islamabad,1355000
KIA,Sportage,2024,SUV,SUV,Automatic,Petrol,2.0L,47778,5,Lahore,6550000
Suzuki,APV,2021,Van,Van,Manual,Petrol,1.5L,72067,8,Karachi,2605000
Suzuki,Wagon R,2020,Hatchback,Hatchback,Manual,Petrol,1.0L,64854,5,Rawalpindi,1275000
Hyundai,Tucson,2020,SUV,SUV,Manual,Petrol,2.0L,70465,5,Quetta,4360000
Toyota,Prius,2010,Hybrid,Hatchback,Automatic,Hybrid,1.8L Hybrid,212235,5,Karachi,1040000
Toyota,Land Cruiser,2022,Luxury,SUV,Automatic,Petrol,3.5L,42326,7,Rawalpindi,23390000
Suzuki,Mehran,2018,Economy,Hatchback,Manual,Petrol,800cc,126192,4,Rawalpindi,550000
Suzuki,APV,2025,Van,Van,Manual,Petrol,1.5L,0,8,Islamabad,4755000
Toyota,Corolla,2025,Sedan,Sedan,Automatic,Petrol,1.3L,23793,5,Lahore,6120000
Suzuki,Wagon R,2020,Hatchback,Hatchback,Automatic,Petrol,1.0L,98076,5,Lahore,1350000
Toyota,Land Cruiser,2015,Luxury,SUV,Manual,Petrol,3.5L,107752,7,Quetta,7435000
Toyota,Yaris,2024,Sedan,Sedan,Automatic,Petrol,1.5L,0,5,Karachi,4440000
Toyota,Fortuner,2015,SUV,SUV,Manual,Diesel,2.8L,148731,7,Peshawar,3720000
Suzuki,Alto,2025,Economy,Hatchback,Manual,Petrol,1.0L,5021,4,Karachi,2315000
Honda,City,2010,Sedan,Sedan,Automatic,Petrol,1.5L,204563,5,Peshawar,895000
Suzuki,Mehran,2019,Economy,Hatchback,Manual,Petrol,800cc,83111,4,Peshawar,630000
Daihatsu,Mira,2026,Economy,Hatchback,Manual,Petrol,660cc,8173,4,Faisalabad,2365000
Toyota,Prius,2026,Hybrid,Hatchback,Automatic,Hybrid,1.8L Hybrid,0,5,Karachi,7255000
Toyota,Hilux,2022,Pickup,Pickup,Automatic,Diesel,2.8L,32480,5,Faisalabad,6445000
Toyota,Yaris,2020,Sedan,Sedan,Automatic,Petrol,1.5L,61246,5,Multan,2595000
Honda,BR-V,2023,Family,SUV,Manual,Petrol,1.5L,40806,7,Peshawar,4315000
Toyota,Yaris,2022,Sedan,Sedan,Automatic,Petrol,1.5L,49254,5,Karachi,3340000
Honda,Vezel,2018,Hybrid,SUV,Automatic,Hybrid,1.5L Hybrid,100231,5,Quetta,2960000
Toyota,Land Cruiser,2014,Luxury,SUV,Manual,Petrol,4.6L,172707,7,Rawalpindi,7325000
Suzuki,Cultus,2011,Hatchback,Hatchback,Manual,Petrol,1.0L,172390,5,Lahore,500000
Toyota,Fortuner,2018,SUV,SUV,Automatic,Diesel,2.7L,102972,7,Islamabad,6405000
Hyundai,Tucson,2021,SUV,SUV,Manual,Petrol,2.0L,72915,5,Multan,4905000
Toyota,Prius,2021,Hybrid,Hatchback,Automatic,Hybrid,1.8L Hybrid,65499,5,Faisalabad,3895000
Toyota,Land Cruiser,2025,Luxury,SUV,Automatic,Petrol,4.6L,11850,7,Quetta,30425000
Hyundai,Tucson,2021,SUV,SUV,Manual,Petrol,2.0L,66348,5,Lahore,4640000
Honda,Vezel,2019,Hybrid,SUV,Automatic,Hybrid,1.5L Hybrid,85503,5,Multan,3410000
Toyota,Land Cruiser,2022,Luxury,SUV,Manual,Petrol,3.5L,47682,7,Lahore,20675000
Honda,Civic,2022,Sedan,Sedan,Automatic,Petrol,1.8L,40729,5,Multan,5460000
Toyota,Fortuner,2017,SUV,SUV,Automatic,Petrol,2.8L,103668,7,Quetta,4675000
Toyota,Land Cruiser,2024,Luxury,SUV,Automatic,Petrol,4.6L,37090,7,Quetta,28255000
Toyota,Yaris,2020,Sedan,Sedan,Manual,Petrol,1.3L,52467,5,Peshawar,2555000
Honda,BR-V,2019,Family,SUV,Manual,Petrol,1.5L,88090,7,Quetta,2275000
Toyota,Yaris,2020,Sedan,Sedan,Manual,Petrol,1.3L,80215,5,Quetta,2175000
Honda,Civic,2024,Sedan,Sedan,Automatic,Petrol,1.5L Turbo,31338,5,Multan,6405000
Suzuki,Cultus,2019,Hatchback,Hatchback,Manual,Petrol,1.0L,97037,5,Karachi,1455000
Suzuki,Cultus,2014,Hatchback,Hatchback,Manual,Petrol,1.0L,171956,5,Quetta,660000
Suzuki,APV,2024,Van,Van,Automatic,Petrol,1.5L,32142,8,Islamabad,3880000
Suzuki,Cultus,2011,Hatchback,Hatchback,Manual,Petrol,1.0L,165630,5,Lahore,480000
Toyota,Hilux,2026,Pickup,Pickup,Automatic,Diesel,2.4L,0,5,Islamabad,10440000
Honda,City,2022,Sedan,Sedan,Manual,Petrol,1.5L,40559,5,Rawalpindi,3260000
Toyota,Fortuner,2015,SUV,SUV,Manual,Petrol,2.8L,125009,7,Islamabad,3660000
Toyota,Prius,2021,Hybrid,Hatchback,Automatic,Hybrid,1.8L Hybrid,63370,5,Faisalabad,3400000
Honda,Vezel,2025,Hybrid,SUV,Manual,Hybrid,1.5L Hybrid,15502,5,Rawalpindi,7720000
Toyota,Land Cruiser,2017,Luxury,SUV,Automatic,Petrol,3.5L,99547,7,Islamabad,9655000
Daihatsu,Mira,2011,Economy,Hatchback,Automatic,Petrol,660cc,189074,4,Rawalpindi,425000
Toyota,Land Cruiser,2019,Luxury,SUV,Manual,Petrol,4.6L,53018,7,Peshawar,15825000
Suzuki,Swift,2014,Hatchback,Hatchback,Automatic,Petrol,1.3L,138680,5,Islamabad,1030000
Toyota,Hilux,2026,Pickup,Pickup,Manual,Diesel,2.4L,0,5,Karachi,10365000
Toyota,Hilux,2010,Pickup,Pickup,Manual,Diesel,2.4L,187563,5,Karachi,1450000
Toyota,Prius,2016,Hybrid,Hatchback,Automatic,Hybrid,1.8L Hybrid,99733,5,Quetta,2075000
Honda,City,2017,Sedan,Sedan,Manual,Petrol,1.5L,131709,5,Karachi,1625000
Honda,Vezel,2023,Hybrid,SUV,Automatic,Hybrid,1.5L Hybrid,42864,5,Peshawar,6130000
Suzuki,APV,2024,Van,Van,Manual,Petrol,1.5L,30499,8,Karachi,3170000
Suzuki,Mehran,2015,Economy,Hatchback,Manual,Petrol,800cc,127493,4,Quetta,375000
Toyota,Prius,2012,Hybrid,Hatchback,Manual,Hybrid,1.8L Hybrid,143841,5,Karachi,1150000
Suzuki,Alto,2013,Economy,Hatchback,Automatic,Petrol,660cc,144748,4,Karachi,500000
Hyundai,Tucson,2023,SUV,SUV,Automatic,Petrol,2.0L,41938,5,Peshawar,6645000
Honda,Civic,2023,Sedan,Sedan,Automatic,Petrol,1.5L Turbo,38364,5,Rawalpindi,5745000
KIA,Sportage,2025,SUV,SUV,Manual,Petrol,2.0L,24468,5,Peshawar,6990000
Honda,Vezel,2018,Hybrid,SUV,Manual,Hybrid,1.5L Hybrid,78516,5,Faisalabad,3075000
Suzuki,Swift,2016,Hatchback,Hatchback,Automatic,Petrol,1.3L,116249,5,Peshawar,1105000
Suzuki,Alto,2024,Economy,Hatchback,Automatic,Petrol,660cc,30636,4,Faisalabad,1660000
Toyota,Fortuner,2026,SUV,SUV,Automatic,Diesel,2.8L,10843,7,Rawalpindi,14945000
Toyota,Prius,2017,Hybrid,Hatchback,Automatic,Hybrid,1.8L Hybrid,123878,5,Lahore,2100000
Toyota,Prius,2014,Hybrid,Hatchback,Manual,Hybrid,1.8L Hybrid,159949,5,Multan,1335000
Suzuki,Wagon R,2026,Hatchback,Hatchback,Automatic,Petrol,1.0L,6101,5,Peshawar,2510000
KIA,Sportage,2021,SUV,SUV,Automatic,Petrol,2.0L,46087,5,Quetta,4325000
Suzuki,APV,2018,Van,Van,Automatic,Petrol,1.5L,62432,8,Faisalabad,1870000
Toyota,Prius,2012,Hybrid,Hatchback,Manual,Hybrid,1.8L Hybrid,138362,5,Quetta,1015000
Suzuki,Alto,2024,Economy,Hatchback,Automatic,Petrol,660cc,24343,4,Lahore,2130000
Suzuki,Mehran,2015,Economy,Hatchback,Automatic,Petrol,800cc,132424,4,Quetta,385000
Honda,BR-V,2020,Family,SUV,Automatic,Petrol,1.5L,58201,7,Peshawar,3010000
Daihatsu,Mira,2012,Economy,Hatchback,Automatic,Petrol,660cc,155726,4,Rawalpindi,460000
Toyota,Hilux,2013,Pickup,Pickup,Manual,Diesel,2.4L,114077,5,Faisalabad,1755000
Honda,Civic,2015,Sedan,Sedan,Automatic,Petrol,1.5L Turbo,135334,5,Faisalabad,2045000
Toyota,Fortuner,2012,SUV,SUV,Manual,Diesel,2.8L,160878,7,Faisalabad,2490000
Honda,City,2019,Sedan,Sedan,Manual,Petrol,1.2L,90218,5,Faisalabad,2260000
Honda,Civic,2018,Sedan,Sedan,Automatic,Petrol,1.5L Turbo,74342,5,Quetta,3075000
Suzuki,Alto,2015,Economy,Hatchback,Automatic,Petrol,1.0L,100116,4,Lahore,620000
Honda,Vezel,2014,Hybrid,SUV,Manual,Hybrid,1.5L Hybrid,146331,5,Quetta,1610000
Toyota,Corolla,2013,Sedan,Sedan,Automatic,Petrol,1.8L,106606,5,Karachi,1460000
Toyota,Corolla,2024,Sedan,Sedan,Automatic,Petrol,1.6L,27487,5,Multan,5740000
KIA,Sportage,2024,SUV,SUV,Automatic,Petrol,2.0L,19659,5,Karachi,6660000
Daihatsu,Mira,2020,Economy,Hatchback,Automatic,Petrol,660cc,82725,4,Islamabad,1205000
Suzuki,Bolan,2023,Economy,Van,Manual,Petrol,800cc,26571,8,Multan,1535000
KIA,Sportage,2020,SUV,SUV,Manual,Petrol,2.0L,68747,5,Rawalpindi,4285000
Honda,City,2014,Sedan,Sedan,Automatic,Petrol,1.5L,134677,5,Faisalabad,1225000
Suzuki,APV,2008,Van,Van,Automatic,Petrol,1.5L,235524,8,Peshawar,720000
Toyota,Hilux,2016,Pickup,Pickup,Automatic,Diesel,2.4L,123317,5,Peshawar,2420000
Toyota,Yaris,2020,Sedan,Sedan,Automatic,Petrol,1.5L,98927,5,Faisalabad,2140000
Honda,Civic,2023,Sedan,Sedan,Manual,Petrol,1.5L Turbo,58152,5,Islamabad,5470000
Honda,Vezel,2014,Hybrid,SUV,Automatic,Hybrid,1.5L Hybrid,134870,5,Rawalpindi,1965000
Honda,Civic,2026,Sedan,Sedan,Automatic,Petrol,1.5L Turbo,9578,5,Karachi,7930000
Toyota,Fortuner,2021,SUV,SUV,Automatic,Petrol,2.7L,69051,7,Karachi,7045000
Daihatsu,Mira,2026,Economy,Hatchback,Manual,Petrol,660cc,655,4,Faisalabad,2445000
Daihatsu,Mira,2016,Economy,Hatchback,Automatic,Petrol,660cc,92652,4,Karachi,820000
Toyota,Land Cruiser,2012,Luxury,SUV,Automatic,Petrol,3.5L,166045,7,Peshawar,6010000
Honda,Civic,2013,Sedan,Sedan,Manual,Petrol,1.5L Turbo,139330,5,Peshawar,1580000
Toyota,Yaris,2020,Sedan,Sedan,Automatic,Petrol,1.5L,55984,5,Rawalpindi,2200000
Suzuki,Alto,2025,Economy,Hatchback,Automatic,Petrol,660cc,20733,4,Quetta,2010000
Toyota,Prius,2026,Hybrid,Hatchback,Automatic,Hybrid,1.8L Hybrid,14481,5,Rawalpindi,6530000
KIA,Sportage,2023,SUV,SUV,Automatic,Petrol,2.0L,54988,5,Karachi,6105000
Toyota,Land Cruiser,2023,Luxury,SUV,Automatic,Petrol,3.5L,27387,7,Multan,27200000
Honda,Vezel,2020,Hybrid,SUV,Manual,Hybrid,1.5L Hybrid,90980,5,Quetta,3855000
Suzuki,Cultus,2018,Hatchback,Hatchback,Automatic,Petrol,1.0L,105038,5,Faisalabad,1010000
Hyundai,Tucson,2026,SUV,SUV,Manual,Petrol,2.0L,0,5,Peshawar,9810000
Honda,Civic,2013,Sedan,Sedan,Automatic,Petrol,1.8L,169417,5,Faisalabad,1605000
Toyota,Fortuner,2014,SUV,SUV,Automatic,Diesel,2.8L,122547,7,Peshawar,3475000
Honda,City,2025,Sedan,Sedan,Manual,Petrol,1.2L,18822,5,Multan,4770000
KIA,Sportage,2025,SUV,SUV,Manual,Petrol,2.0L,13854,5,Quetta,7350000
Toyota,Hilux,2012,Pickup,Pickup,Manual,Diesel,2.8L,185767,5,Quetta,1635000
Suzuki,Alto,2025,Economy,Hatchback,Automatic,Petrol,660cc,5974,4,Multan,2450000
Suzuki,Alto,2024,Economy,Hatchback,Automatic,Petrol,1.0L,30376,4,Lahore,1785000
Suzuki,Mehran,2005,Economy,Hatchback,Manual,Petrol,800cc,263736,4,Karachi,250000
Suzuki,Swift,2022,Hatchback,Hatchback,Manual,Petrol,1.3L,27362,5,Faisalabad,2780000
Suzuki,Wagon R,2019,Hatchback,Hatchback,Automatic,Petrol,1.0L,80418,5,Quetta,1210000
Toyota,Prius,2025,Hybrid,Hatchback,Manual,Hybrid,1.8L Hybrid,12598,5,Karachi,5620000
Toyota,Hilux,2025,Pickup,Pickup,Manual,Diesel,2.4L,22035,5,Quetta,7710000
Suzuki,Mehran,2024,Economy,Hatchback,Automatic,Petrol,800cc,17728,4,Peshawar,1275000
Hyundai,Tucson,2026,SUV,SUV,Manual,Petrol,2.0L,2276,5,Lahore,9570000
Honda,City,2021,Sedan,Sedan,Manual,Petrol,1.2L,69134,5,Islamabad,2620000
Toyota,Fortuner,2019,SUV,SUV,Automatic,Diesel,2.8L,94988,7,Multan,6375000
Suzuki,APV,2022,Van,Van,Manual,Petrol,1.5L,51892,8,Islamabad,2790000
Toyota,Corolla,2009,Sedan,Sedan,Automatic,Petrol,1.8L,221035,5,Karachi,1085000
Suzuki,Alto,2021,Economy,Hatchback,Automatic,Petrol,1.0L,45205,4,Peshawar,1285000
Honda,BR-V,2025,Family,SUV,Manual,Petrol,1.5L,4613,7,Multan,6300000
KIA,Sportage,2026,SUV,SUV,Automatic,Petrol,2.0L,0,5,Rawalpindi,8905000
Honda,City,2026,Sedan,Sedan,Automatic,Petrol,1.5L,8196,5,Multan,5025000
Hyundai,Tucson,2024,SUV,SUV,Automatic,Petrol,2.0L,37812,5,Quetta,7550000
Suzuki,APV,2022,Van,Van,Automatic,Petrol,1.5L,47684,8,Faisalabad,2715000
Suzuki,Mehran,2024,Economy,Hatchback,Automatic,Petrol,800cc,31251,4,Islamabad,1375000
Honda,BR-V,2023,Family,SUV,Automatic,Petrol,1.5L,38588,7,Karachi,4325000
Suzuki,Cultus,2025,Hatchback,Hatchback,Automatic,Petrol,1.0L,13979,5,Karachi,2695000
Suzuki,Cultus,2026,Hatchback,Hatchback,Automatic,Petrol,1.0L,0,5,Islamabad,3665000
Honda,City,2022,Sedan,Sedan,Automatic,Petrol,1.2L,49156,5,Rawalpindi,3525000
Hyundai,Tucson,2023,SUV,SUV,Automatic,Petrol,2.0L,26811,5,Peshawar,7075000
Suzuki,Cultus,2019,Hatchback,Hatchback,Manual,Petrol,1.0L,114658,5,Multan,1265000
Toyota,Hilux,2026,Pickup,Pickup,Automatic,Diesel,2.8L,0,5,Islamabad,11305000
Suzuki,Bolan,2012,Economy,Van,Automatic,Petrol,800cc,148330,8,Lahore,420000
Toyota,Land Cruiser,2024,Luxury,SUV,Automatic,Petrol,4.6L,8861,7,Rawalpindi,27815000
KIA,Sportage,2023,SUV,SUV,Manual,Petrol,2.0L,34846,5,Quetta,5235000
Suzuki,Cultus,2013,Hatchback,Hatchback,Manual,Petrol,1.0L,192547,5,Rawalpindi,580000
Honda,Vezel,2024,Hybrid,SUV,Automatic,Hybrid,1.5L Hybrid,33733,5,Karachi,7385000
Toyota,Prius,2025,Hybrid,Hatchback,Manual,Hybrid,1.8L Hybrid,35229,5,Multan,4200000
Suzuki,APV,2014,Van,Van,Automatic,Petrol,1.5L,138258,8,Rawalpindi,1065000
Toyota,Yaris,2026,Sedan,Sedan,Automatic,Petrol,1.3L,0,5,Quetta,5260000
Suzuki,APV,2022,Van,Van,Manual,Petrol,1.5L,59466,8,Multan,2690000
Hyundai,Tucson,2024,SUV,SUV,Manual,Petrol,2.0L,22950,5,Lahore,8110000
Toyota,Hilux,2019,Pickup,Pickup,Automatic,Diesel,2.4L,68187,5,Multan,4090000
Honda,Vezel,2017,Hybrid,SUV,Automatic,Hybrid,1.5L Hybrid,98474,5,Karachi,3245000
Hyundai,Tucson,2020,SUV,SUV,Automatic,Petrol,2.0L,88461,5,Faisalabad,4265000
Toyota,Corolla,2011,Sedan,Sedan,Automatic,Petrol,1.8L,170470,5,Peshawar,985000
KIA,Sportage,2020,SUV,SUV,Manual,Petrol,2.0L,83026,5,Lahore,3950000
Toyota,Land Cruiser,2025,Luxury,SUV,Manual,Petrol,3.5L,7821,7,Faisalabad,31175000
Toyota,Corolla,2015,Sedan,Sedan,Automatic,Petrol,1.8L,137629,5,Multan,1810000
Suzuki,Mehran,2016,Economy,Hatchback,Manual,Petrol,800cc,127750,4,Peshawar,430000
Toyota,Corolla,2014,Sedan,Sedan,Manual,Petrol,1.6L,140161,5,Peshawar,1185000
Toyota,Yaris,2023,Sedan,Sedan,Automatic,Petrol,1.5L,31613,5,Peshawar,3390000
Hyundai,Tucson,2020,SUV,SUV,Manual,Petrol,2.0L,70100,5,Lahore,4640000
Toyota,Corolla,2022,Sedan,Sedan,Automatic,Petrol,1.8L,58713,5,Faisalabad,3795000
Toyota,Prius,2021,Hybrid,Hatchback,Automatic,Hybrid,1.8L Hybrid,74973,5,Rawalpindi,3815000
Honda,Vezel,2021,Hybrid,SUV,Manual,Hybrid,1.5L Hybrid,75458,5,Rawalpindi,4330000
Suzuki,Bolan,2012,Economy,Van,Manual,Petrol,800cc,206671,8,Karachi,380000
Toyota,Fortuner,2018,SUV,SUV,Automatic,Diesel,2.8L,79027,7,Quetta,5460000
Honda,BR-V,2020,Family,SUV,Automatic,Petrol,1.5L,62227,7,Islamabad,3290000
Hyundai,Tucson,2023,SUV,SUV,Automatic,Petrol,2.0L,45204,5,Peshawar,6600000
Toyota,Fortuner,2013,SUV,SUV,Manual,Diesel,2.8L,209454,7,Lahore,2835000
Toyota,Fortuner,2024,SUV,SUV,Automatic,Diesel,2.8L,37962,7,Karachi,10765000
Honda,City,2022,Sedan,Sedan,Manual,Petrol,1.5L,54545,5,Faisalabad,3035000
Suzuki,Mehran,2009,Economy,Hatchback,Automatic,Petrol,800cc,194714,4,Multan,260000
Toyota,Hilux,2017,Pickup,Pickup,Manual,Diesel,2.4L,109744,5,Lahore,3350000
Suzuki,Swift,2020,Hatchback,Hatchback,Manual,Petrol,1.3L,89780,5,Karachi,1925000
Suzuki,Bolan,2015,Economy,Van,Automatic,Petrol,800cc,116768,8,Rawalpindi,535000
Honda,Vezel,2015,Hybrid,SUV,Automatic,Hybrid,1.5L Hybrid,145752,5,Lahore,2335000
Hyundai,Tucson,2026,SUV,SUV,Manual,Petrol,2.0L,3163,5,Karachi,9120000
Honda,Vezel,2023,Hybrid,SUV,Manual,Hybrid,1.5L Hybrid,53742,5,Karachi,6370000
Honda,Vezel,2024,Hybrid,SUV,Automatic,Hybrid,1.5L Hybrid,13562,5,Peshawar,8310000
Suzuki,Mehran,2016,Economy,Hatchback,Automatic,Petrol,800cc,114899,4,Lahore,520000
Hyundai,Tucson,2020,SUV,SUV,Automatic,Petrol,2.0L,72895,5,Multan,4975000
Toyota,Hilux,2011,Pickup,Pickup,Manual,Diesel,2.8L,159486,5,Karachi,1745000
Toyota,Fortuner,2017,SUV,SUV,Automatic,Petrol,2.7L,119353,7,Multan,4295000
Toyota,Corolla,2015,Sedan,Sedan,Manual,Petrol,1.3L,131733,5,Peshawar,1665000
Suzuki,Alto,2022,Economy,Hatchback,Automatic,Petrol,1.0L,46550,4,Islamabad,1600000
Suzuki,Cultus,2024,Hatchback,Hatchback,Automatic,Petrol,1.0L,18900,5,Islamabad,2355000
Hyundai,Tucson,2022,SUV,SUV,Manual,Petrol,2.0L,41458,5,Lahore,5890000
KIA,Sportage,2021,SUV,SUV,Manual,Petrol,2.0L,63330,5,Karachi,4610000
Honda,Civic,2023,Sedan,Sedan,Manual,Petrol,1.8L,31228,5,Faisalabad,6180000
Suzuki,Mehran,2023,Economy,Hatchback,Automatic,Petrol,800cc,32256,4,Islamabad,1270000
Toyota,Yaris,2023,Sedan,Sedan,Manual,Petrol,1.3L,44037,5,Peshawar,3040000
Suzuki,Bolan,2013,Economy,Van,Automatic,Petrol,800cc,142600,8,Peshawar,490000
Honda,BR-V,2022,Family,SUV,Automatic,Petrol,1.5L,51351,7,Multan,3945000
Honda,Civic,2015,Sedan,Sedan,Manual,Petrol,1.5L Turbo,145427,5,Rawalpindi,2095000
Suzuki,Cultus,2021,Hatchback,Hatchback,Automatic,Petrol,1.0L,75133,5,Lahore,1690000
Suzuki,Wagon R,2025,Hatchback,Hatchback,Manual,Petrol,1.0L,6932,5,Multan,2900000
Suzuki,Swift,2018,Hatchback,Hatchback,Automatic,Petrol,1.3L,99240,5,Islamabad,1490000
Suzuki,Bolan,2007,Economy,Van,Manual,Petrol,800cc,246473,8,Rawalpindi,340000
Honda,Civic,2013,Sedan,Sedan,Manual,Petrol,1.8L,194932,5,Karachi,1585000
Suzuki,Mehran,2021,Economy,Hatchback,Manual,Petrol,800cc,65947,4,Lahore,725000
Toyota,Hilux,2010,Pickup,Pickup,Manual,Diesel,2.4L,215159,5,Lahore,1450000
Toyota,Hilux,2012,Pickup,Pickup,Manual,Diesel,2.8L,128656,5,Faisalabad,1590000
Honda,City,2013,Sedan,Sedan,Automatic,Petrol,1.5L,162885,5,Quetta,1050000
Suzuki,APV,2015,Van,Van,Automatic,Petrol,1.5L,129005,8,Peshawar,1135000
Suzuki,Mehran,2018,Economy,Hatchback,Manual,Petrol,800cc,89290,4,Rawalpindi,640000
Toyota,Yaris,2026,Sedan,Sedan,Manual,Petrol,1.5L,7816,5,Quetta,4740000
Suzuki,Mehran,2016,Economy,Hatchback,Manual,Petrol,800cc,136442,4,Islamabad,510000
Honda,Civic,2026,Sedan,Sedan,Manual,Petrol,1.5L Turbo,0,5,Quetta,8045000
Daihatsu,Mira,2013,Economy,Hatchback,Automatic,Petrol,660cc,172804,4,Peshawar,485000
Toyota,Yaris,2022,Sedan,Sedan,Manual,Petrol,1.5L,48354,5,Karachi,3255000
Suzuki,Bolan,2018,Economy,Van,Manual,Petrol,800cc,112738,8,Peshawar,860000
Suzuki,Cultus,2013,Hatchback,Hatchback,Automatic,Petrol,1.0L,157680,5,Faisalabad,580000
Toyota,Yaris,2021,Sedan,Sedan,Automatic,Petrol,1.5L,65841,5,Lahore,2850000
Hyundai,Tucson,2024,SUV,SUV,Manual,Petrol,2.0L,46115,5,Quetta,6345000
Toyota,Hilux,2018,Pickup,Pickup,Automatic,Diesel,2.8L,91195,5,Rawalpindi,3570000
Suzuki,Swift,2019,Hatchback,Hatchback,Automatic,Petrol,1.3L,73540,5,Quetta,1885000
Suzuki,Swift,2017,Hatchback,Hatchback,Manual,Petrol,1.3L,101911,5,Peshawar,1260000
Toyota,Prius,2011,Hybrid,Hatchback,Manual,Hybrid,1.8L Hybrid,166241,5,Peshawar,990000
KIA,Sportage,2026,SUV,SUV,Manual,Petrol,2.0L,0,5,Peshawar,8520000
Suzuki,Wagon R,2015,Hatchback,Hatchback,Manual,Petrol,1.0L,155782,5,Faisalabad,675000
Honda,Vezel,2014,Hybrid,SUV,Manual,Hybrid,1.5L Hybrid,152944,5,Faisalabad,1660000
Hyundai,Tucson,2023,SUV,SUV,Manual,Petrol,2.0L,49466,5,Lahore,5900000
Suzuki,Mehran,2011,Economy,Hatchback,Manual,Petrol,800cc,131410,4,Karachi,250000
Suzuki,Swift,2026,Hatchback,Hatchback,Manual,Petrol,1.3L,8151,5,Multan,3830000
Suzuki,Mehran,2014,Economy,Hatchback,Automatic,Petrol,800cc,133968,4,Karachi,385000
Honda,BR-V,2019,Family,SUV,Automatic,Petrol,1.5L,82907,7,Multan,2805000
Suzuki,Alto,2019,Economy,Hatchback,Manual,Petrol,660cc,85449,4,Lahore,1055000
KIA,Sportage,2020,SUV,SUV,Automatic,Petrol,2.0L,38577,5,Quetta,4755000
Suzuki,Bolan,2015,Economy,Van,Manual,Petrol,800cc,158874,8,Karachi,555000
KIA,Sportage,2024,SUV,SUV,Manual,Petrol,2.0L,21908,5,Multan,6705000
Toyota,Yaris,2021,Sedan,Sedan,Automatic,Petrol,1.3L,49165,5,Lahore,2945000
Suzuki,Mehran,2012,Economy,Hatchback,Manual,Petrol,800cc,139073,4,Quetta,230000
Daihatsu,Mira,2023,Economy,Hatchback,Automatic,Petrol,660cc,31822,4,Quetta,1675000
Daihatsu,Mira,2019,Economy,Hatchback,Automatic,Petrol,660cc,90070,4,Karachi,1060000
Toyota,Prius,2015,Hybrid,Hatchback,Manual,Hybrid,1.8L Hybrid,130148,5,Faisalabad,1475000
Toyota,Land Cruiser,2012,Luxury,SUV,Manual,Petrol,4.6L,193630,7,Faisalabad,5295000
Toyota,Land Cruiser,2015,Luxury,SUV,Manual,Petrol,4.6L,135837,7,Islamabad,8475000
Suzuki,Mehran,2019,Economy,Hatchback,Manual,Petrol,800cc,89856,4,Multan,665000
Toyota,Yaris,2023,Sedan,Sedan,Manual,Petrol,1.3L,49065,5,Islamabad,3430000
Honda,Vezel,2019,Hybrid,SUV,Manual,Hybrid,1.5L Hybrid,102751,5,Lahore,3535000
Suzuki,Cultus,2014,Hatchback,Hatchback,Automatic,Petrol,1.0L,169102,5,Multan,635000
Toyota,Yaris,2021,Sedan,Sedan,Automatic,Petrol,1.3L,72470,5,Faisalabad,2715000
Toyota,Fortuner,2012,SUV,SUV,Manual,Petrol,2.7L,198736,7,Peshawar,2495000
Toyota,Prius,2021,Hybrid,Hatchback,Manual,Hybrid,1.8L Hybrid,56526,5,Rawalpindi,3785000
Honda,Civic,2022,Sedan,Sedan,Automatic,Petrol,1.5L Turbo,58338,5,Peshawar,5170000
Suzuki,Bolan,2020,Economy,Van,Automatic,Petrol,800cc,59390,8,Faisalabad,1150000
Toyota,Fortuner,2024,SUV,SUV,Manual,Diesel,2.7L,17913,7,Islamabad,11990000
Toyota,Fortuner,2020,SUV,SUV,Automatic,Petrol,2.7L,91939,7,Rawalpindi,7700000
Suzuki,Cultus,2021,Hatchback,Hatchback,Manual,Petrol,1.0L,62219,5,Lahore,1705000
Honda,Civic,2013,Sedan,Sedan,Manual,Petrol,1.8L,129516,5,Peshawar,1660000
Honda,BR-V,2019,Family,SUV,Automatic,Petrol,1.5L,99635,7,Multan,2430000
Suzuki,Cultus,2018,Hatchback,Hatchback,Manual,Petrol,1.0L,121982,5,Faisalabad,1175000
Honda,Vezel,2014,Hybrid,SUV,Manual,Hybrid,1.5L Hybrid,169985,5,Karachi,1915000
Toyota,Yaris,2020,Sedan,Sedan,Automatic,Petrol,1.3L,77758,5,Multan,2630000
Daihatsu,Mira,2011,Economy,Hatchback,Manual,Petrol,660cc,178325,4,Karachi,440000
Honda,BR-V,2026,Family,SUV,Automatic,Petrol,1.5L,0,7,Peshawar,6315000
Suzuki,Alto,2026,Economy,Hatchback,Automatic,Petrol,1.0L,0,4,Islamabad,2615000
Suzuki,Wagon R,2014,Hatchback,Hatchback,Automatic,Petrol,1.0L,127442,5,Peshawar,655000
Suzuki,Mehran,2016,Economy,Hatchback,Automatic,Petrol,800cc,125983,4,Rawalpindi,495000
Toyota,Land Cruiser,2020,Luxury,SUV,Manual,Petrol,3.5L,49457,7,Lahore,18200000
Suzuki,Swift,2020,Hatchback,Hatchback,Manual,Petrol,1.3L,89736,5,Multan,1815000
Suzuki,Alto,2026,Economy,Hatchback,Manual,Petrol,660cc,0,4,Peshawar,2385000
Suzuki,Swift,2026,Hatchback,Hatchback,Manual,Petrol,1.3L,8112,5,Multan,3935000
Suzuki,Wagon R,2017,Hatchback,Hatchback,Manual,Petrol,1.0L,110509,5,Faisalabad,890000
Hyundai,Tucson,2022,SUV,SUV,Automatic,Petrol,2.0L,48066,5,Quetta,5470000
Honda,BR-V,2019,Family,SUV,Automatic,Petrol,1.5L,73849,7,Peshawar,2555000
Suzuki,Mehran,2010,Economy,Hatchback,Automatic,Petrol,800cc,217997,4,Multan,225000
Toyota,Corolla,2013,Sedan,Sedan,Automatic,Petrol,1.3L,137956,5,Karachi,1315000
Suzuki,APV,2016,Van,Van,Automatic,Petrol,1.5L,121442,8,Faisalabad,1560000
Toyota,Fortuner,2016,SUV,SUV,Manual,Diesel,2.7L,128986,7,Peshawar,3930000
Toyota,Land Cruiser,2024,Luxury,SUV,Manual,Petrol,3.5L,28147,7,Multan,26950000
Toyota,Land Cruiser,2015,Luxury,SUV,Automatic,Petrol,3.5L,160177,7,Karachi,9035000
Daihatsu,Mira,2023,Economy,Hatchback,Automatic,Petrol,660cc,44656,4,Multan,1770000
Honda,City,2010,Sedan,Sedan,Automatic,Petrol,1.2L,189359,5,Peshawar,825000
Toyota,Yaris,2025,Sedan,Sedan,Automatic,Petrol,1.3L,9828,5,Quetta,4810000
Toyota,Corolla,2020,Sedan,Sedan,Manual,Petrol,1.8L,72825,5,Rawalpindi,3040000
Suzuki,Wagon R,2014,Hatchback,Hatchback,Manual,Petrol,1.0L,136088,5,Multan,550000
Suzuki,APV,2012,Van,Van,Manual,Petrol,1.5L,204868,8,Quetta,700000
Suzuki,Mehran,2022,Economy,Hatchback,Automatic,Petrol,800cc,58099,4,Islamabad,970000
Hyundai,Tucson,2021,SUV,SUV,Automatic,Petrol,2.0L,71367,5,Faisalabad,5185000
Honda,Vezel,2019,Hybrid,SUV,Manual,Hybrid,1.5L Hybrid,94373,5,Faisalabad,3510000
Hyundai,Tucson,2022,SUV,SUV,Automatic,Petrol,2.0L,43425,5,Rawalpindi,5770000
Suzuki,APV,2022,Van,Van,Automatic,Petrol,1.5L,33637,8,Rawalpindi,2985000
KIA,Sportage,2019,SUV,SUV,Manual,Petrol,2.0L,87870,5,Faisalabad,3210000
Suzuki,Wagon R,2019,Hatchback,Hatchback,Manual,Petrol,1.0L,94490,5,Quetta,1175000
Suzuki,Bolan,2016,Economy,Van,Automatic,Petrol,800cc,130990,8,Multan,655000
Suzuki,Swift,2015,Hatchback,Hatchback,Automatic,Petrol,1.3L,144974,5,Rawalpindi,1055000
Suzuki,APV,2011,Van,Van,Automatic,Petrol,1.5L,210395,8,Quetta,690000
Toyota,Prius,2024,Hybrid,Hatchback,Automatic,Hybrid,1.8L Hybrid,30414,5,Peshawar,4875000
KIA,Sportage,2025,SUV,SUV,Automatic,Petrol,2.0L,258,5,Multan,8560000
Suzuki,Cultus,2022,Hatchback,Hatchback,Manual,Petrol,1.0L,34923,5,Faisalabad,1890000
Honda,Vezel,2020,Hybrid,SUV,Automatic,Hybrid,1.5L Hybrid,66925,5,Quetta,4385000
Honda,Civic,2024,Sedan,Sedan,Automatic,Petrol,1.8L,11517,5,Quetta,7560000
Suzuki,Mehran,2018,Economy,Hatchback,Automatic,Petrol,800cc,83104,4,Quetta,630000
Toyota,Yaris,2023,Sedan,Sedan,Manual,Petrol,1.3L,17758,5,Karachi,3640000
Toyota,Fortuner,2012,SUV,SUV,Manual,Petrol,2.8L,160144,7,Rawalpindi,2460000
Suzuki,Alto,2021,Economy,Hatchback,Automatic,Petrol,1.0L,62279,4,Peshawar,1510000
Suzuki,Wagon R,2014,Hatchback,Hatchback,Automatic,Petrol,1.0L,152510,5,Faisalabad,685000
Honda,BR-V,2021,Family,SUV,Automatic,Petrol,1.5L,42707,7,Lahore,4100000
Honda,Civic,2015,Sedan,Sedan,Automatic,Petrol,1.8L,157495,5,Multan,1890000
KIA,Sportage,2024,SUV,SUV,Manual,Petrol,2.0L,25978,5,Multan,6210000
Honda,Vezel,2026,Hybrid,SUV,Automatic,Hybrid,1.5L Hybrid,7364,5,Faisalabad,8655000
Suzuki,Cultus,2025,Hatchback,Hatchback,Manual,Petrol,1.0L,24824,5,Multan,2380000
Suzuki,APV,2009,Van,Van,Manual,Petrol,1.5L,209883,8,Lahore,630000
Toyota,Fortuner,2016,SUV,SUV,Automatic,Diesel,2.8L,99816,7,Multan,4665000
Toyota,Corolla,2020,Sedan,Sedan,Automatic,Petrol,1.8L,64731,5,Multan,3020000
Suzuki,Cultus,2023,Hatchback,Hatchback,Manual,Petrol,1.0L,36672,5,Karachi,2165000
Suzuki,Wagon R,2019,Hatchback,Hatchback,Automatic,Petrol,1.0L,80880,5,Quetta,1270000
Toyota,Prius,2024,Hybrid,Hatchback,Manual,Hybrid,1.8L Hybrid,25190,5,Lahore,5400000
Toyota,Corolla,2022,Sedan,Sedan,Automatic,Petrol,1.3L,42885,5,Multan,4040000
Honda,Vezel,2020,Hybrid,SUV,Automatic,Hybrid,1.5L Hybrid,67658,5,Lahore,3950000
Toyota,Hilux,2023,Pickup,Pickup,Automatic,Diesel,2.8L,38233,5,Karachi,7475000
Daihatsu,Mira,2011,Economy,Hatchback,Manual,Petrol,660cc,169887,4,Multan,350000
Suzuki,Mehran,2026,Economy,Hatchback,Automatic,Petrol,800cc,0,4,Peshawar,1680000
Toyota,Prius,2020,Hybrid,Hatchback,Automatic,Hybrid,1.8L Hybrid,70639,5,Peshawar,3560000
Suzuki,Swift,2022,Hatchback,Hatchback,Manual,Petrol,1.3L,35615,5,Karachi,2735000
Suzuki,APV,2018,Van,Van,Manual,Petrol,1.5L,89294,8,Quetta,1630000
Suzuki,Alto,2015,Economy,Hatchback,Manual,Petrol,660cc,151851,4,Multan,540000
Suzuki,Bolan,2025,Economy,Van,Automatic,Petrol,800cc,12138,8,Rawalpindi,2110000
Hyundai,Tucson,2022,SUV,SUV,Automatic,Petrol,2.0L,44523,5,Faisalabad,5845000
Honda,BR-V,2019,Family,SUV,Manual,Petrol,1.5L,93796,7,Peshawar,2660000
Hyundai,Tucson,2022,SUV,SUV,Automatic,Petrol,2.0L,30807,5,Peshawar,6025000
Toyota,Yaris,2025,Sedan,Sedan,Automatic,Petrol,1.5L,15409,5,Multan,4125000
Honda,Civic,2024,Sedan,Sedan,Automatic,Petrol,1.8L,26854,5,Lahore,7065000
Suzuki,Swift,2011,Hatchback,Hatchback,Manual,Petrol,1.3L,154023,5,Peshawar,580000
Toyota,Hilux,2016,Pickup,Pickup,Manual,Diesel,2.8L,90306,5,Peshawar,2710000
Toyota,Corolla,2012,Sedan,Sedan,Automatic,Petrol,1.6L,191785,5,Faisalabad,1095000
Suzuki,Cultus,2011,Hatchback,Hatchback,Automatic,Petrol,1.0L,201631,5,Lahore,510000
Toyota,Yaris,2024,Sedan,Sedan,Manual,Petrol,1.5L,29345,5,Faisalabad,3565000
Suzuki,APV,2024,Van,Van,Manual,Petrol,1.5L,36413,8,Faisalabad,3455000
Toyota,Hilux,2022,Pickup,Pickup,Manual,Diesel,2.4L,52740,5,Rawalpindi,5625000
Suzuki,Swift,2015,Hatchback,Hatchback,Manual,Petrol,1.3L,94795,5,Faisalabad,1065000
Honda,Civic,2025,Sedan,Sedan,Automatic,Petrol,1.8L,18959,5,Faisalabad,7875000
Hyundai,Tucson,2023,SUV,SUV,Manual,Petrol,2.0L,42196,5,Faisalabad,5730000
Toyota,Fortuner,2021,SUV,SUV,Automatic,Diesel,2.7L,74255,7,Lahore,8730000
Honda,Vezel,2024,Hybrid,SUV,Manual,Hybrid,1.5L Hybrid,16888,5,Quetta,7145000
Suzuki,Mehran,2018,Economy,Hatchback,Automatic,Petrol,800cc,85871,4,Multan,630000
KIA,Sportage,2024,SUV,SUV,Manual,Petrol,2.0L,9007,5,Karachi,7650000
Toyota,Corolla,2017,Sedan,Sedan,Automatic,Petrol,1.6L,117410,5,Quetta,2345000
Suzuki,Swift,2022,Hatchback,Hatchback,Manual,Petrol,1.3L,48826,5,Quetta,2570000
Suzuki,APV,2024,Van,Van,Automatic,Petrol,1.5L,23733,8,Peshawar,3445000
Toyota,Corolla,2025,Sedan,Sedan,Automatic,Petrol,1.6L,7696,5,Faisalabad,5900000
Suzuki,Cultus,2011,Hatchback,Hatchback,Automatic,Petrol,1.0L,167133,5,Rawalpindi,505000
Toyota,Hilux,2013,Pickup,Pickup,Automatic,Diesel,2.8L,190070,5,Multan,1945000
Toyota,Fortuner,2022,SUV,SUV,Manual,Diesel,2.7L,50228,7,Quetta,9440000
Suzuki,APV,2009,Van,Van,Automatic,Petrol,1.5L,162469,8,Karachi,690000
Suzuki,Alto,2019,Economy,Hatchback,Automatic,Petrol,660cc,89462,4,Karachi,1040000
Honda,BR-V,2026,Family,SUV,Automatic,Petrol,1.5L,5935,7,Rawalpindi,7060000
Toyota,Hilux,2021,Pickup,Pickup,Automatic,Diesel,2.8L,60868,5,Islamabad,5445000
Suzuki,APV,2015,Van,Van,Automatic,Petrol,1.5L,147106,8,Multan,1075000
Suzuki,Bolan,2011,Economy,Van,Manual,Petrol,800cc,218232,8,Quetta,305000
Honda,Vezel,2026,Hybrid,SUV,Automatic,Hybrid,1.5L Hybrid,16009,5,Karachi,8275000
Suzuki,Alto,2023,Economy,Hatchback,Manual,Petrol,660cc,34881,4,Multan,1750000
Toyota,Prius,2026,Hybrid,Hatchback,Manual,Hybrid,1.8L Hybrid,13187,5,Islamabad,5770000
Suzuki,Bolan,2015,Economy,Van,Manual,Petrol,800cc,125095,8,Peshawar,555000
Honda,BR-V,2026,Family,SUV,Automatic,Petrol,1.5L,0,7,Rawalpindi,7335000
Suzuki,Mehran,2005,Economy,Hatchback,Automatic,Petrol,800cc,262120,4,Peshawar,255000
Suzuki,Mehran,2019,Economy,Hatchback,Automatic,Petrol,800cc,93851,4,Faisalabad,705000
Toyota,Corolla,2026,Sedan,Sedan,Automatic,Petrol,1.8L,0,5,Faisalabad,6690000
Suzuki,Swift,2012,Hatchback,Hatchback,Automatic,Petrol,1.3L,183317,5,Lahore,830000
Toyota,Hilux,2015,Pickup,Pickup,Automatic,Diesel,2.8L,120586,5,Islamabad,2505000
Daihatsu,Mira,2025,Economy,Hatchback,Automatic,Petrol,660cc,9889,4,Karachi,2375000
Suzuki,Mehran,2018,Economy,Hatchback,Manual,Petrol,800cc,102810,4,Karachi,655000
Daihatsu,Mira,2021,Economy,Hatchback,Manual,Petrol,660cc,46618,4,Multan,1440000
Suzuki,Cultus,2025,Hatchback,Hatchback,Automatic,Petrol,1.0L,5356,5,Lahore,2990000
Suzuki,Wagon R,2018,Hatchback,Hatchback,Manual,Petrol,1.0L,81905,5,Multan,1130000
Honda,Civic,2021,Sedan,Sedan,Automatic,Petrol,1.8L,61250,5,Quetta,4225000
Suzuki,Mehran,2022,Economy,Hatchback,Automatic,Petrol,800cc,42938,4,Rawalpindi,995000
Honda,Civic,2025,Sedan,Sedan,Automatic,Petrol,1.5L Turbo,7974,5,Islamabad,7755000
KIA,Sportage,2025,SUV,SUV,Automatic,Petrol,2.0L,20020,5,Faisalabad,7865000
Toyota,Prius,2019,Hybrid,Hatchback,Manual,Hybrid,1.8L Hybrid,90732,5,Multan,2550000
Toyota,Land Cruiser,2022,Luxury,SUV,Automatic,Petrol,4.6L,47803,7,Rawalpindi,21500000
Suzuki,Bolan,2026,Economy,Van,Automatic,Petrol,800cc,0,8,Rawalpindi,2290000
Toyota,Corolla,2012,Sedan,Sedan,Automatic,Petrol,1.8L,128723,5,Rawalpindi,1115000
Suzuki,Bolan,2016,Economy,Van,Manual,Petrol,800cc,131472,8,Rawalpindi,605000
Daihatsu,Mira,2010,Economy,Hatchback,Manual,Petrol,660cc,148241,4,Islamabad,420000
Toyota,Prius,2018,Hybrid,Hatchback,Manual,Hybrid,1.8L Hybrid,87257,5,Quetta,2400000
Suzuki,Alto,2014,Economy,Hatchback,Automatic,Petrol,1.0L,128972,4,Multan,580000
Honda,BR-V,2024,Family,SUV,Manual,Petrol,1.5L,8592,7,Karachi,5640000
Suzuki,Bolan,2009,Economy,Van,Manual,Petrol,800cc,175868,8,Islamabad,345000
Toyota,Yaris,2020,Sedan,Sedan,Automatic,Petrol,1.3L,73596,5,Quetta,2275000
Suzuki,APV,2023,Van,Van,Automatic,Petrol,1.5L,38833,8,Rawalpindi,3325000
Toyota,Corolla,2019,Sedan,Sedan,Automatic,Petrol,1.3L,91911,5,Lahore,2400000
Suzuki,Alto,2018,Economy,Hatchback,Automatic,Petrol,660cc,109404,4,Karachi,860000
Suzuki,APV,2009,Van,Van,Manual,Petrol,1.5L,178022,8,Islamabad,670000
Honda,City,2014,Sedan,Sedan,Manual,Petrol,1.5L,146858,5,Multan,1240000
Honda,City,2017,Sedan,Sedan,Automatic,Petrol,1.5L,99162,5,Islamabad,1745000
Suzuki,Bolan,2007,Economy,Van,Manual,Petrol,800cc,243735,8,Rawalpindi,335000
Toyota,Land Cruiser,2015,Luxury,SUV,Manual,Petrol,3.5L,148726,7,Islamabad,7980000
Toyota,Fortuner,2015,SUV,SUV,Automatic,Petrol,2.7L,125943,7,Quetta,3610000
Honda,Civic,2018,Sedan,Sedan,Manual,Petrol,1.8L,96711,5,Quetta,2970000
Suzuki,Alto,2021,Economy,Hatchback,Automatic,Petrol,660cc,47143,4,Faisalabad,1515000
Toyota,Fortuner,2024,SUV,SUV,Automatic,Petrol,2.7L,33905,7,Lahore,12695000
Suzuki,Swift,2014,Hatchback,Hatchback,Automatic,Petrol,1.3L,134362,5,Rawalpindi,870000
Suzuki,APV,2016,Van,Van,Automatic,Petrol,1.5L,166439,8,Quetta,1375000
Suzuki,Alto,2025,Economy,Hatchback,Manual,Petrol,660cc,14701,4,Multan,2045000
Honda,Vezel,2017,Hybrid,SUV,Manual,Hybrid,1.5L Hybrid,90690,5,Islamabad,3005000
Suzuki,Bolan,2005,Economy,Van,Manual,Petrol,800cc,249157,8,Islamabad,320000
Toyota,Corolla,2019,Sedan,Sedan,Automatic,Petrol,1.8L,75328,5,Islamabad,3080000
Toyota,Fortuner,2020,SUV,SUV,Manual,Diesel,2.8L,54034,7,Peshawar,7625000
Honda,City,2012,Sedan,Sedan,Automatic,Petrol,1.2L,147623,5,Quetta,1015000
Suzuki,Mehran,2006,Economy,Hatchback,Automatic,Petrol,800cc,250085,4,Quetta,255000
Suzuki,Alto,2019,Economy,Hatchback,Manual,Petrol,1.0L,90467,4,Multan,1025000
Honda,Vezel,2020,Hybrid,SUV,Manual,Hybrid,1.5L Hybrid,72449,5,Islamabad,4070000
Toyota,Prius,2015,Hybrid,Hatchback,Automatic,Hybrid,1.8L Hybrid,118606,5,Rawalpindi,1865000
Honda,BR-V,2022,Family,SUV,Automatic,Petrol,1.5L,41576,7,Peshawar,4235000
Suzuki,Bolan,2016,Economy,Van,Manual,Petrol,800cc,131514,8,Rawalpindi,620000
Suzuki,Swift,2013,Hatchback,Hatchback,Manual,Petrol,1.3L,128343,5,Lahore,900000
Daihatsu,Mira,2023,Economy,Hatchback,Automatic,Petrol,660cc,37222,4,Lahore,1765000
KIA,Sportage,2025,SUV,SUV,Manual,Petrol,2.0L,9352,5,Islamabad,7805000
Suzuki,Alto,2022,Economy,Hatchback,Manual,Petrol,660cc,41458,4,Lahore,1645000
Suzuki,Wagon R,2024,Hatchback,Hatchback,Manual,Petrol,1.0L,23350,5,Karachi,2285000
Suzuki,Cultus,2014,Hatchback,Hatchback,Automatic,Petrol,1.0L,175330,5,Islamabad,705000
Suzuki,Alto,2026,Economy,Hatchback,Automatic,Petrol,1.0L,4816,4,Karachi,2295000
Toyota,Fortuner,2021,SUV,SUV,Automatic,Petrol,2.8L,65224,7,Multan,8575000
Suzuki,Alto,2012,Economy,Hatchback,Automatic,Petrol,660cc,169944,4,Islamabad,450000
Suzuki,Bolan,2007,Economy,Van,Automatic,Petrol,800cc,299984,8,Quetta,315000
Suzuki,Wagon R,2017,Hatchback,Hatchback,Manual,Petrol,1.0L,114709,5,Multan,1045000
Honda,City,2022,Sedan,Sedan,Automatic,Petrol,1.5L,46600,5,Lahore,3750000
Honda,Vezel,2022,Hybrid,SUV,Manual,Hybrid,1.5L Hybrid,58947,5,Islamabad,5335000
Honda,BR-V,2023,Family,SUV,Manual,Petrol,1.5L,47876,7,Multan,3855000
Honda,Vezel,2017,Hybrid,SUV,Automatic,Hybrid,1.5L Hybrid,139743,5,Peshawar,2610000
Suzuki,Wagon R,2021,Hatchback,Hatchback,Manual,Petrol,1.0L,66842,5,Quetta,1355000
Toyota,Land Cruiser,2026,Luxury,SUV,Manual,Petrol,4.6L,4190,7,Rawalpindi,33930000
Toyota,Yaris,2022,Sedan,Sedan,Automatic,Petrol,1.5L,65065,5,Faisalabad,2895000
Hyundai,Tucson,2021,SUV,SUV,Manual,Petrol,2.0L,68172,5,Karachi,4750000
Toyota,Land Cruiser,2012,Luxury,SUV,Automatic,Petrol,4.6L,147372,7,Lahore,6485000
Honda,Vezel,2017,Hybrid,SUV,Automatic,Hybrid,1.5L Hybrid,104100,5,Islamabad,3185000
Suzuki,Alto,2021,Economy,Hatchback,Manual,Petrol,660cc,56833,4,Rawalpindi,1460000
Suzuki,Bolan,2016,Economy,Van,Manual,Petrol,800cc,124021,8,Lahore,595000
KIA,Sportage,2023,SUV,SUV,Manual,Petrol,2.0L,42246,5,Faisalabad,5260000
Toyota,Yaris,2022,Sedan,Sedan,Manual,Petrol,1.3L,55741,5,Quetta,2595000
Toyota,Fortuner,2015,SUV,SUV,Automatic,Diesel,2.7L,153883,7,Faisalabad,3660000
Suzuki,APV,2011,Van,Van,Manual,Petrol,1.5L,183526,8,Quetta,715000
Suzuki,Swift,2011,Hatchback,Hatchback,Manual,Petrol,1.3L,177614,5,Quetta,645000
Honda,BR-V,2026,Family,SUV,Automatic,Petrol,1.5L,4355,7,Multan,5615000
Suzuki,Alto,2017,Economy,Hatchback,Automatic,Petrol,660cc,103723,4,Peshawar,815000
KIA,Sportage,2024,SUV,SUV,Manual,Petrol,2.0L,21282,5,Peshawar,5800000
Honda,Civic,2024,Sedan,Sedan,Automatic,Petrol,1.5L Turbo,18241,5,Lahore,8240000
Suzuki,Bolan,2016,Economy,Van,Manual,Petrol,800cc,122301,8,Peshawar,555000
Toyota,Corolla,2013,Sedan,Sedan,Manual,Petrol,1.6L,151546,5,Quetta,1160000
Hyundai,Tucson,2022,SUV,SUV,Automatic,Petrol,2.0L,44386,5,Quetta,5720000
KIA,Sportage,2024,SUV,SUV,Manual,Petrol,2.0L,25853,5,Peshawar,6475000
Honda,City,2021,Sedan,Sedan,Automatic,Petrol,1.2L,53038,5,Lahore,3185000
Honda,Civic,2021,Sedan,Sedan,Manual,Petrol,1.5L Turbo,69518,5,Multan,4350000
Toyota,Prius,2014,Hybrid,Hatchback,Automatic,Hybrid,1.8L Hybrid,129660,5,Multan,1520000
KIA,Sportage,2026,SUV,SUV,Automatic,Petrol,2.0L,0,5,Rawalpindi,9570000
Suzuki,Cultus,2016,Hatchback,Hatchback,Manual,Petrol,1.0L,152319,5,Quetta,800000
Honda,Vezel,2020,Hybrid,SUV,Manual,Hybrid,1.5L Hybrid,77630,5,Rawalpindi,4110000
KIA,Sportage,2021,SUV,SUV,Manual,Petrol,2.0L,67824,5,Karachi,4320000
Suzuki,Bolan,2007,Economy,Van,Manual,Petrol,800cc,189117,8,Multan,315000
Honda,Civic,2014,Sedan,Sedan,Manual,Petrol,1.8L,154619,5,Peshawar,1545000
Hyundai,Tucson,2021,SUV,SUV,Automatic,Petrol,2.0L,61790,5,Islamabad,5720000
Suzuki,Bolan,2025,Economy,Van,Automatic,Petrol,800cc,22193,8,Rawalpindi,1745000
Hyundai,Tucson,2021,SUV,SUV,Automatic,Petrol,2.0L,65597,5,Islamabad,5445000
Hyundai,Tucson,2020,SUV,SUV,Manual,Petrol,2.0L,73413,5,Islamabad,4095000
Toyota,Prius,2012,Hybrid,Hatchback,Automatic,Hybrid,1.8L Hybrid,152410,5,Faisalabad,1165000
Suzuki,Mehran,2016,Economy,Hatchback,Automatic,Petrol,800cc,153480,4,Lahore,420000
KIA,Sportage,2026,SUV,SUV,Automatic,Petrol,2.0L,0,5,Rawalpindi,8695000
Daihatsu,Mira,2012,Economy,Hatchback,Automatic,Petrol,660cc,170431,4,Islamabad,455000
Suzuki,Mehran,2017,Economy,Hatchback,Automatic,Petrol,800cc,98187,4,Karachi,585000
Toyota,Land Cruiser,2012,Luxury,SUV,Manual,Petrol,3.5L,197094,7,Quetta,5825000
Suzuki,Bolan,2026,Economy,Van,Automatic,Petrol,800cc,0,8,Multan,2110000
Daihatsu,Mira,2026,Economy,Hatchback,Automatic,Petrol,660cc,2666,4,Islamabad,2760000
Toyota,Corolla,2016,Sedan,Sedan,Manual,Petrol,1.3L,115990,5,Faisalabad,1755000
Toyota,Prius,2022,Hybrid,Hatchback,Manual,Hybrid,1.8L Hybrid,57361,5,Islamabad,3720000
Hyundai,Tucson,2026,SUV,SUV,Automatic,Petrol,2.0L,0,5,Multan,10010000
Suzuki,APV,2020,Van,Van,Manual,Petrol,1.5L,94903,8,Lahore,2275000
Toyota,Fortuner,2024,SUV,SUV,Automatic,Petrol,2.7L,18939,7,Multan,11625000
Suzuki,APV,2017,Van,Van,Automatic,Petrol,1.5L,90976,8,Faisalabad,1450000
Honda,Civic,2023,Sedan,Sedan,Manual,Petrol,1.8L,22594,5,Quetta,5650000
Toyota,Yaris,2022,Sedan,Sedan,Manual,Petrol,1.3L,69042,5,Lahore,2790000
KIA,Sportage,2026,SUV,SUV,Manual,Petrol,2.0L,5668,5,Rawalpindi,7280000
Toyota,Land Cruiser,2020,Luxury,SUV,Automatic,Petrol,4.6L,96464,7,Quetta,14935000
Suzuki,Swift,2025,Hatchback,Hatchback,Manual,Petrol,1.3L,9996,5,Islamabad,3835000
Honda,BR-V,2017,Family,SUV,Automatic,Petrol,1.5L,113361,7,Lahore,2035000
Honda,BR-V,2022,Family,SUV,Automatic,Petrol,1.5L,43410,7,Islamabad,4245000
Toyota,Fortuner,2023,SUV,SUV,Manual,Petrol,2.7L,25880,7,Islamabad,11460000
Hyundai,Tucson,2025,SUV,SUV,Manual,Petrol,2.0L,13194,5,Faisalabad,7770000
Suzuki,Wagon R,2022,Hatchback,Hatchback,Manual,Petrol,1.0L,35520,5,Faisalabad,1665000
Suzuki,APV,2022,Van,Van,Manual,Petrol,1.5L,37416,8,Quetta,2730000
Daihatsu,Mira,2024,Economy,Hatchback,Manual,Petrol,660cc,13741,4,Islamabad,1970000
Honda,Vezel,2016,Hybrid,SUV,Automatic,Hybrid,1.5L Hybrid,128584,5,Karachi,2360000
Toyota,Fortuner,2012,SUV,SUV,Automatic,Petrol,2.8L,143359,7,Peshawar,2495000
Daihatsu,Mira,2017,Economy,Hatchback,Manual,Petrol,660cc,119348,4,Peshawar,790000
Suzuki,Alto,2017,Economy,Hatchback,Manual,Petrol,660cc,100145,4,Lahore,875000
Toyota,Land Cruiser,2013,Luxury,SUV,Manual,Petrol,4.6L,168052,7,Peshawar,5585000
Honda,BR-V,2020,Family,SUV,Automatic,Petrol,1.5L,50485,7,Peshawar,3195000
Suzuki,APV,2014,Van,Van,Manual,Petrol,1.5L,146321,8,Karachi,1130000
Toyota,Corolla,2011,Sedan,Sedan,Manual,Petrol,1.6L,183105,5,Lahore,950000
KIA,Sportage,2025,SUV,SUV,Manual,Petrol,2.0L,11965,5,Multan,6890000
Toyota,Prius,2015,Hybrid,Hatchback,Automatic,Hybrid,1.8L Hybrid,129369,5,Lahore,1615000
Suzuki,Wagon R,2015,Hatchback,Hatchback,Manual,Petrol,1.0L,141799,5,Quetta,715000
KIA,Sportage,2022,SUV,SUV,Automatic,Petrol,2.0L,32797,5,Rawalpindi,5145000
Suzuki,Alto,2022,Economy,Hatchback,Manual,Petrol,660cc,44724,4,Peshawar,1275000
Suzuki,Cultus,2017,Hatchback,Hatchback,Automatic,Petrol,1.0L,137445,5,Lahore,1010000
Honda,Vezel,2018,Hybrid,SUV,Automatic,Hybrid,1.5L Hybrid,93529,5,Quetta,2680000
Suzuki,Cultus,2023,Hatchback,Hatchback,Automatic,Petrol,1.0L,47232,5,Peshawar,1890000
Suzuki,Cultus,2021,Hatchback,Hatchback,Manual,Petrol,1.0L,58696,5,Lahore,1575000
Suzuki,Mehran,2007,Economy,Hatchback,Manual,Petrol,800cc,207587,4,Faisalabad,250000
Honda,BR-V,2023,Family,SUV,Automatic,Petrol,1.5L,41622,7,Karachi,4640000
Honda,City,2022,Sedan,Sedan,Manual,Petrol,1.2L,57390,5,Multan,3260000
Suzuki,APV,2012,Van,Van,Manual,Petrol,1.5L,156660,8,Rawalpindi,795000
KIA,Sportage,2019,SUV,SUV,Automatic,Petrol,2.0L,99470,5,Islamabad,3680000
Suzuki,Mehran,2026,Economy,Hatchback,Manual,Petrol,800cc,1942,4,Multan,1555000
Toyota,Yaris,2020,Sedan,Sedan,Manual,Petrol,1.3L,62773,5,Faisalabad,2170000
Suzuki,Cultus,2017,Hatchback,Hatchback,Automatic,Petrol,1.0L,101944,5,Karachi,980000
Honda,Vezel,2024,Hybrid,SUV,Automatic,Hybrid,1.5L Hybrid,31145,5,Faisalabad,6605000
Toyota,Prius,2010,Hybrid,Hatchback,Automatic,Hybrid,1.8L Hybrid,232566,5,Faisalabad,935000
Toyota,Hilux,2017,Pickup,Pickup,Manual,Diesel,2.4L,123802,5,Karachi,3295000
Toyota,Prius,2014,Hybrid,Hatchback,Manual,Hybrid,1.8L Hybrid,148248,5,Faisalabad,1315000
Honda,Civic,2026,Sedan,Sedan,Manual,Petrol,1.5L Turbo,0,5,Quetta,8535000
Toyota,Prius,2022,Hybrid,Hatchback,Automatic,Hybrid,1.8L Hybrid,32001,5,Quetta,4415000
Toyota,Corolla,2014,Sedan,Sedan,Manual,Petrol,1.3L,110984,5,Rawalpindi,1425000
Suzuki,APV,2024,Van,Van,Manual,Petrol,1.5L,22030,8,Rawalpindi,3420000
Suzuki,Cultus,2013,Hatchback,Hatchback,Automatic,Petrol,1.0L,127296,5,Faisalabad,615000
Toyota,Prius,2011,Hybrid,Hatchback,Automatic,Hybrid,1.8L Hybrid,129358,5,Lahore,1050000
Honda,City,2012,Sedan,Sedan,Automatic,Petrol,1.2L,144704,5,Multan,810000
Suzuki,Mehran,2012,Economy,Hatchback,Manual,Petrol,800cc,145921,4,Faisalabad,265000
Toyota,Prius,2026,Hybrid,Hatchback,Manual,Hybrid,1.8L Hybrid,0,5,Islamabad,6935000
Suzuki,Bolan,2026,Economy,Van,Automatic,Petrol,800cc,568,8,Peshawar,2285000
Suzuki,Cultus,2020,Hatchback,Hatchback,Manual,Petrol,1.0L,66345,5,Islamabad,1640000
Toyota,Corolla,2018,Sedan,Sedan,Manual,Petrol,1.8L,129053,5,Karachi,2325000
Honda,Vezel,2023,Hybrid,SUV,Manual,Hybrid,1.5L Hybrid,31931,5,Faisalabad,6265000
Hyundai,Tucson,2022,SUV,SUV,Manual,Petrol,2.0L,50142,5,Quetta,5410000
Honda,Civic,2017,Sedan,Sedan,Automatic,Petrol,1.5L Turbo,120031,5,Peshawar,2525000
Honda,BR-V,2023,Family,SUV,Manual,Petrol,1.5L,33724,7,Quetta,4360000
Suzuki,Cultus,2025,Hatchback,Hatchback,Automatic,Petrol,1.0L,19438,5,Islamabad,2880000
Suzuki,Cultus,2018,Hatchback,Hatchback,Manual,Petrol,1.0L,92873,5,Faisalabad,1090000
Toyota,Fortuner,2022,SUV,SUV,Automatic,Diesel,2.7L,57790,7,Quetta,9300000
Toyota,Prius,2013,Hybrid,Hatchback,Manual,Hybrid,1.8L Hybrid,152465,5,Peshawar,1305000
Toyota,Hilux,2014,Pickup,Pickup,Manual,Diesel,2.8L,144784,5,Quetta,1865000
Honda,BR-V,2026,Family,SUV,Automatic,Petrol,1.5L,6467,7,Faisalabad,7025000
Honda,City,2012,Sedan,Sedan,Manual,Petrol,1.5L,227681,5,Faisalabad,855000
Toyota,Hilux,2015,Pickup,Pickup,Automatic,Diesel,2.4L,121528,5,Multan,2555000
Honda,BR-V,2020,Family,SUV,Manual,Petrol,1.5L,71755,7,Multan,2560000
Honda,BR-V,2017,Family,SUV,Manual,Petrol,1.5L,102068,7,Quetta,1995000
Honda,City,2013,Sedan,Sedan,Automatic,Petrol,1.5L,140139,5,Lahore,1155000
Suzuki,Cultus,2010,Hatchback,Hatchback,Automatic,Petrol,1.0L,190047,5,Faisalabad,455000
Honda,Civic,2025,Sedan,Sedan,Manual,Petrol,1.8L,4950,5,Quetta,7090000
Daihatsu,Mira,2026,Economy,Hatchback,Manual,Petrol,660cc,0,4,Rawalpindi,2410000
Toyota,Hilux,2023,Pickup,Pickup,Automatic,Diesel,2.4L,32495,5,Faisalabad,6250000
Suzuki,Mehran,2007,Economy,Hatchback,Automatic,Petrol,800cc,259565,4,Lahore,275000
Suzuki,Bolan,2023,Economy,Van,Automatic,Petrol,800cc,40737,8,Lahore,1690000
Toyota,Fortuner,2019,SUV,SUV,Manual,Diesel,2.8L,91513,7,Faisalabad,6105000
Suzuki,APV,2024,Van,Van,Manual,Petrol,1.5L,32684,8,Rawalpindi,3105000
Suzuki,APV,2022,Van,Van,Automatic,Petrol,1.5L,49518,8,Faisalabad,2820000
Suzuki,Wagon R,2016,Hatchback,Hatchback,Manual,Petrol,1.0L,125912,5,Faisalabad,745000
Suzuki,Mehran,2011,Economy,Hatchback,Automatic,Petrol,800cc,184076,4,Peshawar,230000
KIA,Sportage,2021,SUV,SUV,Automatic,Petrol,2.0L,59081,5,Karachi,5395000
Toyota,Fortuner,2014,SUV,SUV,Automatic,Petrol,2.8L,147197,7,Karachi,3255000
Toyota,Fortuner,2020,SUV,SUV,Manual,Petrol,2.8L,99495,7,Peshawar,6720000
Toyota,Hilux,2012,Pickup,Pickup,Manual,Diesel,2.4L,207450,5,Multan,1480000
Toyota,Fortuner,2021,SUV,SUV,Automatic,Petrol,2.7L,68422,7,Peshawar,7135000
Toyota,Fortuner,2022,SUV,SUV,Manual,Diesel,2.7L,65730,7,Rawalpindi,8665000
Suzuki,Mehran,2025,Economy,Hatchback,Automatic,Petrol,800cc,26325,4,Karachi,1485000
Suzuki,Swift,2012,Hatchback,Hatchback,Automatic,Petrol,1.3L,154239,5,Multan,720000
Hyundai,Tucson,2026,SUV,SUV,Manual,Petrol,2.0L,3652,5,Faisalabad,9000000
Honda,Civic,2018,Sedan,Sedan,Manual,Petrol,1.8L,111763,5,Islamabad,3145000
Toyota,Yaris,2025,Sedan,Sedan,Automatic,Petrol,1.5L,17599,5,Multan,3970000
Suzuki,Mehran,2005,Economy,Hatchback,Automatic,Petrol,800cc,252962,4,Lahore,280000
Honda,City,2024,Sedan,Sedan,Manual,Petrol,1.5L,9379,5,Quetta,4930000
Suzuki,Cultus,2014,Hatchback,Hatchback,Manual,Petrol,1.0L,127506,5,Peshawar,665000
KIA,Sportage,2022,SUV,SUV,Manual,Petrol,2.0L,64959,5,Peshawar,4370000
Daihatsu,Mira,2026,Economy,Hatchback,Manual,Petrol,660cc,9975,4,Islamabad,2485000
Honda,BR-V,2024,Family,SUV,Automatic,Petrol,1.5L,21738,7,Multan,5435000
Honda,City,2015,Sedan,Sedan,Automatic,Petrol,1.2L,116203,5,Islamabad,1655000
Honda,City,2017,Sedan,Sedan,Automatic,Petrol,1.2L,126117,5,Multan,1775000
Honda,City,2021,Sedan,Sedan,Manual,Petrol,1.2L,58121,5,Quetta,3045000
Honda,BR-V,2025,Family,SUV,Automatic,Petrol,1.5L,7203,7,Lahore,6475000
Toyota,Land Cruiser,2018,Luxury,SUV,Manual,Petrol,3.5L,88867,7,Lahore,13365000
Toyota,Prius,2016,Hybrid,Hatchback,Manual,Hybrid,1.8L Hybrid,129650,5,Peshawar,1870000
Toyota,Corolla,2009,Sedan,Sedan,Manual,Petrol,1.8L,212254,5,Peshawar,1010000
Suzuki,Cultus,2025,Hatchback,Hatchback,Manual,Petrol,1.0L,14474,5,Islamabad,2700000
Suzuki,Mehran,2008,Economy,Hatchback,Automatic,Petrol,800cc,195309,4,Faisalabad,250000
KIA,Sportage,2021,SUV,SUV,Automatic,Petrol,2.0L,55820,5,Rawalpindi,4715000
Suzuki,Cultus,2014,Hatchback,Hatchback,Manual,Petrol,1.0L,135305,5,Quetta,600000
Honda,Vezel,2016,Hybrid,SUV,Manual,Hybrid,1.5L Hybrid,116862,5,Rawalpindi,2275000
KIA,Sportage,2019,SUV,SUV,Automatic,Petrol,2.0L,51512,5,Islamabad,4230000
Toyota,Corolla,2009,Sedan,Sedan,Automatic,Petrol,1.8L,238866,5,Quetta,1125000
Toyota,Yaris,2022,Sedan,Sedan,Automatic,Petrol,1.3L,60681,5,Peshawar,3290000
Toyota,Land Cruiser,2022,Luxury,SUV,Automatic,Petrol,3.5L,60428,7,Faisalabad,20260000
Toyota,Hilux,2026,Pickup,Pickup,Automatic,Diesel,2.4L,3896,5,Peshawar,9410000
Toyota,Fortuner,2014,SUV,SUV,Automatic,Diesel,2.7L,152695,7,Islamabad,3345000
Honda,Vezel,2022,Hybrid,SUV,Automatic,Hybrid,1.5L Hybrid,48866,5,Rawalpindi,5320000
Toyota,Land Cruiser,2025,Luxury,SUV,Manual,Petrol,3.5L,5155,7,Lahore,34035000
Honda,Vezel,2022,Hybrid,SUV,Manual,Hybrid,1.5L Hybrid,39869,5,Quetta,4910000
Suzuki,Swift,2026,Hatchback,Hatchback,Manual,Petrol,1.3L,70,5,Rawalpindi,4130000
Honda,City,2012,Sedan,Sedan,Automatic,Petrol,1.5L,154915,5,Quetta,925000
Toyota,Yaris,2023,Sedan,Sedan,Manual,Petrol,1.5L,19518,5,Peshawar,3100000
Suzuki,Cultus,2021,Hatchback,Hatchback,Automatic,Petrol,1.0L,65654,5,Islamabad,1750000
Honda,Vezel,2025,Hybrid,SUV,Manual,Hybrid,1.5L Hybrid,7597,5,Peshawar,7195000
KIA,Sportage,2019,SUV,SUV,Manual,Petrol,2.0L,79962,5,Karachi,3510000
Honda,Civic,2018,Sedan,Sedan,Automatic,Petrol,1.8L,122376,5,Multan,2905000
Toyota,Hilux,2013,Pickup,Pickup,Automatic,Diesel,2.8L,133084,5,Karachi,2015000
Suzuki,Swift,2015,Hatchback,Hatchback,Automatic,Petrol,1.3L,116128,5,Peshawar,1050000
Suzuki,Swift,2017,Hatchback,Hatchback,Automatic,Petrol,1.3L,115084,5,Islamabad,1435000
Toyota,Hilux,2025,Pickup,Pickup,Manual,Diesel,2.8L,0,5,Islamabad,9555000
Toyota,Hilux,2016,Pickup,Pickup,Automatic,Diesel,2.8L,99425,5,Peshawar,2940000
Suzuki,Bolan,2018,Economy,Van,Automatic,Petrol,800cc,78496,8,Islamabad,795000
KIA,Sportage,2021,SUV,SUV,Automatic,Petrol,2.0L,73777,5,Islamabad,4780000
Suzuki,Mehran,2025,Economy,Hatchback,Manual,Petrol,800cc,21827,4,Faisalabad,1380000
Suzuki,Swift,2018,Hatchback,Hatchback,Automatic,Petrol,1.3L,117909,5,Multan,1500000
Daihatsu,Mira,2021,Economy,Hatchback,Manual,Petrol,660cc,72476,4,Faisalabad,1230000
KIA,Sportage,2020,SUV,SUV,Manual,Petrol,2.0L,89019,5,Lahore,3870000
Toyota,Prius,2020,Hybrid,Hatchback,Automatic,Hybrid,1.8L Hybrid,93116,5,Quetta,2960000
Honda,City,2022,Sedan,Sedan,Automatic,Petrol,1.5L,47283,5,Peshawar,3115000
Toyota,Hilux,2025,Pickup,Pickup,Manual,Diesel,2.4L,31994,5,Islamabad,8285000
Suzuki,Swift,2012,Hatchback,Hatchback,Manual,Petrol,1.3L,207822,5,Islamabad,565000
Honda,Vezel,2024,Hybrid,SUV,Automatic,Hybrid,1.5L Hybrid,0,5,Multan,7345000
Suzuki,Swift,2024,Hatchback,Hatchback,Automatic,Petrol,1.3L,26869,5,Karachi,3325000
Toyota,Yaris,2025,Sedan,Sedan,Manual,Petrol,1.5L,1696,5,Karachi,4675000
Toyota,Fortuner,2016,SUV,SUV,Automatic,Petrol,2.7L,137364,7,Lahore,4295000
Toyota,Prius,2013,Hybrid,Hatchback,Automatic,Hybrid,1.8L Hybrid,138946,5,Rawalpindi,1410000
Hyundai,Tucson,2021,SUV,SUV,Automatic,Petrol,2.0L,56812,5,Karachi,5105000
Toyota,Land Cruiser,2014,Luxury,SUV,Manual,Petrol,4.6L,163195,7,Faisalabad,7655000
Hyundai,Tucson,2026,SUV,SUV,Manual,Petrol,2.0L,11210,5,Islamabad,9740000
Suzuki,Swift,2023,Hatchback,Hatchback,Automatic,Petrol,1.3L,32947,5,Rawalpindi,2885000
Suzuki,Alto,2022,Economy,Hatchback,Manual,Petrol,660cc,41123,4,Faisalabad,1495000
Toyota,Hilux,2011,Pickup,Pickup,Automatic,Diesel,2.8L,146328,5,Faisalabad,1625000
Honda,Vezel,2019,Hybrid,SUV,Manual,Hybrid,1.5L Hybrid,80261,5,Quetta,3450000
Honda,Civic,2014,Sedan,Sedan,Automatic,Petrol,1.5L Turbo,180426,5,Karachi,1895000
Toyota,Land Cruiser,2021,Luxury,SUV,Manual,Petrol,4.6L,73047,7,Karachi,17595000
Daihatsu,Mira,2017,Economy,Hatchback,Automatic,Petrol,660cc,100102,4,Islamabad,785000
Toyota,Corolla,2014,Sedan,Sedan,Manual,Petrol,1.8L,160671,5,Lahore,1540000
Toyota,Prius,2026,Hybrid,Hatchback,Manual,Hybrid,1.8L Hybrid,0,5,Karachi,7000000
Toyota,Hilux,2015,Pickup,Pickup,Automatic,Diesel,2.4L,156354,5,Peshawar,2330000
Honda,Vezel,2014,Hybrid,SUV,Manual,Hybrid,1.5L Hybrid,168925,5,Multan,1780000
Toyota,Prius,2010,Hybrid,Hatchback,Manual,Hybrid,1.8L Hybrid,192632,5,Lahore,1040000
Suzuki,Swift,2014,Hatchback,Hatchback,Automatic,Petrol,1.3L,168491,5,Lahore,960000
Honda,BR-V,2022,Family,SUV,Manual,Petrol,1.5L,48155,7,Lahore,3500000
KIA,Sportage,2024,SUV,SUV,Manual,Petrol,2.0L,18953,5,Islamabad,7300000
Toyota,Hilux,2018,Pickup,Pickup,Automatic,Diesel,2.4L,92209,5,Multan,3915000
Toyota,Yaris,2020,Sedan,Sedan,Manual,Petrol,1.5L,70112,5,Karachi,2320000
Toyota,Yaris,2020,Sedan,Sedan,Automatic,Petrol,1.5L,83605,5,Islamabad,2625000
Suzuki,Alto,2014,Economy,Hatchback,Manual,Petrol,660cc,125160,4,Multan,545000
Suzuki,Wagon R,2023,Hatchback,Hatchback,Automatic,Petrol,1.0L,38463,5,Rawalpindi,1855000
Toyota,Land Cruiser,2015,Luxury,SUV,Manual,Petrol,4.6L,149115,7,Multan,8715000
Suzuki,Alto,2021,Economy,Hatchback,Automatic,Petrol,660cc,82609,4,Multan,1355000
Toyota,Corolla,2009,Sedan,Sedan,Automatic,Petrol,1.8L,207613,5,Faisalabad,925000
Suzuki,Bolan,2007,Economy,Van,Automatic,Petrol,800cc,252828,8,Quetta,315000
Suzuki,Wagon R,2021,Hatchback,Hatchback,Manual,Petrol,1.0L,72887,5,Islamabad,1475000
Suzuki,Wagon R,2024,Hatchback,Hatchback,Manual,Petrol,1.0L,29850,5,Islamabad,2405000
Toyota,Corolla,2017,Sedan,Sedan,Automatic,Petrol,1.8L,86997,5,Islamabad,2270000
Suzuki,Cultus,2026,Hatchback,Hatchback,Automatic,Petrol,1.0L,13776,5,Multan,2765000
Honda,Vezel,2022,Hybrid,SUV,Manual,Hybrid,1.5L Hybrid,66710,5,Multan,4795000
Suzuki,Bolan,2009,Economy,Van,Manual,Petrol,800cc,190627,8,Multan,305000
Honda,BR-V,2019,Family,SUV,Manual,Petrol,1.5L,106483,7,Faisalabad,2930000
KIA,Sportage,2025,SUV,SUV,Automatic,Petrol,2.0L,13362,5,Lahore,7480000
Hyundai,Tucson,2021,SUV,SUV,Automatic,Petrol,2.0L,65538,5,Peshawar,4645000
Suzuki,Bolan,2019,Economy,Van,Automatic,Petrol,800cc,72687,8,Faisalabad,975000
Toyota,Land Cruiser,2015,Luxury,SUV,Automatic,Petrol,3.5L,152114,7,Faisalabad,8500000
Suzuki,Alto,2014,Economy,Hatchback,Automatic,Petrol,660cc,145740,4,Faisalabad,630000
Honda,BR-V,2021,Family,SUV,Manual,Petrol,1.5L,67894,7,Peshawar,3105000
Daihatsu,Mira,2015,Economy,Hatchback,Automatic,Petrol,660cc,114933,4,Multan,575000
Daihatsu,Mira,2018,Economy,Hatchback,Automatic,Petrol,660cc,131693,4,Faisalabad,860000
Daihatsu,Mira,2017,Economy,Hatchback,Automatic,Petrol,660cc,125213,4,Islamabad,875000
Honda,Vezel,2017,Hybrid,SUV,Automatic,Hybrid,1.5L Hybrid,113048,5,Quetta,2715000
Honda,Vezel,2024,Hybrid,SUV,Manual,Hybrid,1.5L Hybrid,18201,5,Karachi,7675000
Suzuki,Mehran,2025,Economy,Hatchback,Manual,Petrol,800cc,6333,4,Multan,1455000
Suzuki,Cultus,2012,Hatchback,Hatchback,Manual,Petrol,1.0L,154462,5,Quetta,450000
Daihatsu,Mira,2024,Economy,Hatchback,Manual,Petrol,660cc,27789,4,Rawalpindi,1820000
Suzuki,Cultus,2010,Hatchback,Hatchback,Manual,Petrol,1.0L,179045,5,Faisalabad,445000
Honda,City,2026,Sedan,Sedan,Manual,Petrol,1.5L,0,5,Lahore,5970000
Toyota,Prius,2018,Hybrid,Hatchback,Automatic,Hybrid,1.8L Hybrid,110119,5,Lahore,2345000
Suzuki,Mehran,2008,Economy,Hatchback,Manual,Petrol,800cc,250671,4,Multan,225000
Daihatsu,Mira,2017,Economy,Hatchback,Manual,Petrol,660cc,84868,4,Lahore,770000
Toyota,Yaris,2026,Sedan,Sedan,Automatic,Petrol,1.3L,0,5,Peshawar,4930000
Daihatsu,Mira,2022,Economy,Hatchback,Automatic,Petrol,660cc,43161,4,Quetta,1555000
Suzuki,Wagon R,2021,Hatchback,Hatchback,Automatic,Petrol,1.0L,64566,5,Multan,1470000
Toyota,Hilux,2017,Pickup,Pickup,Automatic,Diesel,2.4L,105611,5,Faisalabad,2855000
Toyota,Prius,2023,Hybrid,Hatchback,Automatic,Hybrid,1.8L Hybrid,36463,5,Peshawar,4005000
Honda,Vezel,2016,Hybrid,SUV,Automatic,Hybrid,1.5L Hybrid,110106,5,Quetta,2275000
Toyota,Prius,2020,Hybrid,Hatchback,Manual,Hybrid,1.8L Hybrid,68294,5,Karachi,3550000
Honda,BR-V,2023,Family,SUV,Automatic,Petrol,1.5L,10643,7,Islamabad,4980000
Toyota,Prius,2016,Hybrid,Hatchback,Manual,Hybrid,1.8L Hybrid,134271,5,Lahore,1820000
Toyota,Land Cruiser,2017,Luxury,SUV,Manual,Petrol,3.5L,84761,7,Peshawar,10430000
Suzuki,APV,2020,Van,Van,Automatic,Petrol,1.5L,71627,8,Islamabad,2320000
Honda,City,2022,Sedan,Sedan,Automatic,Petrol,1.5L,41088,5,Rawalpindi,3825000
Suzuki,Mehran,2024,Economy,Hatchback,Automatic,Petrol,800cc,41391,4,Faisalabad,1265000
Daihatsu,Mira,2022,Economy,Hatchback,Automatic,Petrol,660cc,50506,4,Peshawar,1485000
KIA,Sportage,2024,SUV,SUV,Manual,Petrol,2.0L,35156,5,Multan,6115000
Suzuki,Alto,2020,Economy,Hatchback,Manual,Petrol,1.0L,86531,4,Multan,1060000
Daihatsu,Mira,2024,Economy,Hatchback,Automatic,Petrol,660cc,19320,4,Lahore,2245000
Toyota,Corolla,2008,Sedan,Sedan,Manual,Petrol,1.8L,264125,5,Karachi,1065000
Daihatsu,Mira,2026,Economy,Hatchback,Automatic,Petrol,660cc,4302,4,Faisalabad,2810000
Toyota,Land Cruiser,2025,Luxury,SUV,Manual,Petrol,4.6L,17083,7,Lahore,32220000
Suzuki,Swift,2026,Hatchback,Hatchback,Automatic,Petrol,1.3L,602,5,Karachi,4830000
Toyota,Corolla,2017,Sedan,Sedan,Automatic,Petrol,1.3L,110585,5,Lahore,2290000
Hyundai,Tucson,2020,SUV,SUV,Automatic,Petrol,2.0L,86697,5,Islamabad,4845000
Suzuki,Alto,2016,Economy,Hatchback,Manual,Petrol,1.0L,108563,4,Quetta,650000
Toyota,Prius,2025,Hybrid,Hatchback,Automatic,Hybrid,1.8L Hybrid,11987,5,Quetta,6060000
Suzuki,Mehran,2013,Economy,Hatchback,Automatic,Petrol,800cc,141624,4,Rawalpindi,340000
Suzuki,Alto,2019,Economy,Hatchback,Manual,Petrol,660cc,97884,4,Karachi,1015000
Honda,City,2012,Sedan,Sedan,Automatic,Petrol,1.5L,201751,5,Faisalabad,1035000
Suzuki,Cultus,2013,Hatchback,Hatchback,Manual,Petrol,1.0L,208477,5,Islamabad,560000
Honda,Vezel,2021,Hybrid,SUV,Automatic,Hybrid,1.5L Hybrid,61160,5,Quetta,4290000
Suzuki,Bolan,2026,Economy,Van,Manual,Petrol,800cc,0,8,Lahore,2205000
Hyundai,Tucson,2026,SUV,SUV,Automatic,Petrol,2.0L,16248,5,Karachi,9855000
Toyota,Corolla,2011,Sedan,Sedan,Automatic,Petrol,1.8L,215116,5,Lahore,915000
Honda,BR-V,2020,Family,SUV,Automatic,Petrol,1.5L,73045,7,Lahore,3340000
Toyota,Yaris,2020,Sedan,Sedan,Manual,Petrol,1.3L,63679,5,Karachi,2400000
Suzuki,Alto,2021,Economy,Hatchback,Automatic,Petrol,660cc,72373,4,Rawalpindi,1230000
Suzuki,Swift,2015,Hatchback,Hatchback,Manual,Petrol,1.3L,134247,5,Islamabad,1035000
Suzuki,Cultus,2025,Hatchback,Hatchback,Automatic,Petrol,1.0L,24984,5,Lahore,2555000
Honda,BR-V,2023,Family,SUV,Manual,Petrol,1.5L,23570,7,Lahore,4830000
Toyota,Hilux,2010,Pickup,Pickup,Automatic,Diesel,2.4L,209212,5,Quetta,1460000
Honda,Civic,2012,Sedan,Sedan,Manual,Petrol,1.8L,176339,5,Quetta,1580000
Honda,BR-V,2023,Family,SUV,Manual,Petrol,1.5L,38707,7,Multan,4240000
Suzuki,Cultus,2022,Hatchback,Hatchback,Automatic,Petrol,1.0L,52654,5,Peshawar,1720000
Daihatsu,Mira,2020,Economy,Hatchback,Manual,Petrol,660cc,82022,4,Lahore,1120000
Honda,City,2024,Sedan,Sedan,Manual,Petrol,1.2L,17994,5,Peshawar,4635000
Honda,Civic,2024,Sedan,Sedan,Manual,Petrol,1.8L,30243,5,Multan,6570000
Toyota,Corolla,2026,Sedan,Sedan,Automatic,Petrol,1.6L,0,5,Peshawar,6525000
Honda,Vezel,2022,Hybrid,SUV,Manual,Hybrid,1.5L Hybrid,44119,5,Multan,5245000
Suzuki,Alto,2021,Economy,Hatchback,Automatic,Petrol,660cc,71829,4,Multan,1290000
Hyundai,Tucson,2022,SUV,SUV,Manual,Petrol,2.0L,69308,5,Lahore,5680000
Suzuki,Mehran,2022,Economy,Hatchback,Automatic,Petrol,800cc,55815,4,Islamabad,1155000
Suzuki,Bolan,2023,Economy,Van,Manual,Petrol,800cc,40343,8,Lahore,1470000
Toyota,Fortuner,2022,SUV,SUV,Automatic,Petrol,2.7L,40795,7,Islamabad,9785000
Honda,BR-V,2022,Family,SUV,Manual,Petrol,1.5L,38089,7,Lahore,3875000
Honda,City,2010,Sedan,Sedan,Automatic,Petrol,1.2L,242699,5,Multan,855000
Toyota,Hilux,2016,Pickup,Pickup,Manual,Diesel,2.4L,111386,5,Peshawar,2860000
Suzuki,Alto,2015,Economy,Hatchback,Manual,Petrol,1.0L,131645,4,Islamabad,485000
Hyundai,Tucson,2026,SUV,SUV,Manual,Petrol,2.0L,8989,5,Faisalabad,8805000
Toyota,Hilux,2020,Pickup,Pickup,Automatic,Diesel,2.4L,53920,5,Multan,4365000
Suzuki,Bolan,2023,Economy,Van,Manual,Petrol,800cc,42775,8,Rawalpindi,1555000
KIA,Sportage,2021,SUV,SUV,Manual,Petrol,2.0L,70466,5,Faisalabad,4260000
Honda,BR-V,2018,Family,SUV,Manual,Petrol,1.5L,107781,7,Lahore,2290000
Toyota,Yaris,2021,Sedan,Sedan,Automatic,Petrol,1.5L,70667,5,Rawalpindi,2785000
Hyundai,Tucson,2021,SUV,SUV,Manual,Petrol,2.0L,51902,5,Multan,5025000
Suzuki,Alto,2022,Economy,Hatchback,Manual,Petrol,660cc,50710,4,Faisalabad,1690000
KIA,Sportage,2020,SUV,SUV,Manual,Petrol,2.0L,75968,5,Lahore,4735000
Suzuki,Alto,2012,Economy,Hatchback,Automatic,Petrol,1.0L,150849,4,Lahore,405000
Hyundai,Tucson,2020,SUV,SUV,Automatic,Petrol,2.0L,73093,5,Faisalabad,4145000
Hyundai,Tucson,2022,SUV,SUV,Automatic,Petrol,2.0L,55967,5,Lahore,6315000
Suzuki,Bolan,2007,Economy,Van,Automatic,Petrol,800cc,211465,8,Lahore,350000
Toyota,Prius,2010,Hybrid,Hatchback,Manual,Hybrid,1.8L Hybrid,228290,5,Peshawar,945000
KIA,Sportage,2020,SUV,SUV,Manual,Petrol,2.0L,70125,5,Rawalpindi,3885000
Toyota,Prius,2024,Hybrid,Hatchback,Automatic,Hybrid,1.8L Hybrid,25885,5,Rawalpindi,5330000
Toyota,Hilux,2020,Pickup,Pickup,Manual,Diesel,2.4L,78516,5,Quetta,4685000
Suzuki,Wagon R,2021,Hatchback,Hatchback,Automatic,Petrol,1.0L,70976,5,Lahore,1520000
Suzuki,Swift,2014,Hatchback,Hatchback,Manual,Petrol,1.3L,138792,5,Multan,945000
Toyota,Land Cruiser,2018,Luxury,SUV,Automatic,Petrol,3.5L,113597,7,Quetta,12970000
Toyota,Corolla,2013,Sedan,Sedan,Manual,Petrol,1.3L,151881,5,Quetta,1295000
Honda,Vezel,2024,Hybrid,SUV,Manual,Hybrid,1.5L Hybrid,50026,5,Quetta,5790000
Honda,BR-V,2024,Family,SUV,Manual,Petrol,1.5L,21327,7,Islamabad,5245000
Suzuki,Alto,2019,Economy,Hatchback,Manual,Petrol,1.0L,86053,4,Peshawar,935000
Toyota,Land Cruiser,2023,Luxury,SUV,Automatic,Petrol,4.6L,46240,7,Rawalpindi,24490000
Suzuki,Cultus,2013,Hatchback,Hatchback,Manual,Petrol,1.0L,178826,5,Islamabad,520000
Toyota,Corolla,2020,Sedan,Sedan,Automatic,Petrol,1.6L,76530,5,Lahore,3150000
Honda,City,2019,Sedan,Sedan,Manual,Petrol,1.5L,66496,5,Rawalpindi,2340000
Toyota,Hilux,2022,Pickup,Pickup,Manual,Diesel,2.8L,54856,5,Islamabad,6715000
Suzuki,Swift,2010,Hatchback,Hatchback,Automatic,Petrol,1.3L,191104,5,Quetta,570000
Hyundai,Tucson,2026,SUV,SUV,Manual,Petrol,2.0L,6506,5,Islamabad,9820000
Toyota,Prius,2022,Hybrid,Hatchback,Automatic,Hybrid,1.8L Hybrid,45288,5,Lahore,4115000
Toyota,Hilux,2013,Pickup,Pickup,Manual,Diesel,2.8L,175755,5,Faisalabad,1560000
Suzuki,Mehran,2025,Economy,Hatchback,Automatic,Petrol,800cc,19917,4,Karachi,1540000
Honda,Vezel,2020,Hybrid,SUV,Manual,Hybrid,1.5L Hybrid,68407,5,Islamabad,3665000
Toyota,Hilux,2023,Pickup,Pickup,Automatic,Diesel,2.8L,30851,5,Multan,6625000
Toyota,Fortuner,2014,SUV,SUV,Manual,Petrol,2.8L,204235,7,Quetta,3240000
Suzuki,Bolan,2017,Economy,Van,Manual,Petrol,800cc,108407,8,Quetta,680000
Toyota,Hilux,2017,Pickup,Pickup,Automatic,Diesel,2.8L,118430,5,Karachi,3080000
Toyota,Fortuner,2017,SUV,SUV,Manual,Diesel,2.7L,115417,7,Islamabad,4995000
Suzuki,Bolan,2022,Economy,Van,Automatic,Petrol,800cc,54956,8,Rawalpindi,1460000
Toyota,Corolla,2009,Sedan,Sedan,Manual,Petrol,1.3L,208464,5,Islamabad,1020000
Toyota,Yaris,2024,Sedan,Sedan,Manual,Petrol,1.3L,6632,5,Rawalpindi,4075000
Honda,Vezel,2020,Hybrid,SUV,Manual,Hybrid,1.5L Hybrid,70555,5,Quetta,4405000
Suzuki,Wagon R,2022,Hatchback,Hatchback,Automatic,Petrol,1.0L,27543,5,Multan,1965000
Suzuki,Mehran,2026,Economy,Hatchback,Manual,Petrol,800cc,0,4,Peshawar,1570000
Suzuki,Cultus,2015,Hatchback,Hatchback,Automatic,Petrol,1.0L,95001,5,Quetta,855000
Honda,BR-V,2020,Family,SUV,Automatic,Petrol,1.5L,86707,7,Peshawar,3015000
Suzuki,APV,2015,Van,Van,Automatic,Petrol,1.5L,148108,8,Karachi,1230000
Hyundai,Tucson,2021,SUV,SUV,Automatic,Petrol,2.0L,58828,5,Quetta,5490000
Toyota,Hilux,2016,Pickup,Pickup,Automatic,Diesel,2.4L,121362,5,Islamabad,2860000
Daihatsu,Mira,2019,Economy,Hatchback,Manual,Petrol,660cc,76427,4,Rawalpindi,1055000
Hyundai,Tucson,2020,SUV,SUV,Manual,Petrol,2.0L,67005,5,Quetta,4110000
Toyota,Prius,2024,Hybrid,Hatchback,Manual,Hybrid,1.8L Hybrid,684,5,Lahore,5735000
Suzuki,Cultus,2014,Hatchback,Hatchback,Automatic,Petrol,1.0L,182455,5,Rawalpindi,695000
Suzuki,Swift,2010,Hatchback,Hatchback,Automatic,Petrol,1.3L,225023,5,Rawalpindi,635000
Honda,City,2019,Sedan,Sedan,Automatic,Petrol,1.5L,72505,5,Lahore,2525000
Toyota,Fortuner,2017,SUV,SUV,Automatic,Diesel,2.8L,95701,7,Lahore,5255000
Hyundai,Tucson,2021,SUV,SUV,Automatic,Petrol,2.0L,50247,5,Lahore,5200000
Suzuki,Mehran,2018,Economy,Hatchback,Automatic,Petrol,800cc,85753,4,Peshawar,565000
Honda,BR-V,2021,Family,SUV,Automatic,Petrol,1.5L,42895,7,Faisalabad,3825000
Honda,BR-V,2023,Family,SUV,Automatic,Petrol,1.5L,42402,7,Karachi,5150000
Toyota,Prius,2025,Hybrid,Hatchback,Automatic,Hybrid,1.8L Hybrid,16036,5,Multan,6315000
Suzuki,Wagon R,2025,Hatchback,Hatchback,Manual,Petrol,1.0L,4450,5,Quetta,2565000
Daihatsu,Mira,2018,Economy,Hatchback,Automatic,Petrol,660cc,113532,4,Multan,955000
Toyota,Yaris,2024,Sedan,Sedan,Manual,Petrol,1.3L,15641,5,Quetta,3505000
Suzuki,Alto,2023,Economy,Hatchback,Manual,Petrol,660cc,40516,4,Faisalabad,1650000
Suzuki,Wagon R,2018,Hatchback,Hatchback,Manual,Petrol,1.0L,78655,5,Peshawar,1055000
Toyota,Fortuner,2021,SUV,SUV,Automatic,Petrol,2.8L,60079,7,Multan,8735000
Toyota,Land Cruiser,2022,Luxury,SUV,Manual,Petrol,3.5L,30165,7,Quetta,22345000
Suzuki,Wagon R,2024,Hatchback,Hatchback,Manual,Petrol,1.0L,18372,5,Peshawar,2375000
Suzuki,Cultus,2018,Hatchback,Hatchback,Automatic,Petrol,1.0L,98636,5,Rawalpindi,1250000
Suzuki,Bolan,2013,Economy,Van,Manual,Petrol,800cc,152827,8,Quetta,360000
Daihatsu,Mira,2010,Economy,Hatchback,Automatic,Petrol,660cc,188997,4,Karachi,410000
Honda,BR-V,2020,Family,SUV,Manual,Petrol,1.5L,66951,7,Karachi,3370000
Toyota,Prius,2024,Hybrid,Hatchback,Automatic,Hybrid,1.8L Hybrid,29726,5,Peshawar,5380000
Toyota,Corolla,2022,Sedan,Sedan,Automatic,Petrol,1.6L,62719,5,Islamabad,4170000
Hyundai,Tucson,2020,SUV,SUV,Manual,Petrol,2.0L,72135,5,Karachi,4730000
Suzuki,Wagon R,2021,Hatchback,Hatchback,Automatic,Petrol,1.0L,82925,5,Quetta,1550000
Honda,City,2025,Sedan,Sedan,Automatic,Petrol,1.2L,0,5,Faisalabad,5295000
Suzuki,Cultus,2014,Hatchback,Hatchback,Manual,Petrol,1.0L,185100,5,Quetta,580000
Suzuki,Cultus,2013,Hatchback,Hatchback,Manual,Petrol,1.0L,137893,5,Lahore,640000
Toyota,Fortuner,2025,SUV,SUV,Manual,Diesel,2.8L,3391,7,Quetta,14155000
Toyota,Hilux,2012,Pickup,Pickup,Manual,Diesel,2.8L,134742,5,Lahore,1715000
Daihatsu,Mira,2022,Economy,Hatchback,Automatic,Petrol,660cc,36017,4,Islamabad,1560000
Suzuki,Cultus,2019,Hatchback,Hatchback,Manual,Petrol,1.0L,89975,5,Peshawar,1055000
Honda,BR-V,2020,Family,SUV,Automatic,Petrol,1.5L,63626,7,Karachi,3025000
Daihatsu,Mira,2025,Economy,Hatchback,Manual,Petrol,660cc,14990,4,Lahore,2080000
Suzuki,Swift,2015,Hatchback,Hatchback,Automatic,Petrol,1.3L,117907,5,Lahore,1090000
Honda,Vezel,2018,Hybrid,SUV,Manual,Hybrid,1.5L Hybrid,76761,5,Multan,3320000
Daihatsu,Mira,2026,Economy,Hatchback,Automatic,Petrol,660cc,7582,4,Quetta,2345000
Toyota,Prius,2018,Hybrid,Hatchback,Automatic,Hybrid,1.8L Hybrid,93265,5,Peshawar,2295000
Honda,BR-V,2019,Family,SUV,Automatic,Petrol,1.5L,97172,7,Islamabad,2640000
Toyota,Hilux,2022,Pickup,Pickup,Automatic,Diesel,2.8L,38442,5,Peshawar,6400000
Honda,Civic,2013,Sedan,Sedan,Manual,Petrol,1.8L,156094,5,Karachi,1630000
Honda,BR-V,2023,Family,SUV,Automatic,Petrol,1.5L,32952,7,Quetta,4705000
Suzuki,Bolan,2017,Economy,Van,Manual,Petrol,800cc,111805,8,Multan,630000
Honda,Civic,2014,Sedan,Sedan,Automatic,Petrol,1.8L,166523,5,Lahore,1745000
Toyota,Prius,2012,Hybrid,Hatchback,Automatic,Hybrid,1.8L Hybrid,161159,5,Quetta,1045000
Suzuki,Swift,2020,Hatchback,Hatchback,Automatic,Petrol,1.3L,73463,5,Islamabad,1755000
Suzuki,Swift,2016,Hatchback,Hatchback,Manual,Petrol,1.3L,134250,5,Faisalabad,1060000
Hyundai,Tucson,2024,SUV,SUV,Manual,Petrol,2.0L,44706,5,Lahore,6445000
Daihatsu,Mira,2016,Economy,Hatchback,Manual,Petrol,660cc,155257,4,Lahore,755000
Toyota,Hilux,2012,Pickup,Pickup,Manual,Diesel,2.4L,141006,5,Islamabad,1680000
Toyota,Prius,2011,Hybrid,Hatchback,Automatic,Hybrid,1.8L Hybrid,209207,5,Faisalabad,1100000
Toyota,Yaris,2020,Sedan,Sedan,Manual,Petrol,1.3L,60572,5,Peshawar,2200000
Honda,BR-V,2024,Family,SUV,Automatic,Petrol,1.5L,17769,7,Quetta,4965000
Honda,BR-V,2023,Family,SUV,Automatic,Petrol,1.5L,25006,7,Lahore,5050000
Daihatsu,Mira,2019,Economy,Hatchback,Automatic,Petrol,660cc,73463,4,Lahore,1090000
Toyota,Land Cruiser,2024,Luxury,SUV,Automatic,Petrol,3.5L,26612,7,Rawalpindi,28970000
Honda,BR-V,2022,Family,SUV,Manual,Petrol,1.5L,65246,7,Rawalpindi,3720000
KIA,Sportage,2021,SUV,SUV,Manual,Petrol,2.0L,47863,5,Peshawar,4385000
Toyota,Hilux,2018,Pickup,Pickup,Automatic,Diesel,2.8L,98855,5,Karachi,3330000
Honda,BR-V,2019,Family,SUV,Manual,Petrol,1.5L,75726,7,Quetta,2570000
Suzuki,APV,2009,Van,Van,Automatic,Petrol,1.5L,204238,8,Lahore,725000
Suzuki,APV,2013,Van,Van,Automatic,Petrol,1.5L,200138,8,Faisalabad,810000
Hyundai,Tucson,2023,SUV,SUV,Automatic,Petrol,2.0L,35575,5,Islamabad,7750000
Suzuki,Alto,2023,Economy,Hatchback,Manual,Petrol,660cc,46619,4,Faisalabad,1580000
Honda,BR-V,2021,Family,SUV,Manual,Petrol,1.5L,36647,7,Peshawar,3560000
Toyota,Prius,2016,Hybrid,Hatchback,Manual,Hybrid,1.8L Hybrid,139983,5,Lahore,1990000
Honda,Civic,2018,Sedan,Sedan,Manual,Petrol,1.5L Turbo,78390,5,Lahore,3510000
Suzuki,Cultus,2025,Hatchback,Hatchback,Manual,Petrol,1.0L,12169,5,Quetta,2310000
Daihatsu,Mira,2022,Economy,Hatchback,Manual,Petrol,660cc,63977,4,Rawalpindi,1465000
Honda,BR-V,2026,Family,SUV,Manual,Petrol,1.5L,10358,7,Quetta,5675000
Suzuki,Alto,2025,Economy,Hatchback,Manual,Petrol,1.0L,1946,4,Islamabad,1930000
KIA,Sportage,2021,SUV,SUV,Automatic,Petrol,2.0L,51809,5,Rawalpindi,4655000
Honda,City,2010,Sedan,Sedan,Manual,Petrol,1.2L,182801,5,Rawalpindi,840000
Toyota,Hilux,2024,Pickup,Pickup,Automatic,Diesel,2.8L,32790,5,Lahore,7165000
Honda,BR-V,2018,Family,SUV,Automatic,Petrol,1.5L,83368,7,Peshawar,2490000
Honda,Vezel,2025,Hybrid,SUV,Automatic,Hybrid,1.5L Hybrid,2150,5,Islamabad,8735000
Honda,BR-V,2023,Family,SUV,Automatic,Petrol,1.5L,48762,7,Karachi,4410000
Suzuki,APV,2019,Van,Van,Automatic,Petrol,1.5L,101455,8,Faisalabad,1905000
Toyota,Corolla,2009,Sedan,Sedan,Manual,Petrol,1.3L,230680,5,Quetta,890000
Toyota,Yaris,2026,Sedan,Sedan,Automatic,Petrol,1.5L,1093,5,Peshawar,5100000
Suzuki,Wagon R,2019,Hatchback,Hatchback,Manual,Petrol,1.0L,67970,5,Lahore,1295000
Honda,City,2015,Sedan,Sedan,Manual,Petrol,1.5L,134537,5,Lahore,1340000
Toyota,Prius,2014,Hybrid,Hatchback,Manual,Hybrid,1.8L Hybrid,166943,5,Islamabad,1445000
Honda,City,2025,Sedan,Sedan,Manual,Petrol,1.2L,24390,5,Peshawar,4685000
Daihatsu,Mira,2012,Economy,Hatchback,Manual,Petrol,660cc,144959,4,Lahore,445000
Honda,Vezel,2015,Hybrid,SUV,Automatic,Hybrid,1.5L Hybrid,151780,5,Rawalpindi,2095000
Suzuki,Wagon R,2023,Hatchback,Hatchback,Automatic,Petrol,1.0L,29930,5,Quetta,1945000
Suzuki,Swift,2015,Hatchback,Hatchback,Manual,Petrol,1.3L,134361,5,Multan,1085000
Toyota,Hilux,2025,Pickup,Pickup,Manual,Diesel,2.4L,9371,5,Karachi,8645000
Suzuki,Mehran,2025,Economy,Hatchback,Manual,Petrol,800cc,11029,4,Quetta,1305000
Suzuki,Alto,2012,Economy,Hatchback,Automatic,Petrol,660cc,134204,4,Peshawar,450000
Honda,Vezel,2020,Hybrid,SUV,Automatic,Hybrid,1.5L Hybrid,60008,5,Karachi,4365000
Hyundai,Tucson,2025,SUV,SUV,Manual,Petrol,2.0L,17006,5,Quetta,7555000
Honda,BR-V,2017,Family,SUV,Automatic,Petrol,1.5L,111523,7,Multan,2200000
Toyota,Land Cruiser,2015,Luxury,SUV,Automatic,Petrol,4.6L,123203,7,Faisalabad,9480000
Toyota,Fortuner,2018,SUV,SUV,Automatic,Petrol,2.8L,104509,7,Karachi,6250000
Hyundai,Tucson,2021,SUV,SUV,Automatic,Petrol,2.0L,63868,5,Multan,5090000
Suzuki,Swift,2021,Hatchback,Hatchback,Manual,Petrol,1.3L,62167,5,Rawalpindi,2115000
Honda,City,2025,Sedan,Sedan,Manual,Petrol,1.2L,18165,5,Karachi,4525000
Suzuki,Swift,2010,Hatchback,Hatchback,Manual,Petrol,1.3L,172386,5,Multan,645000
Suzuki,Cultus,2019,Hatchback,Hatchback,Automatic,Petrol,1.0L,78459,5,Peshawar,1425000
Toyota,Corolla,2014,Sedan,Sedan,Automatic,Petrol,1.6L,182554,5,Rawalpindi,1235000
Toyota,Corolla,2019,Sedan,Sedan,Automatic,Petrol,1.8L,82730,5,Multan,2840000
Toyota,Yaris,2026,Sedan,Sedan,Automatic,Petrol,1.5L,0,5,Faisalabad,5120000
Honda,Vezel,2023,Hybrid,SUV,Automatic,Hybrid,1.5L Hybrid,36371,5,Quetta,5230000
Suzuki,Bolan,2010,Economy,Van,Manual,Petrol,800cc,196806,8,Karachi,325000
Suzuki,APV,2013,Van,Van,Automatic,Petrol,1.5L,165671,8,Islamabad,960000
Daihatsu,Mira,2014,Economy,Hatchback,Automatic,Petrol,660cc,173521,4,Islamabad,625000
Honda,Vezel,2018,Hybrid,SUV,Automatic,Hybrid,1.5L Hybrid,102995,5,Faisalabad,2700000
Toyota,Prius,2019,Hybrid,Hatchback,Manual,Hybrid,1.8L Hybrid,80179,5,Rawalpindi,2905000
Toyota,Yaris,2022,Sedan,Sedan,Manual,Petrol,1.5L,59160,5,Faisalabad,2800000
Suzuki,Swift,2023,Hatchback,Hatchback,Automatic,Petrol,1.3L,36344,5,Peshawar,3035000
Toyota,Fortuner,2014,SUV,SUV,Manual,Diesel,2.7L,127878,7,Lahore,3490000
Toyota,Prius,2016,Hybrid,Hatchback,Automatic,Hybrid,1.8L Hybrid,150574,5,Islamabad,1890000
Suzuki,Wagon R,2022,Hatchback,Hatchback,Manual,Petrol,1.0L,45744,5,Islamabad,1885000
KIA,Sportage,2025,SUV,SUV,Automatic,Petrol,2.0L,19192,5,Quetta,7040000
Toyota,Corolla,2013,Sedan,Sedan,Manual,Petrol,1.6L,152146,5,Multan,1230000
Toyota,Hilux,2018,Pickup,Pickup,Automatic,Diesel,2.8L,100992,5,Karachi,3740000
Honda,Civic,2019,Sedan,Sedan,Automatic,Petrol,1.8L,91925,5,Karachi,3985000
Suzuki,Mehran,2011,Economy,Hatchback,Automatic,Petrol,800cc,151614,4,Rawalpindi,290000
Suzuki,Bolan,2014,Economy,Van,Automatic,Petrol,800cc,108583,8,Faisalabad,540000
Daihatsu,Mira,2012,Economy,Hatchback,Manual,Petrol,660cc,155383,4,Islamabad,415000
Honda,Civic,2024,Sedan,Sedan,Manual,Petrol,1.5L Turbo,39407,5,Lahore,5710000
Honda,BR-V,2023,Family,SUV,Manual,Petrol,1.5L,43380,7,Quetta,3975000
Honda,BR-V,2017,Family,SUV,Manual,Petrol,1.5L,118848,7,Rawalpindi,2060000
Suzuki,Alto,2017,Economy,Hatchback,Automatic,Petrol,1.0L,122706,4,Multan,770000
Suzuki,Cultus,2025,Hatchback,Hatchback,Automatic,Petrol,1.0L,15162,5,Faisalabad,2680000
Toyota,Prius,2019,Hybrid,Hatchback,Manual,Hybrid,1.8L Hybrid,97701,5,Karachi,2795000
Daihatsu,Mira,2020,Economy,Hatchback,Manual,Petrol,660cc,71651,4,Rawalpindi,1230000
Toyota,Yaris,2026,Sedan,Sedan,Manual,Petrol,1.5L,0,5,Karachi,5450000
Suzuki,Mehran,2013,Economy,Hatchback,Automatic,Petrol,800cc,153502,4,Lahore,305000
Suzuki,Swift,2020,Hatchback,Hatchback,Manual,Petrol,1.3L,41829,5,Islamabad,2055000
KIA,Sportage,2023,SUV,SUV,Manual,Petrol,2.0L,33731,5,Quetta,5415000
Hyundai,Tucson,2022,SUV,SUV,Manual,Petrol,2.0L,60558,5,Islamabad,5360000
Daihatsu,Mira,2026,Economy,Hatchback,Manual,Petrol,660cc,3994,4,Multan,2265000
Suzuki,Swift,2023,Hatchback,Hatchback,Manual,Petrol,1.3L,40881,5,Quetta,2715000
Honda,Vezel,2019,Hybrid,SUV,Automatic,Hybrid,1.5L Hybrid,89206,5,Karachi,3975000
Daihatsu,Mira,2015,Economy,Hatchback,Manual,Petrol,660cc,151414,4,Multan,560000
Suzuki,Alto,2014,Economy,Hatchback,Automatic,Petrol,1.0L,141905,4,Rawalpindi,560000
Suzuki,Mehran,2025,Economy,Hatchback,Manual,Petrol,800cc,8908,4,Rawalpindi,1435000
Suzuki,Wagon R,2025,Hatchback,Hatchback,Manual,Petrol,1.0L,7310,5,Karachi,2835000
Honda,City,2015,Sedan,Sedan,Manual,Petrol,1.5L,146728,5,Karachi,1450000
Suzuki,Swift,2023,Hatchback,Hatchback,Manual,Petrol,1.3L,37758,5,Lahore,2505000
Suzuki,Cultus,2024,Hatchback,Hatchback,Automatic,Petrol,1.0L,16140,5,Faisalabad,2360000
Suzuki,Swift,2012,Hatchback,Hatchback,Automatic,Petrol,1.3L,123024,5,Karachi,765000
Daihatsu,Mira,2010,Economy,Hatchback,Manual,Petrol,660cc,241010,4,Multan,345000
Honda,Civic,2023,Sedan,Sedan,Automatic,Petrol,1.8L,56443,5,Multan,4920000
Suzuki,Cultus,2025,Hatchback,Hatchback,Manual,Petrol,1.0L,17532,5,Quetta,2630000
Toyota,Land Cruiser,2013,Luxury,SUV,Manual,Petrol,4.6L,116353,7,Lahore,7955000
Suzuki,Cultus,2013,Hatchback,Hatchback,Manual,Petrol,1.0L,136746,5,Rawalpindi,570000
Honda,Vezel,2016,Hybrid,SUV,Manual,Hybrid,1.5L Hybrid,95599,5,Multan,2255000
Toyota,Hilux,2022,Pickup,Pickup,Manual,Diesel,2.8L,61077,5,Karachi,5775000
Toyota,Land Cruiser,2015,Luxury,SUV,Manual,Petrol,4.6L,138777,7,Islamabad,9020000
Toyota,Yaris,2021,Sedan,Sedan,Automatic,Petrol,1.3L,57813,5,Quetta,2685000
Suzuki,Alto,2014,Economy,Hatchback,Manual,Petrol,1.0L,182834,4,Karachi,515000
Suzuki,Alto,2015,Economy,Hatchback,Manual,Petrol,1.0L,117267,4,Rawalpindi,560000
Toyota,Fortuner,2017,SUV,SUV,Manual,Diesel,2.8L,94368,7,Faisalabad,4880000
KIA,Sportage,2024,SUV,SUV,Manual,Petrol,2.0L,26945,5,Islamabad,6820000
Suzuki,Cultus,2014,Hatchback,Hatchback,Manual,Petrol,1.0L,163132,5,Lahore,635000
KIA,Sportage,2026,SUV,SUV,Manual,Petrol,2.0L,7081,5,Peshawar,7885000
Suzuki,Cultus,2019,Hatchback,Hatchback,Manual,Petrol,1.0L,67975,5,Peshawar,1345000
Suzuki,Swift,2017,Hatchback,Hatchback,Automatic,Petrol,1.3L,118570,5,Islamabad,1295000
Suzuki,Wagon R,2023,Hatchback,Hatchback,Automatic,Petrol,1.0L,19370,5,Multan,2045000
Suzuki,Mehran,2007,Economy,Hatchback,Manual,Petrol,800cc,221856,4,Quetta,200000
Daihatsu,Mira,2021,Economy,Hatchback,Manual,Petrol,660cc,55648,4,Islamabad,1375000
Suzuki,Cultus,2011,Hatchback,Hatchback,Manual,Petrol,1.0L,191260,5,Karachi,515000
Honda,BR-V,2020,Family,SUV,Manual,Petrol,1.5L,56546,7,Peshawar,2905000
Toyota,Land Cruiser,2015,Luxury,SUV,Manual,Petrol,4.6L,139486,7,Karachi,8710000
Toyota,Yaris,2026,Sedan,Sedan,Automatic,Petrol,1.3L,0,5,Islamabad,5905000
Honda,Civic,2014,Sedan,Sedan,Manual,Petrol,1.8L,176292,5,Rawalpindi,1555000
Toyota,Prius,2020,Hybrid,Hatchback,Manual,Hybrid,1.8L Hybrid,69738,5,Lahore,3125000
Hyundai,Tucson,2020,SUV,SUV,Automatic,Petrol,2.0L,84090,5,Rawalpindi,4510000
Toyota,Prius,2018,Hybrid,Hatchback,Manual,Hybrid,1.8L Hybrid,113185,5,Faisalabad,2475000
Suzuki,Bolan,2012,Economy,Van,Automatic,Petrol,800cc,159227,8,Islamabad,400000
Honda,Vezel,2025,Hybrid,SUV,Automatic,Hybrid,1.5L Hybrid,7106,5,Rawalpindi,7875000
Toyota,Prius,2017,Hybrid,Hatchback,Automatic,Hybrid,1.8L Hybrid,120914,5,Multan,1975000
Suzuki,Mehran,2010,Economy,Hatchback,Automatic,Petrol,800cc,156848,4,Peshawar,270000
Honda,Civic,2018,Sedan,Sedan,Manual,Petrol,1.8L,87050,5,Rawalpindi,3035000
Toyota,Fortuner,2013,SUV,SUV,Manual,Diesel,2.7L,156542,7,Islamabad,2710000
Suzuki,Bolan,2009,Economy,Van,Automatic,Petrol,800cc,199777,8,Quetta,305000
KIA,Sportage,2022,SUV,SUV,Automatic,Petrol,2.0L,61860,5,Faisalabad,4555000
Toyota,Prius,2018,Hybrid,Hatchback,Manual,Hybrid,1.8L Hybrid,122483,5,Peshawar,2390000
Suzuki,Alto,2014,Economy,Hatchback,Automatic,Petrol,660cc,151458,4,Islamabad,520000
Toyota,Yaris,2023,Sedan,Sedan,Manual,Petrol,1.3L,31101,5,Quetta,3295000
Honda,City,2019,Sedan,Sedan,Automatic,Petrol,1.2L,72263,5,Multan,2480000
Suzuki,Swift,2013,Hatchback,Hatchback,Automatic,Petrol,1.3L,179040,5,Lahore,880000
Suzuki,APV,2018,Van,Van,Automatic,Petrol,1.5L,110642,8,Lahore,1590000
Suzuki,Bolan,2023,Economy,Van,Automatic,Petrol,800cc,38820,8,Karachi,1675000
Daihatsu,Mira,2018,Economy,Hatchback,Automatic,Petrol,660cc,89001,4,Rawalpindi,965000
Suzuki,Bolan,2015,Economy,Van,Manual,Petrol,800cc,143994,8,Karachi,595000
Suzuki,Swift,2016,Hatchback,Hatchback,Manual,Petrol,1.3L,126074,5,Karachi,1230000
Toyota,Prius,2014,Hybrid,Hatchback,Manual,Hybrid,1.8L Hybrid,132645,5,Multan,1365000
KIA,Sportage,2026,SUV,SUV,Manual,Petrol,2.0L,3606,5,Peshawar,8405000
Honda,BR-V,2019,Family,SUV,Automatic,Petrol,1.5L,81790,7,Karachi,3025000
Toyota,Prius,2022,Hybrid,Hatchback,Manual,Hybrid,1.8L Hybrid,36257,5,Islamabad,3740000
Suzuki,Bolan,2025,Economy,Van,Manual,Petrol,800cc,15681,8,Quetta,1800000
Toyota,Yaris,2022,Sedan,Sedan,Manual,Petrol,1.3L,64000,5,Peshawar,2735000
Toyota,Land Cruiser,2020,Luxury,SUV,Automatic,Petrol,4.6L,75647,7,Lahore,15940000
Honda,Civic,2013,Sedan,Sedan,Automatic,Petrol,1.8L,157450,5,Quetta,1505000
Honda,BR-V,2026,Family,SUV,Manual,Petrol,1.5L,1850,7,Rawalpindi,6110000
Suzuki,Swift,2025,Hatchback,Hatchback,Automatic,Petrol,1.3L,3549,5,Islamabad,3885000
Toyota,Prius,2016,Hybrid,Hatchback,Automatic,Hybrid,1.8L Hybrid,131587,5,Islamabad,1880000
Honda,Civic,2016,Sedan,Sedan,Manual,Petrol,1.5L Turbo,87514,5,Quetta,2370000
KIA,Sportage,2020,SUV,SUV,Automatic,Petrol,2.0L,80810,5,Quetta,3665000
Suzuki,Alto,2014,Economy,Hatchback,Automatic,Petrol,660cc,143118,4,Lahore,580000
Toyota,Yaris,2026,Sedan,Sedan,Automatic,Petrol,1.5L,3255,5,Multan,4955000
Toyota,Prius,2017,Hybrid,Hatchback,Manual,Hybrid,1.8L Hybrid,97601,5,Rawalpindi,2105000
Toyota,Prius,2024,Hybrid,Hatchback,Manual,Hybrid,1.8L Hybrid,26034,5,Karachi,5320000
Suzuki,Cultus,2011,Hatchback,Hatchback,Automatic,Petrol,1.0L,134524,5,Peshawar,520000
Suzuki,APV,2017,Van,Van,Automatic,Petrol,1.5L,118292,8,Multan,1565000
Suzuki,APV,2010,Van,Van,Automatic,Petrol,1.5L,225209,8,Multan,665000
Toyota,Hilux,2013,Pickup,Pickup,Automatic,Diesel,2.4L,138033,5,Quetta,1805000
Daihatsu,Mira,2012,Economy,Hatchback,Automatic,Petrol,660cc,179040,4,Multan,420000
Suzuki,Alto,2016,Economy,Hatchback,Manual,Petrol,660cc,114073,4,Multan,720000
Honda,City,2018,Sedan,Sedan,Manual,Petrol,1.5L,134670,5,Karachi,1935000
Toyota,Hilux,2017,Pickup,Pickup,Manual,Diesel,2.8L,115356,5,Karachi,2795000
Honda,BR-V,2020,Family,SUV,Manual,Petrol,1.5L,64092,7,Islamabad,3140000
Suzuki,Bolan,2010,Economy,Van,Manual,Petrol,800cc,198130,8,Islamabad,345000
Hyundai,Tucson,2026,SUV,SUV,Manual,Petrol,2.0L,3344,5,Multan,9420000
Hyundai,Tucson,2020,SUV,SUV,Manual,Petrol,2.0L,79028,5,Rawalpindi,4210000
Honda,BR-V,2018,Family,SUV,Automatic,Petrol,1.5L,108656,7,Quetta,2285000
Honda,City,2021,Sedan,Sedan,Manual,Petrol,1.5L,54333,5,Karachi,2920000
Suzuki,Mehran,2021,Economy,Hatchback,Manual,Petrol,800cc,49884,4,Quetta,750000
Suzuki,APV,2018,Van,Van,Manual,Petrol,1.5L,103927,8,Rawalpindi,1755000
Toyota,Fortuner,2012,SUV,SUV,Manual,Diesel,2.8L,166335,7,Lahore,2415000
Suzuki,Swift,2016,Hatchback,Hatchback,Automatic,Petrol,1.3L,119230,5,Karachi,1300000
Toyota,Corolla,2016,Sedan,Sedan,Automatic,Petrol,1.6L,119362,5,Karachi,1975000
Suzuki,Mehran,2019,Economy,Hatchback,Automatic,Petrol,800cc,76677,4,Faisalabad,635000
KIA,Sportage,2022,SUV,SUV,Automatic,Petrol,2.0L,41289,5,Faisalabad,5310000
Daihatsu,Mira,2023,Economy,Hatchback,Manual,Petrol,660cc,30255,4,Karachi,1705000
Toyota,Fortuner,2026,SUV,SUV,Automatic,Petrol,2.8L,2467,7,Multan,16650000
Suzuki,Cultus,2013,Hatchback,Hatchback,Manual,Petrol,1.0L,154391,5,Faisalabad,560000
Suzuki,Mehran,2024,Economy,Hatchback,Automatic,Petrol,800cc,22738,4,Faisalabad,1395000
Honda,Civic,2024,Sedan,Sedan,Automatic,Petrol,1.8L,22081,5,Quetta,6310000
Honda,Vezel,2018,Hybrid,SUV,Manual,Hybrid,1.5L Hybrid,90578,5,Peshawar,3125000
Suzuki,Wagon R,2020,Hatchback,Hatchback,Automatic,Petrol,1.0L,47833,5,Faisalabad,1540000
Toyota,Land Cruiser,2015,Luxury,SUV,Manual,Petrol,4.6L,124055,7,Lahore,8455000
Suzuki,Cultus,2017,Hatchback,Hatchback,Automatic,Petrol,1.0L,98660,5,Peshawar,1000000
Toyota,Yaris,2025,Sedan,Sedan,Manual,Petrol,1.5L,11122,5,Rawalpindi,3975000
Suzuki,Wagon R,2017,Hatchback,Hatchback,Automatic,Petrol,1.0L,86404,5,Rawalpindi,940000
Suzuki,Bolan,2008,Economy,Van,Automatic,Petrol,800cc,199050,8,Peshawar,390000
Suzuki,Cultus,2020,Hatchback,Hatchback,Manual,Petrol,1.0L,81519,5,Lahore,1430000
Honda,Vezel,2018,Hybrid,SUV,Automatic,Hybrid,1.5L Hybrid,81094,5,Multan,2910000
Toyota,Fortuner,2013,SUV,SUV,Manual,Petrol,2.7L,168343,7,Lahore,2890000
Suzuki,Cultus,2018,Hatchback,Hatchback,Manual,Petrol,1.0L,82326,5,Faisalabad,1210000
Toyota,Yaris,2026,Sedan,Sedan,Automatic,Petrol,1.3L,2672,5,Islamabad,6135000
Suzuki,Alto,2026,Economy,Hatchback,Automatic,Petrol,660cc,0,4,Karachi,2695000
Hyundai,Tucson,2020,SUV,SUV,Automatic,Petrol,2.0L,70093,5,Islamabad,4975000
Honda,Civic,2017,Sedan,Sedan,Automatic,Petrol,1.5L Turbo,118883,5,Peshawar,2820000
Suzuki,Bolan,2024,Economy,Van,Automatic,Petrol,800cc,14559,8,Multan,1795000
Hyundai,Tucson,2023,SUV,SUV,Manual,Petrol,2.0L,46772,5,Lahore,6395000
Suzuki,APV,2022,Van,Van,Manual,Petrol,1.5L,55957,8,Islamabad,2265000
Honda,Vezel,2025,Hybrid,SUV,Automatic,Hybrid,1.5L Hybrid,4719,5,Quetta,8950000
Toyota,Land Cruiser,2023,Luxury,SUV,Automatic,Petrol,4.6L,46839,7,Islamabad,27285000
Suzuki,Cultus,2018,Hatchback,Hatchback,Manual,Petrol,1.0L,98697,5,Peshawar,1055000
KIA,Sportage,2021,SUV,SUV,Manual,Petrol,2.0L,60641,5,Lahore,4610000
Toyota,Corolla,2024,Sedan,Sedan,Manual,Petrol,1.6L,12215,5,Faisalabad,5990000
Suzuki,Bolan,2023,Economy,Van,Automatic,Petrol,800cc,38541,8,Karachi,1405000
Toyota,Yaris,2024,Sedan,Sedan,Manual,Petrol,1.3L,33812,5,Lahore,3860000
Honda,City,2026,Sedan,Sedan,Manual,Petrol,1.5L,7166,5,Faisalabad,4475000
Suzuki,Bolan,2011,Economy,Van,Automatic,Petrol,800cc,179586,8,Peshawar,305000
Suzuki,Mehran,2022,Economy,Hatchback,Automatic,Petrol,800cc,44075,4,Karachi,1155000
Suzuki,Alto,2017,Economy,Hatchback,Automatic,Petrol,1.0L,107961,4,Quetta,795000
Suzuki,APV,2019,Van,Van,Manual,Petrol,1.5L,102343,8,Quetta,1730000
Suzuki,Mehran,2023,Economy,Hatchback,Automatic,Petrol,800cc,39877,4,Quetta,1100000
Toyota,Prius,2017,Hybrid,Hatchback,Manual,Hybrid,1.8L Hybrid,98617,5,Faisalabad,2040000
Suzuki,Mehran,2008,Economy,Hatchback,Automatic,Petrol,800cc,175899,4,Faisalabad,250000
Suzuki,Cultus,2011,Hatchback,Hatchback,Automatic,Petrol,1.0L,220003,5,Islamabad,525000
Suzuki,Bolan,2025,Economy,Van,Automatic,Petrol,800cc,14994,8,Karachi,2205000
Honda,Vezel,2023,Hybrid,SUV,Manual,Hybrid,1.5L Hybrid,21311,5,Peshawar,6210000
Honda,Civic,2015,Sedan,Sedan,Automatic,Petrol,1.5L Turbo,170313,5,Lahore,2255000
Suzuki,APV,2019,Van,Van,Automatic,Petrol,1.5L,83842,8,Islamabad,2080000
Honda,Civic,2013,Sedan,Sedan,Manual,Petrol,1.8L,136427,5,Multan,1680000
Toyota,Corolla,2017,Sedan,Sedan,Automatic,Petrol,1.3L,95647,5,Islamabad,2175000
Suzuki,Alto,2013,Economy,Hatchback,Manual,Petrol,1.0L,129240,4,Karachi,450000
Toyota,Hilux,2013,Pickup,Pickup,Automatic,Diesel,2.4L,130718,5,Karachi,2115000
Toyota,Prius,2015,Hybrid,Hatchback,Automatic,Hybrid,1.8L Hybrid,110003,5,Karachi,1770000
Suzuki,Mehran,2018,Economy,Hatchback,Automatic,Petrol,800cc,112450,4,Islamabad,655000
Suzuki,Alto,2013,Economy,Hatchback,Automatic,Petrol,660cc,168714,4,Peshawar,440000
Suzuki,Cultus,2023,Hatchback,Hatchback,Manual,Petrol,1.0L,20143,5,Lahore,2355000
Suzuki,Cultus,2023,Hatchback,Hatchback,Automatic,Petrol,1.0L,37685,5,Karachi,2165000
Honda,City,2019,Sedan,Sedan,Automatic,Petrol,1.2L,71952,5,Faisalabad,2525000
Toyota,Land Cruiser,2017,Luxury,SUV,Automatic,Petrol,3.5L,111373,7,Quetta,10935000
Honda,Civic,2015,Sedan,Sedan,Manual,Petrol,1.5L Turbo,114325,5,Lahore,2190000
Toyota,Land Cruiser,2019,Luxury,SUV,Automatic,Petrol,3.5L,105733,7,Faisalabad,13630000
Suzuki,Cultus,2021,Hatchback,Hatchback,Manual,Petrol,1.0L,56434,5,Karachi,1540000
Honda,Vezel,2026,Hybrid,SUV,Manual,Hybrid,1.5L Hybrid,1810,5,Rawalpindi,8055000
Toyota,Hilux,2022,Pickup,Pickup,Manual,Diesel,2.8L,53843,5,Islamabad,6480000
Toyota,Land Cruiser,2015,Luxury,SUV,Manual,Petrol,4.6L,123409,7,Quetta,8570000
Honda,BR-V,2026,Family,SUV,Automatic,Petrol,1.5L,11357,7,Multan,6485000
Suzuki,Bolan,2008,Economy,Van,Automatic,Petrol,800cc,241419,8,Peshawar,350000
Hyundai,Tucson,2021,SUV,SUV,Manual,Petrol,2.0L,55735,5,Quetta,4900000
Honda,BR-V,2020,Family,SUV,Automatic,Petrol,1.5L,84565,7,Karachi,3420000
Honda,BR-V,2022,Family,SUV,Automatic,Petrol,1.5L,27334,7,Karachi,5195000
Honda,Civic,2025,Sedan,Sedan,Automatic,Petrol,1.8L,5552,5,Karachi,8165000
Suzuki,APV,2017,Van,Van,Manual,Petrol,1.5L,121681,8,Quetta,1415000
Suzuki,APV,2017,Van,Van,Manual,Petrol,1.5L,108667,8,Quetta,1370000
Honda,Vezel,2024,Hybrid,SUV,Manual,Hybrid,1.5L Hybrid,7123,5,Peshawar,7070000
Suzuki,Bolan,2011,Economy,Van,Automatic,Petrol,800cc,123745,8,Peshawar,315000
Toyota,Corolla,2016,Sedan,Sedan,Automatic,Petrol,1.3L,107479,5,Multan,1965000
Suzuki,APV,2015,Van,Van,Automatic,Petrol,1.5L,95693,8,Karachi,1175000
Suzuki,APV,2011,Van,Van,Automatic,Petrol,1.5L,151309,8,Quetta,725000
Suzuki,Bolan,2025,Economy,Van,Manual,Petrol,800cc,16389,8,Islamabad,1880000
Honda,Civic,2022,Sedan,Sedan,Manual,Petrol,1.8L,62291,5,Peshawar,4965000
Suzuki,APV,2020,Van,Van,Automatic,Petrol,1.5L,59742,8,Faisalabad,2255000
Toyota,Fortuner,2022,SUV,SUV,Automatic,Petrol,2.7L,55674,7,Islamabad,9125000
Suzuki,Alto,2024,Economy,Hatchback,Automatic,Petrol,660cc,22134,4,Faisalabad,2040000
Suzuki,Bolan,2006,Economy,Van,Automatic,Petrol,800cc,202024,8,Peshawar,335000
Honda,BR-V,2021,Family,SUV,Manual,Petrol,1.5L,62497,7,Faisalabad,3430000
Daihatsu,Mira,2025,Economy,Hatchback,Manual,Petrol,660cc,14374,4,Lahore,2085000
Honda,BR-V,2018,Family,SUV,Manual,Petrol,1.5L,78363,7,Quetta,2400000
Honda,Vezel,2023,Hybrid,SUV,Manual,Hybrid,1.5L Hybrid,37320,5,Faisalabad,5830000
Daihatsu,Mira,2023,Economy,Hatchback,Manual,Petrol,660cc,32706,4,Lahore,1600000
Suzuki,Bolan,2013,Economy,Van,Manual,Petrol,800cc,175537,8,Peshawar,400000
Daihatsu,Mira,2012,Economy,Hatchback,Automatic,Petrol,660cc,180372,4,Lahore,460000
Suzuki,Cultus,2010,Hatchback,Hatchback,Manual,Petrol,1.0L,145382,5,Faisalabad,460000
Suzuki,Swift,2020,Hatchback,Hatchback,Manual,Petrol,1.3L,85177,5,Lahore,2000000
Toyota,Yaris,2023,Sedan,Sedan,Automatic,Petrol,1.3L,28321,5,Multan,3825000
Suzuki,APV,2008,Van,Van,Manual,Petrol,1.5L,219424,8,Lahore,710000
Hyundai,Tucson,2021,SUV,SUV,Automatic,Petrol,2.0L,44687,5,Quetta,5910000
KIA,Sportage,2020,SUV,SUV,Automatic,Petrol,2.0L,88434,5,Islamabad,4620000
Suzuki,Mehran,2007,Economy,Hatchback,Automatic,Petrol,800cc,165046,4,Islamabad,265000
Suzuki,Mehran,2020,Economy,Hatchback,Manual,Petrol,800cc,79569,4,Faisalabad,765000
Daihatsu,Mira,2010,Economy,Hatchback,Automatic,Petrol,660cc,212413,4,Islamabad,420000
Toyota,Fortuner,2016,SUV,SUV,Automatic,Diesel,2.7L,134619,7,Multan,4095000
Toyota,Land Cruiser,2019,Luxury,SUV,Automatic,Petrol,4.6L,82733,7,Quetta,12985000
Honda,BR-V,2019,Family,SUV,Automatic,Petrol,1.5L,88223,7,Peshawar,2940000
Toyota,Hilux,2023,Pickup,Pickup,Manual,Diesel,2.4L,36556,5,Faisalabad,6790000
Toyota,Land Cruiser,2024,Luxury,SUV,Manual,Petrol,4.6L,19777,7,Multan,28825000
Suzuki,APV,2020,Van,Van,Automatic,Petrol,1.5L,75535,8,Multan,2040000
KIA,Sportage,2024,SUV,SUV,Manual,Petrol,2.0L,24153,5,Peshawar,6780000
Toyota,Yaris,2024,Sedan,Sedan,Automatic,Petrol,1.3L,18269,5,Karachi,4260000
Toyota,Land Cruiser,2022,Luxury,SUV,Manual,Petrol,3.5L,52375,7,Lahore,21310000
Toyota,Land Cruiser,2022,Luxury,SUV,Manual,Petrol,4.6L,52326,7,Multan,20715000
Suzuki,Alto,2015,Economy,Hatchback,Automatic,Petrol,1.0L,122093,4,Karachi,640000
Honda,Vezel,2020,Hybrid,SUV,Manual,Hybrid,1.5L Hybrid,68659,5,Peshawar,3530000
Toyota,Corolla,2013,Sedan,Sedan,Manual,Petrol,1.6L,150827,5,Islamabad,1325000
Honda,City,2020,Sedan,Sedan,Manual,Petrol,1.2L,77050,5,Peshawar,2380000
KIA,Sportage,2021,SUV,SUV,Manual,Petrol,2.0L,47870,5,Rawalpindi,4730000
Hyundai,Tucson,2023,SUV,SUV,Automatic,Petrol,2.0L,26217,5,Rawalpindi,6990000
Suzuki,Swift,2017,Hatchback,Hatchback,Automatic,Petrol,1.3L,108792,5,Quetta,1215000
Daihatsu,Mira,2021,Economy,Hatchback,Automatic,Petrol,660cc,75334,4,Karachi,1360000
Toyota,Prius,2023,Hybrid,Hatchback,Automatic,Hybrid,1.8L Hybrid,23983,5,Karachi,5105000
Honda,Vezel,2022,Hybrid,SUV,Automatic,Hybrid,1.5L Hybrid,39836,5,Peshawar,5615000
Suzuki,Alto,2017,Economy,Hatchback,Automatic,Petrol,660cc,101870,4,Rawalpindi,805000
Honda,City,2013,Sedan,Sedan,Manual,Petrol,1.5L,140650,5,Lahore,1105000
Suzuki,Swift,2020,Hatchback,Hatchback,Automatic,Petrol,1.3L,65430,5,Rawalpindi,2220000
Toyota,Land Cruiser,2022,Luxury,SUV,Automatic,Petrol,4.6L,37912,7,Multan,21425000
Suzuki,Swift,2024,Hatchback,Hatchback,Manual,Petrol,1.3L,34520,5,Peshawar,3150000
Toyota,Hilux,2010,Pickup,Pickup,Manual,Diesel,2.4L,195098,5,Faisalabad,1410000
Hyundai,Tucson,2021,SUV,SUV,Automatic,Petrol,2.0L,63408,5,Rawalpindi,5950000
Toyota,Yaris,2025,Sedan,Sedan,Manual,Petrol,1.5L,11348,5,Islamabad,4050000
Suzuki,Bolan,2019,Economy,Van,Automatic,Petrol,800cc,76461,8,Islamabad,930000
Suzuki,Mehran,2013,Economy,Hatchback,Automatic,Petrol,800cc,143453,4,Peshawar,335000
Daihatsu,Mira,2012,Economy,Hatchback,Automatic,Petrol,660cc,160761,4,Islamabad,415000
Suzuki,Bolan,2019,Economy,Van,Automatic,Petrol,800cc,90470,8,Faisalabad,865000
Honda,Vezel,2018,Hybrid,SUV,Manual,Hybrid,1.5L Hybrid,89381,5,Faisalabad,2825000
Daihatsu,Mira,2017,Economy,Hatchback,Automatic,Petrol,660cc,104221,4,Rawalpindi,835000
KIA,Sportage,2025,SUV,SUV,Automatic,Petrol,2.0L,10363,5,Faisalabad,8210000
Honda,Vezel,2017,Hybrid,SUV,Automatic,Hybrid,1.5L Hybrid,109500,5,Peshawar,2890000
Toyota,Corolla,2023,Sedan,Sedan,Automatic,Petrol,1.8L,38611,5,Faisalabad,4595000
Toyota,Prius,2017,Hybrid,Hatchback,Manual,Hybrid,1.8L Hybrid,107629,5,Rawalpindi,2115000
KIA,Sportage,2024,SUV,SUV,Manual,Petrol,2.0L,15037,5,Rawalpindi,6930000
Suzuki,Mehran,2014,Economy,Hatchback,Automatic,Petrol,800cc,148363,4,Quetta,335000
Honda,Civic,2023,Sedan,Sedan,Manual,Petrol,1.5L Turbo,50645,5,Quetta,5155000
Suzuki,Wagon R,2022,Hatchback,Hatchback,Manual,Petrol,1.0L,55401,5,Karachi,1605000
Suzuki,Alto,2023,Economy,Hatchback,Automatic,Petrol,1.0L,28414,4,Multan,1815000
Suzuki,Bolan,2010,Economy,Van,Automatic,Petrol,800cc,150414,8,Karachi,385000
Toyota,Yaris,2026,Sedan,Sedan,Manual,Petrol,1.5L,0,5,Karachi,5390000
Toyota,Corolla,2015,Sedan,Sedan,Manual,Petrol,1.6L,134009,5,Quetta,1515000
Toyota,Hilux,2014,Pickup,Pickup,Automatic,Diesel,2.8L,135577,5,Faisalabad,2215000
Toyota,Land Cruiser,2019,Luxury,SUV,Manual,Petrol,3.5L,73113,7,Rawalpindi,12945000
Suzuki,Bolan,2019,Economy,Van,Automatic,Petrol,800cc,64132,8,Quetta,970000
Toyota,Yaris,2024,Sedan,Sedan,Automatic,Petrol,1.5L,22641,5,Multan,3585000
Toyota,Yaris,2023,Sedan,Sedan,Manual,Petrol,1.5L,34590,5,Karachi,3775000
Daihatsu,Mira,2024,Economy,Hatchback,Automatic,Petrol,660cc,22475,4,Lahore,2330000
Suzuki,Alto,2022,Economy,Hatchback,Automatic,Petrol,660cc,39409,4,Faisalabad,1550000
Suzuki,Swift,2026,Hatchback,Hatchback,Automatic,Petrol,1.3L,15534,5,Quetta,3860000
Suzuki,APV,2011,Van,Van,Manual,Petrol,1.5L,186645,8,Multan,740000
Suzuki,Cultus,2017,Hatchback,Hatchback,Automatic,Petrol,1.0L,115670,5,Lahore,1175000
Suzuki,Mehran,2019,Economy,Hatchback,Automatic,Petrol,800cc,101409,4,Rawalpindi,640000
Toyota,Corolla,2011,Sedan,Sedan,Manual,Petrol,1.8L,173732,5,Islamabad,970000
Suzuki,Swift,2025,Hatchback,Hatchback,Manual,Petrol,1.3L,7077,5,Multan,3605000
Toyota,Land Cruiser,2014,Luxury,SUV,Automatic,Petrol,3.5L,183256,7,Multan,7655000
Honda,Civic,2013,Sedan,Sedan,Manual,Petrol,1.5L Turbo,108604,5,Peshawar,1655000
Toyota,Corolla,2020,Sedan,Sedan,Automatic,Petrol,1.6L,59606,5,Karachi,3165000
Honda,BR-V,2019,Family,SUV,Manual,Petrol,1.5L,88769,7,Islamabad,2750000
Toyota,Prius,2014,Hybrid,Hatchback,Manual,Hybrid,1.8L Hybrid,168033,5,Karachi,1455000
Honda,City,2024,Sedan,Sedan,Manual,Petrol,1.5L,10121,5,Rawalpindi,4120000
Honda,Vezel,2015,Hybrid,SUV,Automatic,Hybrid,1.5L Hybrid,113450,5,Rawalpindi,2200000
Honda,City,2024,Sedan,Sedan,Automatic,Petrol,1.2L,32745,5,Peshawar,3890000
Suzuki,Bolan,2005,Economy,Van,Automatic,Petrol,800cc,311883,8,Faisalabad,340000
Toyota,Prius,2015,Hybrid,Hatchback,Manual,Hybrid,1.8L Hybrid,116176,5,Peshawar,1635000
Suzuki,Mehran,2012,Economy,Hatchback,Manual,Petrol,800cc,150048,4,Rawalpindi,265000
Suzuki,Cultus,2010,Hatchback,Hatchback,Manual,Petrol,1.0L,208039,5,Rawalpindi,460000
Honda,Civic,2019,Sedan,Sedan,Automatic,Petrol,1.8L,68870,5,Karachi,4360000
Toyota,Fortuner,2013,SUV,SUV,Manual,Diesel,2.7L,146772,7,Multan,2505000
Toyota,Yaris,2021,Sedan,Sedan,Automatic,Petrol,1.3L,77768,5,Karachi,2870000
Suzuki,Cultus,2011,Hatchback,Hatchback,Manual,Petrol,1.0L,214027,5,Rawalpindi,480000
Honda,City,2016,Sedan,Sedan,Automatic,Petrol,1.2L,122530,5,Faisalabad,1480000
Toyota,Yaris,2020,Sedan,Sedan,Automatic,Petrol,1.5L,84563,5,Quetta,2375000
Suzuki,Swift,2013,Hatchback,Hatchback,Manual,Petrol,1.3L,168191,5,Islamabad,700000
Toyota,Land Cruiser,2018,Luxury,SUV,Automatic,Petrol,4.6L,108308,7,Peshawar,13575000
Toyota,Fortuner,2020,SUV,SUV,Automatic,Diesel,2.8L,74924,7,Rawalpindi,8170000
Suzuki,Swift,2010,Hatchback,Hatchback,Automatic,Petrol,1.3L,206194,5,Rawalpindi,695000
Suzuki,Mehran,2016,Economy,Hatchback,Automatic,Petrol,800cc,141483,4,Rawalpindi,445000
Honda,BR-V,2025,Family,SUV,Manual,Petrol,1.5L,736,7,Rawalpindi,5700000
Honda,Vezel,2024,Hybrid,SUV,Automatic,Hybrid,1.5L Hybrid,24035,5,Multan,6685000
Suzuki,APV,2008,Van,Van,Automatic,Petrol,1.5L,241866,8,Rawalpindi,750000
Suzuki,Wagon R,2017,Hatchback,Hatchback,Automatic,Petrol,1.0L,94100,5,Rawalpindi,965000
Honda,Vezel,2022,Hybrid,SUV,Automatic,Hybrid,1.5L Hybrid,42719,5,Islamabad,5800000
Hyundai,Tucson,2024,SUV,SUV,Automatic,Petrol,2.0L,24779,5,Lahore,8070000
Hyundai,Tucson,2024,SUV,SUV,Manual,Petrol,2.0L,28341,5,Lahore,7215000
KIA,Sportage,2019,SUV,SUV,Automatic,Petrol,2.0L,79462,5,Islamabad,3850000
Toyota,Land Cruiser,2023,Luxury,SUV,Automatic,Petrol,3.5L,31063,7,Rawalpindi,29855000
Hyundai,Tucson,2026,SUV,SUV,Automatic,Petrol,2.0L,0,5,Islamabad,9950000
Suzuki,Bolan,2018,Economy,Van,Automatic,Petrol,800cc,87049,8,Peshawar,830000
Suzuki,Alto,2012,Economy,Hatchback,Manual,Petrol,1.0L,190785,4,Peshawar,360000
Honda,City,2020,Sedan,Sedan,Automatic,Petrol,1.2L,81159,5,Multan,2645000
Honda,Vezel,2022,Hybrid,SUV,Automatic,Hybrid,1.5L Hybrid,38738,5,Faisalabad,5665000
Suzuki,Bolan,2012,Economy,Van,Manual,Petrol,800cc,185025,8,Islamabad,385000
Suzuki,Wagon R,2021,Hatchback,Hatchback,Automatic,Petrol,1.0L,71036,5,Faisalabad,1430000
Daihatsu,Mira,2021,Economy,Hatchback,Automatic,Petrol,660cc,71501,4,Karachi,1590000
Suzuki,Wagon R,2025,Hatchback,Hatchback,Automatic,Petrol,1.0L,0,5,Faisalabad,3240000
Toyota,Corolla,2016,Sedan,Sedan,Manual,Petrol,1.8L,124623,5,Rawalpindi,1785000
Toyota,Yaris,2023,Sedan,Sedan,Manual,Petrol,1.3L,51634,5,Islamabad,3275000
Toyota,Corolla,2011,Sedan,Sedan,Manual,Petrol,1.3L,179111,5,Lahore,985000
Toyota,Prius,2026,Hybrid,Hatchback,Manual,Hybrid,1.8L Hybrid,0,5,Peshawar,6480000
Suzuki,APV,2026,Van,Van,Manual,Petrol,1.5L,0,8,Rawalpindi,4875000
Daihatsu,Mira,2018,Economy,Hatchback,Automatic,Petrol,660cc,102377,4,Islamabad,980000
Suzuki,Mehran,2025,Economy,Hatchback,Manual,Petrol,800cc,7734,4,Faisalabad,1390000
Honda,BR-V,2023,Family,SUV,Automatic,Petrol,1.5L,39764,7,Lahore,5100000
Honda,City,2014,Sedan,Sedan,Automatic,Petrol,1.2L,148361,5,Faisalabad,1245000
Suzuki,APV,2022,Van,Van,Automatic,Petrol,1.5L,40565,8,Faisalabad,2880000
Toyota,Fortuner,2025,SUV,SUV,Automatic,Diesel,2.7L,6200,7,Islamabad,15140000
Toyota,Prius,2026,Hybrid,Hatchback,Manual,Hybrid,1.8L Hybrid,3123,5,Peshawar,6680000
Suzuki,Cultus,2013,Hatchback,Hatchback,Automatic,Petrol,1.0L,186874,5,Islamabad,625000
Toyota,Land Cruiser,2016,Luxury,SUV,Automatic,Petrol,4.6L,122105,7,Rawalpindi,9760000
